sequence_number,batch,analysis_id,kit_id,lab_id,project,sequence_type,sequence_version,kneaddata_fastq,stat_csv,metaphlan_file,pathway_abun,ec_abun,genes_abun,ko_abun,raw_data_forward,raw_data_reverse
AML-AMD0027200803,BATCH3,,AMDJ-K99V-7MSU,AMD0027,AMD,SHOTGUN,v3,s3://amili-global-archive/SHOTGUN/v3/batch_3/AML-AMD0027200803/kneaddata/AML-AMD0027200803.fastq,s3://amili-global-archive/SHOTGUN/v3/batch_3/AML-AMD0027200803/kneaddata/AML-AMD0027200803_stat.tsv,s3://amili-global-archive/SHOTGUN/v3/batch_3/AML-AMD0027200803/metaphlan/AML-AMD0027200803_metaphlan.tsv,s3://amili-global-archive/SHOTGUN/v3/batch_3/AML-AMD0027200803/humann/AML-AMD0027200803_pathabundance.tsv,s3://amili-global-archive/SHOTGUN/v3/batch_3/AML-AMD0027200803/humann/AML-AMD0027200803_reaction_ec.tsv,s3://amili-global-archive/SHOTGUN/v3/batch_3/AML-AMD0027200803/humann/AML-AMD0027200803_genefamilies.tsv,s3://amili-global-archive/SHOTGUN/v3/batch_3/AML-AMD0027200803/humann/AML-AMD0027200803_reaction_ko.tsv,s3://amili-analysis-lab/Illumina/Input/Batch3-80Samples/raw/AML-AMD0027200803_1.fastq.gz,s3://amili-analysis-lab/Illumina/Input/Batch3-80Samples/raw/AML-AMD0027200803_2.fastq.gz
AML-AMD0166201105,BATCH4-RUN1,,AMDJ-GG9Q-EC4X,AMD0166,AMD,SHOTGUN,v3,s3://amili-global-archive/SHOTGUN/v3/Batch4.1-40Samples/AML-AMD0166201105/kneaddata/AML-AMD0166201105.fastq,s3://amili-global-archive/SHOTGUN/v3/Batch4.1-40Samples/AML-AMD0166201105/kneaddata/AML-AMD0166201105_stat.tsv,s3://amili-global-archive/SHOTGUN/v3/Batch4.1-40Samples/AML-AMD0166201105/metaphlan/AML-AMD0166201105_metaphlan.tsv,s3://amili-global-archive/SHOTGUN/v3/Batch4.1-40Samples/AML-AMD0166201105/humann/AML-AMD0166201105_pathabundance.tsv,s3://amili-global-archive/SHOTGUN/v3/Batch4.1-40Samples/AML-AMD0166201105/humann/AML-AMD0166201105_reaction_ec.tsv,s3://amili-global-archive/SHOTGUN/v3/Batch4.1-40Samples/AML-AMD0166201105/humann/AML-AMD0166201105_genefamilies.tsv,s3://amili-global-archive/SHOTGUN/v3/Batch4.1-40Samples/AML-AMD0166201105/humann/AML-AMD0166201105_reaction_ko.tsv,s3://amili-analysis-lab/Illumina/Input/Batch4.1-40Samples/raw/AML-AMD0166201105_1.fastq.gz,s3://amili-analysis-lab/Illumina/Input/Batch4.1-40Samples/raw/AML-AMD0166201105_2.fastq.gz
AML-AMD0166201105,BATCH4-RUN1,,AMDJ-GG9Q-EC4X,AMD0166,AMD,SHOTGUN,v3,s3://amili-global-archive/SHOTGUN/v3/batch_4/AML-AMD0166201105/kneaddata/AML-AMD0166201105.fastq,s3://amili-global-archive/SHOTGUN/v3/batch_4/AML-AMD0166201105/kneaddata/AML-AMD0166201105_stat.tsv,s3://amili-global-archive/SHOTGUN/v3/batch_4/AML-AMD0166201105/metaphlan/AML-AMD0166201105_metaphlan.tsv,,,,,s3://amili-analysis-lab/Illumina/Input/Batch4.1-40Samples/raw/AML-AMD0166201105_1.fastq.gz,s3://amili-analysis-lab/Illumina/Input/Batch4.1-40Samples/raw/AML-AMD0166201105_2.fastq.gz
AMD0005Q,BATCH2,,AMDJ-AMX5-S7XK,AMD0005,AMD,SHOTGUN,v3,s3://amili-global-archive/SHOTGUN/v3/nobatch/AMD0005q/kneaddata/decompressed_r65s_p1v_AMD0005q.R2.fastq,s3://amili-global-archive/SHOTGUN/v3/nobatch/AMD0005q/kneaddata/AMD0005q_stat.tsv,s3://amili-global-archive/SHOTGUN/v3/nobatch/AMD0005q/metaphlan/AMD0005q_metaphlan.tsv,s3://amili-global-archive/SHOTGUN/v3/nobatch/AMD0005q/humann/AMD0005q_pathabundance.tsv,s3://amili-global-archive/SHOTGUN/v3/nobatch/AMD0005q/humann/AMD0005q_reaction_ec.tsv,s3://amili-global-archive/SHOTGUN/v3/nobatch/AMD0005q/humann/AMD0005q_genefamilies.tsv,s3://amili-global-archive/SHOTGUN/v3/nobatch/AMD0005q/humann/AMD0005q_reaction_ko.tsv,s3://amili-analysis-lab/Illumina/nobatch/AMD0005q_1.fastq.gz,s3://amili-analysis-lab/Illumina/nobatch/AMD0005q_2.fastq.gz
AMD0005Q,BATCH2,,AMDJ-AMX5-S7XK,AMD0005,AMD,SHOTGUN,v3,s3://amili-global-archive/SHOTGUN/v3/batch_2/AMD0005q_S24/kneaddata/AMD0005q_S24.fastq,s3://amili-global-archive/SHOTGUN/v3/batch_2/AMD0005q_S24/kneaddata/AMD0005q_S24_stat.tsv,s3://amili-global-archive/SHOTGUN/v3/batch_2/AMD0005q_S24/metaphlan/AMD0005q_S24_metaphlan.tsv,s3://amili-global-archive/SHOTGUN/v3/batch_2/AMD0005q_S24/humann/AMD0005q_S24_pathabundance.tsv,s3://amili-global-archive/SHOTGUN/v3/batch_2/AMD0005q_S24/humann/AMD0005q_S24_reaction_ec.tsv,s3://amili-global-archive/SHOTGUN/v3/batch_2/AMD0005q_S24/humann/AMD0005q_S24_genefamilies.tsv,s3://amili-global-archive/SHOTGUN/v3/batch_2/AMD0005q_S24/humann/AMD0005q_S24_reaction_ko.tsv,s3://amili-analysis-lab/Illumina/nobatch/AMD0005q_1.fastq.gz,s3://amili-analysis-lab/Illumina/nobatch/AMD0005q_2.fastq.gz
AMD0005Q,BATCH2,,AMDJ-AMX5-S7XK,AMD0005,AMD,SHOTGUN,v3,,,,,,,,s3://amili-analysis-lab/Illumina/nobatch/AMD0005q_1.fastq.gz,s3://amili-analysis-lab/Illumina/nobatch/AMD0005q_2.fastq.gz
AML-AMD0061200803,BATCH3,,AMDJ-4QX6-A4GT,AMD0061,AMD,SHOTGUN,v3,s3://amili-global-archive/SHOTGUN/v3/nobatch/AML-AMD0061200803/kneaddata/AML-AMD0061200803.fastq,s3://amili-global-archive/SHOTGUN/v3/nobatch/AML-AMD0061200803/kneaddata/AML-AMD0061200803_stat.tsv,s3://amili-global-archive/SHOTGUN/v3/nobatch/AML-AMD0061200803/metaphlan/AML-AMD0061200803_metaphlan.tsv,,,,,s3://amili-analysis-lab/Illumina/Input/Batch3-80Samples/raw/AML-AMD0061200803_1.fastq.gz,s3://amili-analysis-lab/Illumina/Input/Batch3-80Samples/raw/AML-AMD0061200803_2.fastq.gz
AML-AMD0170201105,BATCH4-RUN1,,AMDJ-GCBN-H9FN,AMD0170,AMD,SHOTGUN,v3,s3://amili-global-archive/SHOTGUN/v3/batch_4/AML-AMD0170201105/kneaddata/AML-AMD0170201105.fastq,s3://amili-global-archive/SHOTGUN/v3/batch_4/AML-AMD0170201105/kneaddata/AML-AMD0170201105_stat.tsv,s3://amili-global-archive/SHOTGUN/v3/batch_4/AML-AMD0170201105/metaphlan/AML-AMD0170201105_metaphlan.tsv,,,,,s3://amili-analysis-lab/Illumina/Input/Batch4.1-40Samples/raw/AML-AMD0170201105_1.fastq.gz,s3://amili-analysis-lab/Illumina/Input/Batch4.1-40Samples/raw/AML-AMD0170201105_2.fastq.gz
AMD0023Q,BATCH2,,AMDJ-PEA9-6NRF,AMD0023,AMD,SHOTGUN,v3,s3://amili-global-archive/SHOTGUN/v3/batch_2/AMD0023q_S36/kneaddata/AMD0023q_S36.fastq,s3://amili-global-archive/SHOTGUN/v3/batch_2/AMD0023q_S36/kneaddata/AMD0023q_S36_stat.tsv,s3://amili-global-archive/SHOTGUN/v3/batch_2/AMD0023q_S36/metaphlan/AMD0023q_S36_metaphlan.tsv,s3://amili-global-archive/SHOTGUN/v3/batch_2/AMD0023q_S36/humann/AMD0023q_S36_pathabundance.tsv,s3://amili-global-archive/SHOTGUN/v3/batch_2/AMD0023q_S36/humann/AMD0023q_S36_reaction_ec.tsv,s3://amili-global-archive/SHOTGUN/v3/batch_2/AMD0023q_S36/humann/AMD0023q_S36_genefamilies.tsv,s3://amili-global-archive/SHOTGUN/v3/batch_2/AMD0023q_S36/humann/AMD0023q_S36_reaction_ko.tsv,,
AMD0020Q,BATCH2,,AMDJ-PA76-2CCU,AMD0020,AMD,SHOTGUN,v3,s3://amili-global-archive/SHOTGUN/v3/batch_2/AMD0020q_S34/kneaddata/AMD0020q_S34.fastq,s3://amili-global-archive/SHOTGUN/v3/batch_2/AMD0020q_S34/kneaddata/AMD0020q_S34_stat.tsv,s3://amili-global-archive/SHOTGUN/v3/batch_2/AMD0020q_S34/metaphlan/AMD0020q_S34_metaphlan.tsv,s3://amili-global-archive/SHOTGUN/v3/batch_2/AMD0020q_S34/humann/AMD0020q_S34_pathabundance.tsv,s3://amili-global-archive/SHOTGUN/v3/batch_2/AMD0020q_S34/humann/AMD0020q_S34_reaction_ec.tsv,s3://amili-global-archive/SHOTGUN/v3/batch_2/AMD0020q_S34/humann/AMD0020q_S34_genefamilies.tsv,s3://amili-global-archive/SHOTGUN/v3/batch_2/AMD0020q_S34/humann/AMD0020q_S34_reaction_ko.tsv,,
AML-AMD0019200803,BATCH3,,AMDJ-APPB-FDZK,AMD0019,AMD,SHOTGUN,v3,s3://amili-global-archive/SHOTGUN/v3/batch3-80Samples/AML-AMD0019200803/kneaddata/AML-AMD0019200803.fastq,s3://amili-global-archive/SHOTGUN/v3/batch3-80Samples/AML-AMD0019200803/kneaddata/AML-AMD0019200803_stat.tsv,s3://amili-global-archive/SHOTGUN/v3/batch3-80Samples/AML-AMD0019200803/metaphlan/AML-AMD0019200803_metaphlan.tsv,s3://amili-global-archive/SHOTGUN/v3/batch3-80Samples/AML-AMD0019200803/humann/AML-AMD0019200803_pathabundance.tsv,s3://amili-global-archive/SHOTGUN/v3/batch3-80Samples/AML-AMD0019200803/humann/AML-AMD0019200803_reaction_ec.tsv,s3://amili-global-archive/SHOTGUN/v3/batch3-80Samples/AML-AMD0019200803/humann/AML-AMD0019200803_genefamilies.tsv,s3://amili-global-archive/SHOTGUN/v3/batch3-80Samples/AML-AMD0019200803/humann/AML-AMD0019200803_reaction_ko.tsv,s3://amili-analysis-lab/Illumina/Input/Batch3-80Samples/raw/AML-AMD0019200803_1.fastq.gz,s3://amili-analysis-lab/Illumina/Input/Batch3-80Samples/raw/AML-AMD0019200803_2.fastq.gz
AML-AMD0019200803,BATCH3,,AMDJ-APPB-FDZK,AMD0019,AMD,SHOTGUN,v3,s3://amili-global-archive/SHOTGUN/v3/batch_3/AML-AMD0019200803/kneaddata/AML-AMD0019200803.fastq,s3://amili-global-archive/SHOTGUN/v3/batch_3/AML-AMD0019200803/kneaddata/AML-AMD0019200803_stat.tsv,s3://amili-global-archive/SHOTGUN/v3/batch_3/AML-AMD0019200803/metaphlan/AML-AMD0019200803_metaphlan.tsv,s3://amili-global-archive/SHOTGUN/v3/batch_3/AML-AMD0019200803/humann/AML-AMD0019200803_pathabundance.tsv,s3://amili-global-archive/SHOTGUN/v3/batch_3/AML-AMD0019200803/humann/AML-AMD0019200803_reaction_ec.tsv,s3://amili-global-archive/SHOTGUN/v3/batch_3/AML-AMD0019200803/humann/AML-AMD0019200803_genefamilies.tsv,s3://amili-global-archive/SHOTGUN/v3/batch_3/AML-AMD0019200803/humann/AML-AMD0019200803_reaction_ko.tsv,s3://amili-analysis-lab/Illumina/Input/Batch3-80Samples/raw/AML-AMD0019200803_1.fastq.gz,s3://amili-analysis-lab/Illumina/Input/Batch3-80Samples/raw/AML-AMD0019200803_2.fastq.gz
AML-AMD0022200803,BATCH3,,AMDJ-J27Y-8PJH,AMD0022,AMD,SHOTGUN,v3,s3://amili-global-archive/SHOTGUN/v3/batch_3/AML-AMD0022200803/kneaddata/AML-AMD0022200803.fastq,s3://amili-global-archive/SHOTGUN/v3/batch_3/AML-AMD0022200803/kneaddata/AML-AMD0022200803_stat.tsv,s3://amili-global-archive/SHOTGUN/v3/batch_3/AML-AMD0022200803/metaphlan/AML-AMD0022200803_metaphlan.tsv,s3://amili-global-archive/SHOTGUN/v3/batch_3/AML-AMD0022200803/humann/AML-AMD0022200803_pathabundance.tsv,s3://amili-global-archive/SHOTGUN/v3/batch_3/AML-AMD0022200803/humann/AML-AMD0022200803_reaction_ec.tsv,s3://amili-global-archive/SHOTGUN/v3/batch_3/AML-AMD0022200803/humann/AML-AMD0022200803_genefamilies.tsv,s3://amili-global-archive/SHOTGUN/v3/batch_3/AML-AMD0022200803/humann/AML-AMD0022200803_reaction_ko.tsv,s3://amili-analysis-lab/Illumina/Input/Batch3-80Samples/raw/AML-AMD0022200803_1.fastq.gz,s3://amili-analysis-lab/Illumina/Input/Batch3-80Samples/raw/AML-AMD0022200803_2.fastq.gz
AML-AMD0023200803,BATCH3,,AMDJ-PEA9-6NRF,AMD0023,AMD,SHOTGUN,v3,s3://amili-global-archive/SHOTGUN/v3/batch_3/AML-AMD0023200803/kneaddata/AML-AMD0023200803.fastq,s3://amili-global-archive/SHOTGUN/v3/batch_3/AML-AMD0023200803/kneaddata/AML-AMD0023200803_stat.tsv,s3://amili-global-archive/SHOTGUN/v3/batch_3/AML-AMD0023200803/metaphlan/AML-AMD0023200803_metaphlan.tsv,s3://amili-global-archive/SHOTGUN/v3/batch_3/AML-AMD0023200803/humann/AML-AMD0023200803_pathabundance.tsv,s3://amili-global-archive/SHOTGUN/v3/batch_3/AML-AMD0023200803/humann/AML-AMD0023200803_reaction_ec.tsv,s3://amili-global-archive/SHOTGUN/v3/batch_3/AML-AMD0023200803/humann/AML-AMD0023200803_genefamilies.tsv,s3://amili-global-archive/SHOTGUN/v3/batch_3/AML-AMD0023200803/humann/AML-AMD0023200803_reaction_ko.tsv,s3://amili-analysis-lab/Illumina/Input/Batch3-80Samples/raw/AML-AMD0023200803_1.fastq.gz,s3://amili-analysis-lab/Illumina/Input/Batch3-80Samples/raw/AML-AMD0023200803_2.fastq.gz
AML-AMD0028200803,BATCH3,,AMDJ-T9HV-CCKD,AMD0028,AMD,SHOTGUN,v3,s3://amili-global-archive/SHOTGUN/v3/Batch3/AML-AMD0028200803/kneaddata/AML-AMD0028200803.fastq,s3://amili-global-archive/SHOTGUN/v3/Batch3/AML-AMD0028200803/kneaddata/AML-AMD0028200803_stat.tsv,s3://amili-global-archive/SHOTGUN/v3/Batch3/AML-AMD0028200803/metaphlan/AML-AMD0028200803_metaphlan.tsv,s3://amili-global-archive/SHOTGUN/v3/Batch3/AML-AMD0028200803/humann/AML-AMD0028200803_pathabundance.tsv,s3://amili-global-archive/SHOTGUN/v3/Batch3/AML-AMD0028200803/humann/AML-AMD0028200803_reaction_ec.tsv,s3://amili-global-archive/SHOTGUN/v3/Batch3/AML-AMD0028200803/humann/AML-AMD0028200803_genefamilies.tsv,s3://amili-global-archive/SHOTGUN/v3/Batch3/AML-AMD0028200803/humann/AML-AMD0028200803_reaction_ko.tsv,s3://amili-analysis-lab/Illumina/Input/Batch3-80Samples/raw/AML-AMD0028200803_1.fastq.gz,s3://amili-analysis-lab/Illumina/Input/Batch3-80Samples/raw/AML-AMD0028200803_2.fastq.gz
AML-AMD0028200803,BATCH3,,AMDJ-T9HV-CCKD,AMD0028,AMD,SHOTGUN,v3,s3://amili-global-archive/SHOTGUN/v3/batch_3/AML-AMD0028200803/kneaddata/AML-AMD0028200803.fastq,s3://amili-global-archive/SHOTGUN/v3/batch_3/AML-AMD0028200803/kneaddata/AML-AMD0028200803_stat.tsv,s3://amili-global-archive/SHOTGUN/v3/batch_3/AML-AMD0028200803/metaphlan/AML-AMD0028200803_metaphlan.tsv,s3://amili-global-archive/SHOTGUN/v3/batch_3/AML-AMD0028200803/humann/AML-AMD0028200803_pathabundance.tsv,s3://amili-global-archive/SHOTGUN/v3/batch_3/AML-AMD0028200803/humann/AML-AMD0028200803_reaction_ec.tsv,s3://amili-global-archive/SHOTGUN/v3/batch_3/AML-AMD0028200803/humann/AML-AMD0028200803_genefamilies.tsv,s3://amili-global-archive/SHOTGUN/v3/batch_3/AML-AMD0028200803/humann/AML-AMD0028200803_reaction_ko.tsv,s3://amili-analysis-lab/Illumina/Input/Batch3-80Samples/raw/AML-AMD0028200803_1.fastq.gz,s3://amili-analysis-lab/Illumina/Input/Batch3-80Samples/raw/AML-AMD0028200803_2.fastq.gz
AML-AMD0029200803,BATCH3,,AMDJ-U9K3-6QEX,AMD0029,AMD,SHOTGUN,v3,s3://amili-global-archive/SHOTGUN/v3/batch_3/AML-AMD0029200803/kneaddata/AML-AMD0029200803.fastq,s3://amili-global-archive/SHOTGUN/v3/batch_3/AML-AMD0029200803/kneaddata/AML-AMD0029200803_stat.tsv,s3://amili-global-archive/SHOTGUN/v3/batch_3/AML-AMD0029200803/metaphlan/AML-AMD0029200803_metaphlan.tsv,s3://amili-global-archive/SHOTGUN/v3/batch_3/AML-AMD0029200803/humann/AML-AMD0029200803_pathabundance.tsv,s3://amili-global-archive/SHOTGUN/v3/batch_3/AML-AMD0029200803/humann/AML-AMD0029200803_reaction_ec.tsv,s3://amili-global-archive/SHOTGUN/v3/batch_3/AML-AMD0029200803/humann/AML-AMD0029200803_genefamilies.tsv,s3://amili-global-archive/SHOTGUN/v3/batch_3/AML-AMD0029200803/humann/AML-AMD0029200803_reaction_ko.tsv,s3://amili-analysis-lab/Illumina/Input/Batch3-80Samples/raw/AML-AMD0029200803_1.fastq.gz,s3://amili-analysis-lab/Illumina/Input/Batch3-80Samples/raw/AML-AMD0029200803_2.fastq.gz
AML-AMD0033200803,BATCH3,,AMDJ-5HDD-QDD5,AMD0033,AMD,SHOTGUN,v3,s3://amili-global-archive/SHOTGUN/v3/batch_3/AML-AMD0033200803/kneaddata/AML-AMD0033200803.fastq,s3://amili-global-archive/SHOTGUN/v3/batch_3/AML-AMD0033200803/kneaddata/AML-AMD0033200803_stat.tsv,s3://amili-global-archive/SHOTGUN/v3/batch_3/AML-AMD0033200803/metaphlan/AML-AMD0033200803_metaphlan.tsv,s3://amili-global-archive/SHOTGUN/v3/batch_3/AML-AMD0033200803/humann/AML-AMD0033200803_pathabundance.tsv,s3://amili-global-archive/SHOTGUN/v3/batch_3/AML-AMD0033200803/humann/AML-AMD0033200803_reaction_ec.tsv,s3://amili-global-archive/SHOTGUN/v3/batch_3/AML-AMD0033200803/humann/AML-AMD0033200803_genefamilies.tsv,s3://amili-global-archive/SHOTGUN/v3/batch_3/AML-AMD0033200803/humann/AML-AMD0033200803_reaction_ko.tsv,s3://amili-analysis-lab/Illumina/Input/Batch3-80Samples/raw/AML-AMD0033200803_1.fastq.gz,s3://amili-analysis-lab/Illumina/Input/Batch3-80Samples/raw/AML-AMD0033200803_2.fastq.gz
AML-AMD0035200803,BATCH3,,AMDJ-UYDK-357M,AMD0035,AMD,SHOTGUN,v3,s3://amili-global-archive/SHOTGUN/v3/batch_3/AML-AMD0035200803/kneaddata/AML-AMD0035200803.fastq,s3://amili-global-archive/SHOTGUN/v3/batch_3/AML-AMD0035200803/kneaddata/AML-AMD0035200803_stat.tsv,s3://amili-global-archive/SHOTGUN/v3/batch_3/AML-AMD0035200803/metaphlan/AML-AMD0035200803_metaphlan.tsv,s3://amili-global-archive/SHOTGUN/v3/batch_3/AML-AMD0035200803/humann/AML-AMD0035200803_pathabundance.tsv,s3://amili-global-archive/SHOTGUN/v3/batch_3/AML-AMD0035200803/humann/AML-AMD0035200803_reaction_ec.tsv,s3://amili-global-archive/SHOTGUN/v3/batch_3/AML-AMD0035200803/humann/AML-AMD0035200803_genefamilies.tsv,s3://amili-global-archive/SHOTGUN/v3/batch_3/AML-AMD0035200803/humann/AML-AMD0035200803_reaction_ko.tsv,s3://amili-analysis-lab/Illumina/Input/Batch3-80Samples/raw/AML-AMD0035200803_1.fastq.gz,s3://amili-analysis-lab/Illumina/Input/Batch3-80Samples/raw/AML-AMD0035200803_2.fastq.gz
AML-AMD0042200803,BATCH3,,AMDJ-N2ZR-PXFX,AMD0042,AMD,SHOTGUN,v3,s3://amili-global-archive/SHOTGUN/v3/batch_3/AML-AMD0042200803/kneaddata/AML-AMD0042200803.fastq,s3://amili-global-archive/SHOTGUN/v3/batch_3/AML-AMD0042200803/kneaddata/AML-AMD0042200803_stat.tsv,s3://amili-global-archive/SHOTGUN/v3/batch_3/AML-AMD0042200803/metaphlan/AML-AMD0042200803_metaphlan.tsv,s3://amili-global-archive/SHOTGUN/v3/batch_3/AML-AMD0042200803/humann/AML-AMD0042200803_pathabundance.tsv,s3://amili-global-archive/SHOTGUN/v3/batch_3/AML-AMD0042200803/humann/AML-AMD0042200803_reaction_ec.tsv,s3://amili-global-archive/SHOTGUN/v3/batch_3/AML-AMD0042200803/humann/AML-AMD0042200803_genefamilies.tsv,s3://amili-global-archive/SHOTGUN/v3/batch_3/AML-AMD0042200803/humann/AML-AMD0042200803_reaction_ko.tsv,s3://amili-analysis-lab/Illumina/Input/Batch3-80Samples/raw/AML-AMD0042200803_1.fastq.gz,s3://amili-analysis-lab/Illumina/Input/Batch3-80Samples/raw/AML-AMD0042200803_2.fastq.gz
AML-AMD0045200803,BATCH3,,AMDJ-M3DV-UAR2,AMD0045,AMD,SHOTGUN,v3,s3://amili-global-archive/SHOTGUN/v3/batch_3/AML-AMD0045200803/kneaddata/AML-AMD0045200803.fastq,s3://amili-global-archive/SHOTGUN/v3/batch_3/AML-AMD0045200803/kneaddata/AML-AMD0045200803_stat.tsv,s3://amili-global-archive/SHOTGUN/v3/batch_3/AML-AMD0045200803/metaphlan/AML-AMD0045200803_metaphlan.tsv,s3://amili-global-archive/SHOTGUN/v3/batch_3/AML-AMD0045200803/humann/AML-AMD0045200803_pathabundance.tsv,s3://amili-global-archive/SHOTGUN/v3/batch_3/AML-AMD0045200803/humann/AML-AMD0045200803_reaction_ec.tsv,s3://amili-global-archive/SHOTGUN/v3/batch_3/AML-AMD0045200803/humann/AML-AMD0045200803_genefamilies.tsv,s3://amili-global-archive/SHOTGUN/v3/batch_3/AML-AMD0045200803/humann/AML-AMD0045200803_reaction_ko.tsv,s3://amili-analysis-lab/Illumina/Input/Batch3-80Samples/raw/AML-AMD0045200803_1.fastq.gz,s3://amili-analysis-lab/Illumina/Input/Batch3-80Samples/raw/AML-AMD0045200803_2.fastq.gz
AML-AMD0046200803,BATCH3,,AMDJ-2HDA-5J29,AMD0046,AMD,SHOTGUN,v3,s3://amili-global-archive/SHOTGUN/v3/batch_3/AML-AMD0046200803/kneaddata/AML-AMD0046200803.fastq,s3://amili-global-archive/SHOTGUN/v3/batch_3/AML-AMD0046200803/kneaddata/AML-AMD0046200803_stat.tsv,s3://amili-global-archive/SHOTGUN/v3/batch_3/AML-AMD0046200803/metaphlan/AML-AMD0046200803_metaphlan.tsv,s3://amili-global-archive/SHOTGUN/v3/batch_3/AML-AMD0046200803/humann/AML-AMD0046200803_pathabundance.tsv,s3://amili-global-archive/SHOTGUN/v3/batch_3/AML-AMD0046200803/humann/AML-AMD0046200803_reaction_ec.tsv,s3://amili-global-archive/SHOTGUN/v3/batch_3/AML-AMD0046200803/humann/AML-AMD0046200803_genefamilies.tsv,s3://amili-global-archive/SHOTGUN/v3/batch_3/AML-AMD0046200803/humann/AML-AMD0046200803_reaction_ko.tsv,s3://amili-analysis-lab/Illumina/Input/Batch3-80Samples/raw/AML-AMD0046200803_1.fastq.gz,s3://amili-analysis-lab/Illumina/Input/Batch3-80Samples/raw/AML-AMD0046200803_2.fastq.gz
AML-AMD0048200803,BATCH3,,AMDJ-9AAQ-ZJHG,AMD0048,AMD,SHOTGUN,v3,s3://amili-global-archive/SHOTGUN/v3/batch_3/AML-AMD0048200803/kneaddata/AML-AMD0048200803.fastq,s3://amili-global-archive/SHOTGUN/v3/batch_3/AML-AMD0048200803/kneaddata/AML-AMD0048200803_stat.tsv,s3://amili-global-archive/SHOTGUN/v3/batch_3/AML-AMD0048200803/metaphlan/AML-AMD0048200803_metaphlan.tsv,s3://amili-global-archive/SHOTGUN/v3/batch_3/AML-AMD0048200803/humann/AML-AMD0048200803_pathabundance.tsv,s3://amili-global-archive/SHOTGUN/v3/batch_3/AML-AMD0048200803/humann/AML-AMD0048200803_reaction_ec.tsv,s3://amili-global-archive/SHOTGUN/v3/batch_3/AML-AMD0048200803/humann/AML-AMD0048200803_genefamilies.tsv,s3://amili-global-archive/SHOTGUN/v3/batch_3/AML-AMD0048200803/humann/AML-AMD0048200803_reaction_ko.tsv,s3://amili-analysis-lab/Illumina/Input/Batch3-80Samples/raw/AML-AMD0048200803_1.fastq.gz,s3://amili-analysis-lab/Illumina/Input/Batch3-80Samples/raw/AML-AMD0048200803_2.fastq.gz
AML-AMD0052200803,BATCH3,,AMDJ-C8FH-H4QT,AMD0052,AMD,SHOTGUN,v3,s3://amili-global-archive/SHOTGUN/v3/batch_3/AML-AMD0052200803/kneaddata/AML-AMD0052200803.fastq,s3://amili-global-archive/SHOTGUN/v3/batch_3/AML-AMD0052200803/kneaddata/AML-AMD0052200803_stat.tsv,s3://amili-global-archive/SHOTGUN/v3/batch_3/AML-AMD0052200803/metaphlan/AML-AMD0052200803_metaphlan.tsv,s3://amili-global-archive/SHOTGUN/v3/batch_3/AML-AMD0052200803/humann/AML-AMD0052200803_pathabundance.tsv,s3://amili-global-archive/SHOTGUN/v3/batch_3/AML-AMD0052200803/humann/AML-AMD0052200803_reaction_ec.tsv,s3://amili-global-archive/SHOTGUN/v3/batch_3/AML-AMD0052200803/humann/AML-AMD0052200803_genefamilies.tsv,s3://amili-global-archive/SHOTGUN/v3/batch_3/AML-AMD0052200803/humann/AML-AMD0052200803_reaction_ko.tsv,s3://amili-analysis-lab/Illumina/Input/Batch3-80Samples/raw/AML-AMD0052200803_1.fastq.gz,s3://amili-analysis-lab/Illumina/Input/Batch3-80Samples/raw/AML-AMD0052200803_2.fastq.gz
AML-AMD0055200803,BATCH3,,AMDJ-2KSQ-QM5D,AMD0055,AMD,SHOTGUN,v3,s3://amili-global-archive/SHOTGUN/v3/batch_3/AML-AMD0055200803/kneaddata/AML-AMD0055200803.fastq,s3://amili-global-archive/SHOTGUN/v3/batch_3/AML-AMD0055200803/kneaddata/AML-AMD0055200803_stat.tsv,s3://amili-global-archive/SHOTGUN/v3/batch_3/AML-AMD0055200803/metaphlan/AML-AMD0055200803_metaphlan.tsv,s3://amili-global-archive/SHOTGUN/v3/batch_3/AML-AMD0055200803/humann/AML-AMD0055200803_pathabundance.tsv,s3://amili-global-archive/SHOTGUN/v3/batch_3/AML-AMD0055200803/humann/AML-AMD0055200803_reaction_ec.tsv,s3://amili-global-archive/SHOTGUN/v3/batch_3/AML-AMD0055200803/humann/AML-AMD0055200803_genefamilies.tsv,s3://amili-global-archive/SHOTGUN/v3/batch_3/AML-AMD0055200803/humann/AML-AMD0055200803_reaction_ko.tsv,s3://amili-analysis-lab/Illumina/Input/Batch3-80Samples/raw/AML-AMD0055200803_1.fastq.gz,s3://amili-analysis-lab/Illumina/Input/Batch3-80Samples/raw/AML-AMD0055200803_2.fastq.gz
AML-AMD0056200803,BATCH3,,AMDJ-VBGV-YB3E,AMD0056,AMD,SHOTGUN,v3,s3://amili-global-archive/SHOTGUN/v3/batch_3/AML-AMD0056200803/kneaddata/AML-AMD0056200803.fastq,s3://amili-global-archive/SHOTGUN/v3/batch_3/AML-AMD0056200803/kneaddata/AML-AMD0056200803_stat.tsv,s3://amili-global-archive/SHOTGUN/v3/batch_3/AML-AMD0056200803/metaphlan/AML-AMD0056200803_metaphlan.tsv,s3://amili-global-archive/SHOTGUN/v3/batch_3/AML-AMD0056200803/humann/AML-AMD0056200803_pathabundance.tsv,s3://amili-global-archive/SHOTGUN/v3/batch_3/AML-AMD0056200803/humann/AML-AMD0056200803_reaction_ec.tsv,s3://amili-global-archive/SHOTGUN/v3/batch_3/AML-AMD0056200803/humann/AML-AMD0056200803_genefamilies.tsv,s3://amili-global-archive/SHOTGUN/v3/batch_3/AML-AMD0056200803/humann/AML-AMD0056200803_reaction_ko.tsv,s3://amili-analysis-lab/Illumina/Input/Batch3-80Samples/raw/AML-AMD0056200803_1.fastq.gz,s3://amili-analysis-lab/Illumina/Input/Batch3-80Samples/raw/AML-AMD0056200803_2.fastq.gz
AML-AMD0058200803,BATCH3,,AMDJ-5U9X-3VAV,AMD0058,AMD,SHOTGUN,v3,s3://amili-global-archive/SHOTGUN/v3/batch_3/AML-AMD0058200803/kneaddata/AML-AMD0058200803.fastq,s3://amili-global-archive/SHOTGUN/v3/batch_3/AML-AMD0058200803/kneaddata/AML-AMD0058200803_stat.tsv,s3://amili-global-archive/SHOTGUN/v3/batch_3/AML-AMD0058200803/metaphlan/AML-AMD0058200803_metaphlan.tsv,s3://amili-global-archive/SHOTGUN/v3/batch_3/AML-AMD0058200803/humann/AML-AMD0058200803_pathabundance.tsv,s3://amili-global-archive/SHOTGUN/v3/batch_3/AML-AMD0058200803/humann/AML-AMD0058200803_reaction_ec.tsv,s3://amili-global-archive/SHOTGUN/v3/batch_3/AML-AMD0058200803/humann/AML-AMD0058200803_genefamilies.tsv,s3://amili-global-archive/SHOTGUN/v3/batch_3/AML-AMD0058200803/humann/AML-AMD0058200803_reaction_ko.tsv,s3://amili-analysis-lab/Illumina/Input/Batch3-80Samples/raw/AML-AMD0058200803_1.fastq.gz,s3://amili-analysis-lab/Illumina/Input/Batch3-80Samples/raw/AML-AMD0058200803_2.fastq.gz
AML-AMD0061200803,BATCH3,,AMDJ-4QX6-A4GT,AMD0061,AMD,SHOTGUN,v3,s3://amili-global-archive/SHOTGUN/v3/batch_3/AML-AMD0061200803/kneaddata/AML-AMD0061200803.fastq,s3://amili-global-archive/SHOTGUN/v3/batch_3/AML-AMD0061200803/kneaddata/AML-AMD0061200803_stat.tsv,s3://amili-global-archive/SHOTGUN/v3/batch_3/AML-AMD0061200803/metaphlan/AML-AMD0061200803_metaphlan.tsv,s3://amili-global-archive/SHOTGUN/v3/batch_3/AML-AMD0061200803/humann/AML-AMD0061200803_pathabundance.tsv,s3://amili-global-archive/SHOTGUN/v3/batch_3/AML-AMD0061200803/humann/AML-AMD0061200803_reaction_ec.tsv,s3://amili-global-archive/SHOTGUN/v3/batch_3/AML-AMD0061200803/humann/AML-AMD0061200803_genefamilies.tsv,s3://amili-global-archive/SHOTGUN/v3/batch_3/AML-AMD0061200803/humann/AML-AMD0061200803_reaction_ko.tsv,s3://amili-analysis-lab/Illumina/Input/Batch3-80Samples/raw/AML-AMD0061200803_1.fastq.gz,s3://amili-analysis-lab/Illumina/Input/Batch3-80Samples/raw/AML-AMD0061200803_2.fastq.gz
AML-AMD0064200803,BATCH3,,AMDJ-VAV9-TGQ5,AMD0064,AMD,SHOTGUN,v3,s3://amili-global-archive/SHOTGUN/v3/batch3-80Samples/AML-AMD0064200803/kneaddata/AML-AMD0064200803.fastq,s3://amili-global-archive/SHOTGUN/v3/batch3-80Samples/AML-AMD0064200803/kneaddata/AML-AMD0064200803_stat.tsv,s3://amili-global-archive/SHOTGUN/v3/batch3-80Samples/AML-AMD0064200803/metaphlan/AML-AMD0064200803_metaphlan.tsv,s3://amili-global-archive/SHOTGUN/v3/batch3-80Samples/AML-AMD0064200803/humann/AML-AMD0064200803_pathabundance.tsv,s3://amili-global-archive/SHOTGUN/v3/batch3-80Samples/AML-AMD0064200803/humann/AML-AMD0064200803_reaction_ec.tsv,s3://amili-global-archive/SHOTGUN/v3/batch3-80Samples/AML-AMD0064200803/humann/AML-AMD0064200803_genefamilies.tsv,s3://amili-global-archive/SHOTGUN/v3/batch3-80Samples/AML-AMD0064200803/humann/AML-AMD0064200803_reaction_ko.tsv,s3://amili-analysis-lab/Illumina/Input/Batch3-80Samples/raw/AML-AMD0064200803_1.fastq.gz,s3://amili-analysis-lab/Illumina/Input/Batch3-80Samples/raw/AML-AMD0064200803_2.fastq.gz
AML-AMD0064200803,BATCH3,,AMDJ-VAV9-TGQ5,AMD0064,AMD,SHOTGUN,v3,s3://amili-global-archive/SHOTGUN/v3/batch_3/AML-AMD0064200803/kneaddata/AML-AMD0064200803.fastq,s3://amili-global-archive/SHOTGUN/v3/batch_3/AML-AMD0064200803/kneaddata/AML-AMD0064200803_stat.tsv,s3://amili-global-archive/SHOTGUN/v3/batch_3/AML-AMD0064200803/metaphlan/AML-AMD0064200803_metaphlan.tsv,s3://amili-global-archive/SHOTGUN/v3/batch_3/AML-AMD0064200803/humann/AML-AMD0064200803_pathabundance.tsv,s3://amili-global-archive/SHOTGUN/v3/batch_3/AML-AMD0064200803/humann/AML-AMD0064200803_reaction_ec.tsv,s3://amili-global-archive/SHOTGUN/v3/batch_3/AML-AMD0064200803/humann/AML-AMD0064200803_genefamilies.tsv,s3://amili-global-archive/SHOTGUN/v3/batch_3/AML-AMD0064200803/humann/AML-AMD0064200803_reaction_ko.tsv,s3://amili-analysis-lab/Illumina/Input/Batch3-80Samples/raw/AML-AMD0064200803_1.fastq.gz,s3://amili-analysis-lab/Illumina/Input/Batch3-80Samples/raw/AML-AMD0064200803_2.fastq.gz
AML-AMD0068200803,BATCH3,,AMDJ-HZQX-KATU,AMD0068,AMD,SHOTGUN,v3,s3://amili-global-archive/SHOTGUN/v3/batch3-80Samples/AML-AMD0068200803/kneaddata/AML-AMD0068200803.fastq,s3://amili-global-archive/SHOTGUN/v3/batch3-80Samples/AML-AMD0068200803/kneaddata/AML-AMD0068200803_stat.tsv,s3://amili-global-archive/SHOTGUN/v3/batch3-80Samples/AML-AMD0068200803/metaphlan/AML-AMD0068200803_metaphlan.tsv,s3://amili-global-archive/SHOTGUN/v3/batch3-80Samples/AML-AMD0068200803/humann/AML-AMD0068200803_pathabundance.tsv,s3://amili-global-archive/SHOTGUN/v3/batch3-80Samples/AML-AMD0068200803/humann/AML-AMD0068200803_reaction_ec.tsv,s3://amili-global-archive/SHOTGUN/v3/batch3-80Samples/AML-AMD0068200803/humann/AML-AMD0068200803_genefamilies.tsv,s3://amili-global-archive/SHOTGUN/v3/batch3-80Samples/AML-AMD0068200803/humann/AML-AMD0068200803_reaction_ko.tsv,s3://amili-analysis-lab/Illumina/Input/Batch3-80Samples/raw/AML-AMD0068200803_1.fastq.gz,s3://amili-analysis-lab/Illumina/Input/Batch3-80Samples/raw/AML-AMD0068200803_2.fastq.gz
AML-AMD0068200803,BATCH3,,AMDJ-HZQX-KATU,AMD0068,AMD,SHOTGUN,v3,s3://amili-global-archive/SHOTGUN/v3/batch_3/AML-AMD0068200803/kneaddata/AML-AMD0068200803.fastq,s3://amili-global-archive/SHOTGUN/v3/batch_3/AML-AMD0068200803/kneaddata/AML-AMD0068200803_stat.tsv,s3://amili-global-archive/SHOTGUN/v3/batch_3/AML-AMD0068200803/metaphlan/AML-AMD0068200803_metaphlan.tsv,s3://amili-global-archive/SHOTGUN/v3/batch_3/AML-AMD0068200803/humann/AML-AMD0068200803_pathabundance.tsv,s3://amili-global-archive/SHOTGUN/v3/batch_3/AML-AMD0068200803/humann/AML-AMD0068200803_reaction_ec.tsv,s3://amili-global-archive/SHOTGUN/v3/batch_3/AML-AMD0068200803/humann/AML-AMD0068200803_genefamilies.tsv,s3://amili-global-archive/SHOTGUN/v3/batch_3/AML-AMD0068200803/humann/AML-AMD0068200803_reaction_ko.tsv,s3://amili-analysis-lab/Illumina/Input/Batch3-80Samples/raw/AML-AMD0068200803_1.fastq.gz,s3://amili-analysis-lab/Illumina/Input/Batch3-80Samples/raw/AML-AMD0068200803_2.fastq.gz
AML-AMD0070200803,BATCH3,,AMDJ-S95Q-9WEV,AMD0070,AMD,SHOTGUN,v3,s3://amili-global-archive/SHOTGUN/v3/batch3-80Samples/AML-AMD0070200803/kneaddata/AML-AMD0070200803.fastq,s3://amili-global-archive/SHOTGUN/v3/batch3-80Samples/AML-AMD0070200803/kneaddata/AML-AMD0070200803_stat.tsv,s3://amili-global-archive/SHOTGUN/v3/batch3-80Samples/AML-AMD0070200803/metaphlan/AML-AMD0070200803_metaphlan.tsv,s3://amili-global-archive/SHOTGUN/v3/batch3-80Samples/AML-AMD0070200803/humann/AML-AMD0070200803_pathabundance.tsv,s3://amili-global-archive/SHOTGUN/v3/batch3-80Samples/AML-AMD0070200803/humann/AML-AMD0070200803_reaction_ec.tsv,s3://amili-global-archive/SHOTGUN/v3/batch3-80Samples/AML-AMD0070200803/humann/AML-AMD0070200803_genefamilies.tsv,s3://amili-global-archive/SHOTGUN/v3/batch3-80Samples/AML-AMD0070200803/humann/AML-AMD0070200803_reaction_ko.tsv,s3://amili-analysis-lab/Illumina/Input/Batch3-80Samples/raw/AML-AMD0070200803_1.fastq.gz,s3://amili-analysis-lab/Illumina/Input/Batch3-80Samples/raw/AML-AMD0070200803_2.fastq.gz
AML-AMD0070200803,BATCH3,,AMDJ-S95Q-9WEV,AMD0070,AMD,SHOTGUN,v3,s3://amili-global-archive/SHOTGUN/v3/batch_3/AML-AMD0070200803/kneaddata/AML-AMD0070200803.fastq,s3://amili-global-archive/SHOTGUN/v3/batch_3/AML-AMD0070200803/kneaddata/AML-AMD0070200803_stat.tsv,s3://amili-global-archive/SHOTGUN/v3/batch_3/AML-AMD0070200803/metaphlan/AML-AMD0070200803_metaphlan.tsv,s3://amili-global-archive/SHOTGUN/v3/batch_3/AML-AMD0070200803/humann/AML-AMD0070200803_pathabundance.tsv,s3://amili-global-archive/SHOTGUN/v3/batch_3/AML-AMD0070200803/humann/AML-AMD0070200803_reaction_ec.tsv,s3://amili-global-archive/SHOTGUN/v3/batch_3/AML-AMD0070200803/humann/AML-AMD0070200803_genefamilies.tsv,s3://amili-global-archive/SHOTGUN/v3/batch_3/AML-AMD0070200803/humann/AML-AMD0070200803_reaction_ko.tsv,s3://amili-analysis-lab/Illumina/Input/Batch3-80Samples/raw/AML-AMD0070200803_1.fastq.gz,s3://amili-analysis-lab/Illumina/Input/Batch3-80Samples/raw/AML-AMD0070200803_2.fastq.gz
AML-AMD0072200803,BATCH3,,AMDJ-MEHT-ED9T,AMD0072,AMD,SHOTGUN,v3,s3://amili-global-archive/SHOTGUN/v3/batch3-80Samples/AML-AMD0072200803/kneaddata/AML-AMD0072200803.fastq,s3://amili-global-archive/SHOTGUN/v3/batch3-80Samples/AML-AMD0072200803/kneaddata/AML-AMD0072200803_stat.tsv,s3://amili-global-archive/SHOTGUN/v3/batch3-80Samples/AML-AMD0072200803/metaphlan/AML-AMD0072200803_metaphlan.tsv,s3://amili-global-archive/SHOTGUN/v3/batch3-80Samples/AML-AMD0072200803/humann/AML-AMD0072200803_pathabundance.tsv,s3://amili-global-archive/SHOTGUN/v3/batch3-80Samples/AML-AMD0072200803/humann/AML-AMD0072200803_reaction_ec.tsv,s3://amili-global-archive/SHOTGUN/v3/batch3-80Samples/AML-AMD0072200803/humann/AML-AMD0072200803_genefamilies.tsv,s3://amili-global-archive/SHOTGUN/v3/batch3-80Samples/AML-AMD0072200803/humann/AML-AMD0072200803_reaction_ko.tsv,s3://amili-analysis-lab/Illumina/Input/Batch3-80Samples/raw/AML-AMD0072200803_1.fastq.gz,s3://amili-analysis-lab/Illumina/Input/Batch3-80Samples/raw/AML-AMD0072200803_2.fastq.gz
AML-AMD0072200803,BATCH3,,AMDJ-MEHT-ED9T,AMD0072,AMD,SHOTGUN,v3,s3://amili-global-archive/SHOTGUN/v3/batch_3/AML-AMD0072200803/kneaddata/AML-AMD0072200803.fastq,s3://amili-global-archive/SHOTGUN/v3/batch_3/AML-AMD0072200803/kneaddata/AML-AMD0072200803_stat.tsv,s3://amili-global-archive/SHOTGUN/v3/batch_3/AML-AMD0072200803/metaphlan/AML-AMD0072200803_metaphlan.tsv,s3://amili-global-archive/SHOTGUN/v3/batch_3/AML-AMD0072200803/humann/AML-AMD0072200803_pathabundance.tsv,s3://amili-global-archive/SHOTGUN/v3/batch_3/AML-AMD0072200803/humann/AML-AMD0072200803_reaction_ec.tsv,s3://amili-global-archive/SHOTGUN/v3/batch_3/AML-AMD0072200803/humann/AML-AMD0072200803_genefamilies.tsv,s3://amili-global-archive/SHOTGUN/v3/batch_3/AML-AMD0072200803/humann/AML-AMD0072200803_reaction_ko.tsv,s3://amili-analysis-lab/Illumina/Input/Batch3-80Samples/raw/AML-AMD0072200803_1.fastq.gz,s3://amili-analysis-lab/Illumina/Input/Batch3-80Samples/raw/AML-AMD0072200803_2.fastq.gz
AML-AMD0073200803,BATCH3,,AMDJ-43CM-9YCD,AMD0073,AMD,SHOTGUN,v3,s3://amili-global-archive/SHOTGUN/v3/batch3-80Samples/AML-AMD0073200803/kneaddata/AML-AMD0073200803.fastq,s3://amili-global-archive/SHOTGUN/v3/batch3-80Samples/AML-AMD0073200803/kneaddata/AML-AMD0073200803_stat.tsv,s3://amili-global-archive/SHOTGUN/v3/batch3-80Samples/AML-AMD0073200803/metaphlan/AML-AMD0073200803_metaphlan.tsv,s3://amili-global-archive/SHOTGUN/v3/batch3-80Samples/AML-AMD0073200803/humann/AML-AMD0073200803_pathabundance.tsv,s3://amili-global-archive/SHOTGUN/v3/batch3-80Samples/AML-AMD0073200803/humann/AML-AMD0073200803_reaction_ec.tsv,s3://amili-global-archive/SHOTGUN/v3/batch3-80Samples/AML-AMD0073200803/humann/AML-AMD0073200803_genefamilies.tsv,s3://amili-global-archive/SHOTGUN/v3/batch3-80Samples/AML-AMD0073200803/humann/AML-AMD0073200803_reaction_ko.tsv,s3://amili-analysis-lab/Illumina/Input/Batch3-80Samples/raw/AML-AMD0073200803_1.fastq.gz,s3://amili-analysis-lab/Illumina/Input/Batch3-80Samples/raw/AML-AMD0073200803_2.fastq.gz
AML-AMD0073200803,BATCH3,,AMDJ-43CM-9YCD,AMD0073,AMD,SHOTGUN,v3,s3://amili-global-archive/SHOTGUN/v3/batch_3/AML-AMD0073200803/kneaddata/AML-AMD0073200803.fastq,s3://amili-global-archive/SHOTGUN/v3/batch_3/AML-AMD0073200803/kneaddata/AML-AMD0073200803_stat.tsv,s3://amili-global-archive/SHOTGUN/v3/batch_3/AML-AMD0073200803/metaphlan/AML-AMD0073200803_metaphlan.tsv,s3://amili-global-archive/SHOTGUN/v3/batch_3/AML-AMD0073200803/humann/AML-AMD0073200803_pathabundance.tsv,s3://amili-global-archive/SHOTGUN/v3/batch_3/AML-AMD0073200803/humann/AML-AMD0073200803_reaction_ec.tsv,s3://amili-global-archive/SHOTGUN/v3/batch_3/AML-AMD0073200803/humann/AML-AMD0073200803_genefamilies.tsv,s3://amili-global-archive/SHOTGUN/v3/batch_3/AML-AMD0073200803/humann/AML-AMD0073200803_reaction_ko.tsv,s3://amili-analysis-lab/Illumina/Input/Batch3-80Samples/raw/AML-AMD0073200803_1.fastq.gz,s3://amili-analysis-lab/Illumina/Input/Batch3-80Samples/raw/AML-AMD0073200803_2.fastq.gz
AML-AMD0074200803,BATCH3,,AMDJ-KS8E-SVJT,AMD0074,AMD,SHOTGUN,v3,s3://amili-global-archive/SHOTGUN/v3/batch_3/AML-AMD0074200803/kneaddata/AML-AMD0074200803.fastq,s3://amili-global-archive/SHOTGUN/v3/batch_3/AML-AMD0074200803/kneaddata/AML-AMD0074200803_stat.tsv,s3://amili-global-archive/SHOTGUN/v3/batch_3/AML-AMD0074200803/metaphlan/AML-AMD0074200803_metaphlan.tsv,s3://amili-global-archive/SHOTGUN/v3/batch_3/AML-AMD0074200803/humann/AML-AMD0074200803_pathabundance.tsv,s3://amili-global-archive/SHOTGUN/v3/batch_3/AML-AMD0074200803/humann/AML-AMD0074200803_reaction_ec.tsv,s3://amili-global-archive/SHOTGUN/v3/batch_3/AML-AMD0074200803/humann/AML-AMD0074200803_genefamilies.tsv,s3://amili-global-archive/SHOTGUN/v3/batch_3/AML-AMD0074200803/humann/AML-AMD0074200803_reaction_ko.tsv,s3://amili-analysis-lab/Illumina/Input/Batch3-80Samples/raw/AML-AMD0074200803_1.fastq.gz,s3://amili-analysis-lab/Illumina/Input/Batch3-80Samples/raw/AML-AMD0074200803_2.fastq.gz
AML-AMD0084200803,BATCH3,,AMDJ-A44P-ZYED,AMD0084,AMD,SHOTGUN,v3,s3://amili-global-archive/SHOTGUN/v3/batch_3/AML-AMD0084200803/kneaddata/AML-AMD0084200803.fastq,s3://amili-global-archive/SHOTGUN/v3/batch_3/AML-AMD0084200803/kneaddata/AML-AMD0084200803_stat.tsv,s3://amili-global-archive/SHOTGUN/v3/batch_3/AML-AMD0084200803/metaphlan/AML-AMD0084200803_metaphlan.tsv,s3://amili-global-archive/SHOTGUN/v3/batch_3/AML-AMD0084200803/humann/AML-AMD0084200803_pathabundance.tsv,s3://amili-global-archive/SHOTGUN/v3/batch_3/AML-AMD0084200803/humann/AML-AMD0084200803_reaction_ec.tsv,s3://amili-global-archive/SHOTGUN/v3/batch_3/AML-AMD0084200803/humann/AML-AMD0084200803_genefamilies.tsv,s3://amili-global-archive/SHOTGUN/v3/batch_3/AML-AMD0084200803/humann/AML-AMD0084200803_reaction_ko.tsv,s3://amili-analysis-lab/Illumina/Input/Batch3-80Samples/raw/AML-AMD0084200803_1.fastq.gz,s3://amili-analysis-lab/Illumina/Input/Batch3-80Samples/raw/AML-AMD0084200803_2.fastq.gz
AML-AMD0090200803,BATCH3,,AMDJ-XX93-7JUR,AMD0090,AMD,SHOTGUN,v3,s3://amili-global-archive/SHOTGUN/v3/batch3-80Samples/AML-AMD0090200803/kneaddata/AML-AMD0090200803.fastq,s3://amili-global-archive/SHOTGUN/v3/batch3-80Samples/AML-AMD0090200803/kneaddata/AML-AMD0090200803_stat.tsv,s3://amili-global-archive/SHOTGUN/v3/batch3-80Samples/AML-AMD0090200803/metaphlan/AML-AMD0090200803_metaphlan.tsv,s3://amili-global-archive/SHOTGUN/v3/batch3-80Samples/AML-AMD0090200803/humann/AML-AMD0090200803_pathabundance.tsv,s3://amili-global-archive/SHOTGUN/v3/batch3-80Samples/AML-AMD0090200803/humann/AML-AMD0090200803_reaction_ec.tsv,s3://amili-global-archive/SHOTGUN/v3/batch3-80Samples/AML-AMD0090200803/humann/AML-AMD0090200803_genefamilies.tsv,s3://amili-global-archive/SHOTGUN/v3/batch3-80Samples/AML-AMD0090200803/humann/AML-AMD0090200803_reaction_ko.tsv,s3://amili-analysis-lab/Illumina/Input/Batch3-80Samples/raw/AML-AMD0090200803_1.fastq.gz,s3://amili-analysis-lab/Illumina/Input/Batch3-80Samples/raw/AML-AMD0090200803_2.fastq.gz
AML-AMD0090200803,BATCH3,,AMDJ-XX93-7JUR,AMD0090,AMD,SHOTGUN,v3,s3://amili-global-archive/SHOTGUN/v3/batch_3/AML-AMD0090200803/kneaddata/AML-AMD0090200803.fastq,s3://amili-global-archive/SHOTGUN/v3/batch_3/AML-AMD0090200803/kneaddata/AML-AMD0090200803_stat.tsv,s3://amili-global-archive/SHOTGUN/v3/batch_3/AML-AMD0090200803/metaphlan/AML-AMD0090200803_metaphlan.tsv,s3://amili-global-archive/SHOTGUN/v3/batch_3/AML-AMD0090200803/humann/AML-AMD0090200803_pathabundance.tsv,s3://amili-global-archive/SHOTGUN/v3/batch_3/AML-AMD0090200803/humann/AML-AMD0090200803_reaction_ec.tsv,s3://amili-global-archive/SHOTGUN/v3/batch_3/AML-AMD0090200803/humann/AML-AMD0090200803_genefamilies.tsv,s3://amili-global-archive/SHOTGUN/v3/batch_3/AML-AMD0090200803/humann/AML-AMD0090200803_reaction_ko.tsv,s3://amili-analysis-lab/Illumina/Input/Batch3-80Samples/raw/AML-AMD0090200803_1.fastq.gz,s3://amili-analysis-lab/Illumina/Input/Batch3-80Samples/raw/AML-AMD0090200803_2.fastq.gz
B13AMD0600,BATCH13,,AMDJ-BN87-TT3A,AMD0600,AMD,SHOTGUN,v3,,s3://amili-global-archive/SHOTGUN/v3/batch_5/B13AMD0600/kneaddata/B13AMD0600_stat.tsv,,,,,,s3://amili-analysis-lab/Macrogen/sequencing-data/batch_13-231samples/B13AMD0600_1.fastq.gz,s3://amili-analysis-lab/Macrogen/sequencing-data/batch_13-231samples/B13AMD0600_2.fastq.gz
AML-AMD0104200803,BATCH3,,AMDJ-5NWK-DV8W,AMD0104,AMD,SHOTGUN,v3,s3://amili-global-archive/SHOTGUN/v3/batch_3/AML-AMD0104200803/kneaddata/AML-AMD0104200803.fastq,s3://amili-global-archive/SHOTGUN/v3/batch_3/AML-AMD0104200803/kneaddata/AML-AMD0104200803_stat.tsv,s3://amili-global-archive/SHOTGUN/v3/batch_3/AML-AMD0104200803/metaphlan/AML-AMD0104200803_metaphlan.tsv,s3://amili-global-archive/SHOTGUN/v3/batch_3/AML-AMD0104200803/humann/AML-AMD0104200803_pathabundance.tsv,s3://amili-global-archive/SHOTGUN/v3/batch_3/AML-AMD0104200803/humann/AML-AMD0104200803_reaction_ec.tsv,s3://amili-global-archive/SHOTGUN/v3/batch_3/AML-AMD0104200803/humann/AML-AMD0104200803_genefamilies.tsv,s3://amili-global-archive/SHOTGUN/v3/batch_3/AML-AMD0104200803/humann/AML-AMD0104200803_reaction_ko.tsv,s3://amili-analysis-lab/Illumina/Input/Batch3-80Samples/raw/AML-AMD0104200803_1.fastq.gz,s3://amili-analysis-lab/Illumina/Input/Batch3-80Samples/raw/AML-AMD0104200803_2.fastq.gz
AML-AMD0106200803,BATCH3,,AMDJ-QF6Y-8MH7,AMD0106,AMD,SHOTGUN,v3,s3://amili-global-archive/SHOTGUN/v3/batch_3/AML-AMD0106200803/kneaddata/AML-AMD0106200803.fastq,s3://amili-global-archive/SHOTGUN/v3/batch_3/AML-AMD0106200803/kneaddata/AML-AMD0106200803_stat.tsv,s3://amili-global-archive/SHOTGUN/v3/batch_3/AML-AMD0106200803/metaphlan/AML-AMD0106200803_metaphlan.tsv,s3://amili-global-archive/SHOTGUN/v3/batch_3/AML-AMD0106200803/humann/AML-AMD0106200803_pathabundance.tsv,s3://amili-global-archive/SHOTGUN/v3/batch_3/AML-AMD0106200803/humann/AML-AMD0106200803_reaction_ec.tsv,s3://amili-global-archive/SHOTGUN/v3/batch_3/AML-AMD0106200803/humann/AML-AMD0106200803_genefamilies.tsv,s3://amili-global-archive/SHOTGUN/v3/batch_3/AML-AMD0106200803/humann/AML-AMD0106200803_reaction_ko.tsv,s3://amili-analysis-lab/Illumina/Input/Batch3-80Samples/raw/AML-AMD0106200803_1.fastq.gz,s3://amili-analysis-lab/Illumina/Input/Batch3-80Samples/raw/AML-AMD0106200803_2.fastq.gz
AML-AMD0107200803,BATCH3,,AMDJ-CZVK-AUTZ,AMD0107,AMD,SHOTGUN,v3,s3://amili-global-archive/SHOTGUN/v3/batch3-80Samples/AML-AMD0107200803/kneaddata/AML-AMD0107200803.fastq,s3://amili-global-archive/SHOTGUN/v3/batch3-80Samples/AML-AMD0107200803/kneaddata/AML-AMD0107200803_stat.tsv,s3://amili-global-archive/SHOTGUN/v3/batch3-80Samples/AML-AMD0107200803/metaphlan/AML-AMD0107200803_metaphlan.tsv,s3://amili-global-archive/SHOTGUN/v3/batch3-80Samples/AML-AMD0107200803/humann/AML-AMD0107200803_pathabundance.tsv,s3://amili-global-archive/SHOTGUN/v3/batch3-80Samples/AML-AMD0107200803/humann/AML-AMD0107200803_reaction_ec.tsv,s3://amili-global-archive/SHOTGUN/v3/batch3-80Samples/AML-AMD0107200803/humann/AML-AMD0107200803_genefamilies.tsv,s3://amili-global-archive/SHOTGUN/v3/batch3-80Samples/AML-AMD0107200803/humann/AML-AMD0107200803_reaction_ko.tsv,s3://amili-analysis-lab/Illumina/Input/Batch3-80Samples/raw/AML-AMD0107200803_1.fastq.gz,s3://amili-analysis-lab/Illumina/Input/Batch3-80Samples/raw/AML-AMD0107200803_2.fastq.gz
AML-AMD0107200803,BATCH3,,AMDJ-CZVK-AUTZ,AMD0107,AMD,SHOTGUN,v3,s3://amili-global-archive/SHOTGUN/v3/batch_3/AML-AMD0107200803/kneaddata/AML-AMD0107200803.fastq,s3://amili-global-archive/SHOTGUN/v3/batch_3/AML-AMD0107200803/kneaddata/AML-AMD0107200803_stat.tsv,s3://amili-global-archive/SHOTGUN/v3/batch_3/AML-AMD0107200803/metaphlan/AML-AMD0107200803_metaphlan.tsv,s3://amili-global-archive/SHOTGUN/v3/batch_3/AML-AMD0107200803/humann/AML-AMD0107200803_pathabundance.tsv,s3://amili-global-archive/SHOTGUN/v3/batch_3/AML-AMD0107200803/humann/AML-AMD0107200803_reaction_ec.tsv,s3://amili-global-archive/SHOTGUN/v3/batch_3/AML-AMD0107200803/humann/AML-AMD0107200803_genefamilies.tsv,s3://amili-global-archive/SHOTGUN/v3/batch_3/AML-AMD0107200803/humann/AML-AMD0107200803_reaction_ko.tsv,s3://amili-analysis-lab/Illumina/Input/Batch3-80Samples/raw/AML-AMD0107200803_1.fastq.gz,s3://amili-analysis-lab/Illumina/Input/Batch3-80Samples/raw/AML-AMD0107200803_2.fastq.gz
AML-AMD0108200803,BATCH3,,AMDJ-5YXB-HW3U,AMD0108,AMD,SHOTGUN,v3,s3://amili-global-archive/SHOTGUN/v3/batch_3/AML-AMD0108200803/kneaddata/AML-AMD0108200803.fastq,s3://amili-global-archive/SHOTGUN/v3/batch_3/AML-AMD0108200803/kneaddata/AML-AMD0108200803_stat.tsv,s3://amili-global-archive/SHOTGUN/v3/batch_3/AML-AMD0108200803/metaphlan/AML-AMD0108200803_metaphlan.tsv,s3://amili-global-archive/SHOTGUN/v3/batch_3/AML-AMD0108200803/humann/AML-AMD0108200803_pathabundance.tsv,s3://amili-global-archive/SHOTGUN/v3/batch_3/AML-AMD0108200803/humann/AML-AMD0108200803_reaction_ec.tsv,s3://amili-global-archive/SHOTGUN/v3/batch_3/AML-AMD0108200803/humann/AML-AMD0108200803_genefamilies.tsv,s3://amili-global-archive/SHOTGUN/v3/batch_3/AML-AMD0108200803/humann/AML-AMD0108200803_reaction_ko.tsv,s3://amili-analysis-lab/Illumina/Input/Batch3-80Samples/raw/AML-AMD0108200803_1.fastq.gz,s3://amili-analysis-lab/Illumina/Input/Batch3-80Samples/raw/AML-AMD0108200803_2.fastq.gz
AML-AMD0020201105,BATCH4-RUN1,,AMDJ-PA76-2CCU,AMD0020,AMD,SHOTGUN,v3,s3://amili-global-archive/SHOTGUN/v3/Batch4.1/AML-AMD0020201105/kneaddata/AML-AMD0020201105.fastq,s3://amili-global-archive/SHOTGUN/v3/Batch4.1/AML-AMD0020201105/kneaddata/AML-AMD0020201105_stat.tsv,s3://amili-global-archive/SHOTGUN/v3/Batch4.1/AML-AMD0020201105/metaphlan/AML-AMD0020201105_metaphlan.tsv,s3://amili-global-archive/SHOTGUN/v3/Batch4.1/AML-AMD0020201105/humann/AML-AMD0020201105_pathabundance.tsv,s3://amili-global-archive/SHOTGUN/v3/Batch4.1/AML-AMD0020201105/humann/AML-AMD0020201105_reaction_ec.tsv,s3://amili-global-archive/SHOTGUN/v3/Batch4.1/AML-AMD0020201105/humann/AML-AMD0020201105_genefamilies.tsv,s3://amili-global-archive/SHOTGUN/v3/Batch4.1/AML-AMD0020201105/humann/AML-AMD0020201105_reaction_ko.tsv,s3://amili-analysis-lab/Illumina/Input/Batch4.1-40Samples/raw/AML-AMD0020201105_1.fastq.gz,s3://amili-analysis-lab/Illumina/Input/Batch4.1-40Samples/raw/AML-AMD0020201105_2.fastq.gz
AML-AMD0020201105,BATCH4-RUN1,,AMDJ-PA76-2CCU,AMD0020,AMD,SHOTGUN,v3,s3://amili-global-archive/SHOTGUN/v3/batch_4/AML-AMD0020201105/kneaddata/AML-AMD0020201105.fastq,s3://amili-global-archive/SHOTGUN/v3/batch_4/AML-AMD0020201105/kneaddata/AML-AMD0020201105_stat.tsv,s3://amili-global-archive/SHOTGUN/v3/batch_4/AML-AMD0020201105/metaphlan/AML-AMD0020201105_metaphlan.tsv,,,,,s3://amili-analysis-lab/Illumina/Input/Batch4.1-40Samples/raw/AML-AMD0020201105_1.fastq.gz,s3://amili-analysis-lab/Illumina/Input/Batch4.1-40Samples/raw/AML-AMD0020201105_2.fastq.gz
AML-AMD0036201105,BATCH4-RUN1,,AMDJ-3Z8D-HXWX,AMD0036,AMD,SHOTGUN,v3,s3://amili-global-archive/SHOTGUN/v3/batch_4/AML-AMD0036201105/kneaddata/AML-AMD0036201105.fastq,s3://amili-global-archive/SHOTGUN/v3/batch_4/AML-AMD0036201105/kneaddata/AML-AMD0036201105_stat.tsv,s3://amili-global-archive/SHOTGUN/v3/batch_4/AML-AMD0036201105/metaphlan/AML-AMD0036201105_metaphlan.tsv,s3://amili-global-archive/SHOTGUN/v3/batch_4/AML-AMD0036201105/humann/AML-AMD0036201105_pathabundance.tsv,s3://amili-global-archive/SHOTGUN/v3/batch_4/AML-AMD0036201105/humann/AML-AMD0036201105_reaction_ec.tsv,s3://amili-global-archive/SHOTGUN/v3/batch_4/AML-AMD0036201105/humann/AML-AMD0036201105_genefamilies.tsv,s3://amili-global-archive/SHOTGUN/v3/batch_4/AML-AMD0036201105/humann/AML-AMD0036201105_reaction_ko.tsv,s3://amili-analysis-lab/Illumina/Input/Batch4.1-40Samples/raw/AML-AMD0036201105_1.fastq.gz,s3://amili-analysis-lab/Illumina/Input/Batch4.1-40Samples/raw/AML-AMD0036201105_2.fastq.gz
AML-AMD0100201105,BATCH4-RUN1,,AMDJ-KM5W-2FJY,AMD0100,AMD,SHOTGUN,v3,s3://amili-global-archive/SHOTGUN/v3/Batch4.1-40Samples/AML-AMD0100201105/kneaddata/AML-AMD0100201105.fastq,s3://amili-global-archive/SHOTGUN/v3/Batch4.1-40Samples/AML-AMD0100201105/kneaddata/AML-AMD0100201105_stat.tsv,s3://amili-global-archive/SHOTGUN/v3/Batch4.1-40Samples/AML-AMD0100201105/metaphlan/AML-AMD0100201105_metaphlan.tsv,s3://amili-global-archive/SHOTGUN/v3/Batch4.1-40Samples/AML-AMD0100201105/humann/AML-AMD0100201105_pathabundance.tsv,s3://amili-global-archive/SHOTGUN/v3/Batch4.1-40Samples/AML-AMD0100201105/humann/AML-AMD0100201105_reaction_ec.tsv,s3://amili-global-archive/SHOTGUN/v3/Batch4.1-40Samples/AML-AMD0100201105/humann/AML-AMD0100201105_genefamilies.tsv,s3://amili-global-archive/SHOTGUN/v3/Batch4.1-40Samples/AML-AMD0100201105/humann/AML-AMD0100201105_reaction_ko.tsv,s3://amili-analysis-lab/Illumina/Input/Batch4.1-40Samples/raw/AML-AMD0100201105_1.fastq.gz,s3://amili-analysis-lab/Illumina/Input/Batch4.1-40Samples/raw/AML-AMD0100201105_2.fastq.gz
AML-AMD0100201105,BATCH4-RUN1,,AMDJ-KM5W-2FJY,AMD0100,AMD,SHOTGUN,v3,s3://amili-global-archive/SHOTGUN/v3/batch_4/AML-AMD0100201105/kneaddata/AML-AMD0100201105.fastq,s3://amili-global-archive/SHOTGUN/v3/batch_4/AML-AMD0100201105/kneaddata/AML-AMD0100201105_stat.tsv,s3://amili-global-archive/SHOTGUN/v3/batch_4/AML-AMD0100201105/metaphlan/AML-AMD0100201105_metaphlan.tsv,,,,,s3://amili-analysis-lab/Illumina/Input/Batch4.1-40Samples/raw/AML-AMD0100201105_1.fastq.gz,s3://amili-analysis-lab/Illumina/Input/Batch4.1-40Samples/raw/AML-AMD0100201105_2.fastq.gz
AML-AMD0115201105,BATCH4-RUN1,,AMDJ-7VVP-ZYA6,AMD0115,AMD,SHOTGUN,v3,s3://amili-global-archive/SHOTGUN/v3/batch_4/AML-AMD0115201105/kneaddata/AML-AMD0115201105.fastq,s3://amili-global-archive/SHOTGUN/v3/batch_4/AML-AMD0115201105/kneaddata/AML-AMD0115201105_stat.tsv,s3://amili-global-archive/SHOTGUN/v3/batch_4/AML-AMD0115201105/metaphlan/AML-AMD0115201105_metaphlan.tsv,s3://amili-global-archive/SHOTGUN/v3/batch_4/AML-AMD0115201105/humann/AML-AMD0115201105_pathabundance.tsv,s3://amili-global-archive/SHOTGUN/v3/batch_4/AML-AMD0115201105/humann/AML-AMD0115201105_reaction_ec.tsv,s3://amili-global-archive/SHOTGUN/v3/batch_4/AML-AMD0115201105/humann/AML-AMD0115201105_genefamilies.tsv,s3://amili-global-archive/SHOTGUN/v3/batch_4/AML-AMD0115201105/humann/AML-AMD0115201105_reaction_ko.tsv,s3://amili-analysis-lab/Illumina/Input/Batch4.1-40Samples/raw/AML-AMD0115201105_1.fastq.gz,s3://amili-analysis-lab/Illumina/Input/Batch4.1-40Samples/raw/AML-AMD0115201105_2.fastq.gz
AML-AMD0158201105,BATCH4-RUN1,,AMDJ-WCDJ-B93A,AMD0158,AMD,SHOTGUN,v3,s3://amili-global-archive/SHOTGUN/v3/batch_4/AML-AMD0158201105/kneaddata/AML-AMD0158201105.fastq,s3://amili-global-archive/SHOTGUN/v3/batch_4/AML-AMD0158201105/kneaddata/AML-AMD0158201105_stat.tsv,s3://amili-global-archive/SHOTGUN/v3/batch_4/AML-AMD0158201105/metaphlan/AML-AMD0158201105_metaphlan.tsv,,,,,s3://amili-analysis-lab/Illumina/Input/Batch4.1-40Samples/raw/AML-AMD0158201105_1.fastq.gz,s3://amili-analysis-lab/Illumina/Input/Batch4.1-40Samples/raw/AML-AMD0158201105_2.fastq.gz
AML-AMD0165201105,BATCH4-RUN1,,AMDJ-9X4F-65ZX,AMD0165,AMD,SHOTGUN,v3,s3://amili-global-archive/SHOTGUN/v3/batch_4/AML-AMD0165201105/kneaddata/AML-AMD0165201105.fastq,s3://amili-global-archive/SHOTGUN/v3/batch_4/AML-AMD0165201105/kneaddata/AML-AMD0165201105_stat.tsv,s3://amili-global-archive/SHOTGUN/v3/batch_4/AML-AMD0165201105/metaphlan/AML-AMD0165201105_metaphlan.tsv,s3://amili-global-archive/SHOTGUN/v3/batch_4/AML-AMD0165201105/humann/AML-AMD0165201105_pathabundance.tsv,s3://amili-global-archive/SHOTGUN/v3/batch_4/AML-AMD0165201105/humann/AML-AMD0165201105_reaction_ec.tsv,s3://amili-global-archive/SHOTGUN/v3/batch_4/AML-AMD0165201105/humann/AML-AMD0165201105_genefamilies.tsv,s3://amili-global-archive/SHOTGUN/v3/batch_4/AML-AMD0165201105/humann/AML-AMD0165201105_reaction_ko.tsv,s3://amili-analysis-lab/Illumina/Input/Batch4.1-40Samples/raw/AML-AMD0165201105_1.fastq.gz,s3://amili-analysis-lab/Illumina/Input/Batch4.1-40Samples/raw/AML-AMD0165201105_2.fastq.gz
AMD0030Q,BATCH2,,AMDJ-KKQ9-VERA,AMD0030,AMD,SHOTGUN,v3,s3://amili-global-archive/SHOTGUN/v3/batch_2/AMD0030q_S41/kneaddata/AMD0030q_S41.fastq,s3://amili-global-archive/SHOTGUN/v3/batch_2/AMD0030q_S41/kneaddata/AMD0030q_S41_stat.tsv,s3://amili-global-archive/SHOTGUN/v3/batch_2/AMD0030q_S41/metaphlan/AMD0030q_S41_metaphlan.tsv,s3://amili-global-archive/SHOTGUN/v3/batch_2/AMD0030q_S41/humann/AMD0030q_S41_pathabundance.tsv,s3://amili-global-archive/SHOTGUN/v3/batch_2/AMD0030q_S41/humann/AMD0030q_S41_reaction_ec.tsv,s3://amili-global-archive/SHOTGUN/v3/batch_2/AMD0030q_S41/humann/AMD0030q_S41_genefamilies.tsv,s3://amili-global-archive/SHOTGUN/v3/batch_2/AMD0030q_S41/humann/AMD0030q_S41_reaction_ko.tsv,s3://amili-analysis-lab/Illumina/nobatch/AMD0030q_1.fastq.gz,s3://amili-analysis-lab/Illumina/nobatch/AMD0030q_2.fastq.gz
AMD0030Q,BATCH2,,AMDJ-KKQ9-VERA,AMD0030,AMD,SHOTGUN,v3,,,,,,,,s3://amili-analysis-lab/Illumina/nobatch/AMD0030q_1.fastq.gz,s3://amili-analysis-lab/Illumina/nobatch/AMD0030q_2.fastq.gz
AMD0030Q,BATCH2,,AMDJ-KKQ9-VERA,AMD0030,AMD,SHOTGUN,v3,s3://amili-global-archive/SHOTGUN/v3/nobatch/AMD0030q/kneaddata/AMD0030q.fastq,s3://amili-global-archive/SHOTGUN/v3/nobatch/AMD0030q/kneaddata/AMD0030q_stat.tsv,s3://amili-global-archive/SHOTGUN/v3/nobatch/AMD0030q/metaphlan/AMD0030q_metaphlan.tsv,s3://amili-global-archive/SHOTGUN/v3/nobatch/AMD0030q/humann/AMD0030q_pathabundance.tsv,s3://amili-global-archive/SHOTGUN/v3/nobatch/AMD0030q/humann/AMD0030q_reaction_ec.tsv,s3://amili-global-archive/SHOTGUN/v3/nobatch/AMD0030q/humann/AMD0030q_genefamilies.tsv,s3://amili-global-archive/SHOTGUN/v3/nobatch/AMD0030q/humann/AMD0030q_reaction_ko.tsv,s3://amili-analysis-lab/Illumina/nobatch/AMD0030q_1.fastq.gz,s3://amili-analysis-lab/Illumina/nobatch/AMD0030q_2.fastq.gz
B050AMD1257,MGG2_50,YF4DHYTK4FKUPAPQ,E2YU-WAHA-2SWV,AMD1257,AMD,SHOTGUN,v3,s3://amili-global-archive/SHOTGUN/v3/Batch_MGG2_50/B050AMD1257/kneaddata/B050AMD1257.fastq,s3://amili-global-archive/SHOTGUN/v3/Batch_MGG2_50/B050AMD1257/kneaddata/B050AMD1257_stat.tsv,s3://amili-global-archive/SHOTGUN/v3/Batch_MGG2_50/B050AMD1257/metaphlan/B050AMD1257_metaphlan.tsv,s3://amili-global-archive/SHOTGUN/v3/Batch_MGG2_50/B050AMD1257/humann/B050AMD1257_pathabundance.tsv,s3://amili-global-archive/SHOTGUN/v3/Batch_MGG2_50/B050AMD1257/humann/B050AMD1257_reaction_ec.tsv,s3://amili-global-archive/SHOTGUN/v3/Batch_MGG2_50/B050AMD1257/humann/B050AMD1257_genefamilies.tsv,s3://amili-global-archive/SHOTGUN/v3/Batch_MGG2_50/B050AMD1257/humann/B050AMD1257_reaction_ko.tsv,s3://amili-analysis-lab/Macrogen/Batch_MGG2_50-40samples/B050AMD1257_1.fastq.gz,s3://amili-analysis-lab/Macrogen/Batch_MGG2_50-40samples/B050AMD1257_2.fastq.gz
B050AMD1261,MGG2_50,WVBPFWMX7GKNXP6C,XCSG-XPHW-FH7H,AMD1261,AMD,SHOTGUN,v3,s3://amili-global-archive/SHOTGUN/v3/Batch_MGG2_50/B050AMD1261/kneaddata/B050AMD1261.fastq,s3://amili-global-archive/SHOTGUN/v3/Batch_MGG2_50/B050AMD1261/kneaddata/B050AMD1261_stat.tsv,s3://amili-global-archive/SHOTGUN/v3/Batch_MGG2_50/B050AMD1261/metaphlan/B050AMD1261_metaphlan.tsv,s3://amili-global-archive/SHOTGUN/v3/Batch_MGG2_50/B050AMD1261/humann/B050AMD1261_pathabundance.tsv,s3://amili-global-archive/SHOTGUN/v3/Batch_MGG2_50/B050AMD1261/humann/B050AMD1261_reaction_ec.tsv,s3://amili-global-archive/SHOTGUN/v3/Batch_MGG2_50/B050AMD1261/humann/B050AMD1261_genefamilies.tsv,s3://amili-global-archive/SHOTGUN/v3/Batch_MGG2_50/B050AMD1261/humann/B050AMD1261_reaction_ko.tsv,s3://amili-analysis-lab/Macrogen/Batch_MGG2_50-40samples/B050AMD1261_1.fastq.gz,s3://amili-analysis-lab/Macrogen/Batch_MGG2_50-40samples/B050AMD1261_2.fastq.gz
B050AMD1262,MGG2_50,HQTTJEDN6UYTCZ5Q,X8M9-M99R-W9VE,AMD1262,AMD,SHOTGUN,v3,s3://amili-global-archive/SHOTGUN/v3/Batch_MGG2_50/B050AMD1262/kneaddata/B050AMD1262.fastq,s3://amili-global-archive/SHOTGUN/v3/Batch_MGG2_50/B050AMD1262/kneaddata/B050AMD1262_stat.tsv,s3://amili-global-archive/SHOTGUN/v3/Batch_MGG2_50/B050AMD1262/metaphlan/B050AMD1262_metaphlan.tsv,s3://amili-global-archive/SHOTGUN/v3/Batch_MGG2_50/B050AMD1262/humann/B050AMD1262_pathabundance.tsv,s3://amili-global-archive/SHOTGUN/v3/Batch_MGG2_50/B050AMD1262/humann/B050AMD1262_reaction_ec.tsv,s3://amili-global-archive/SHOTGUN/v3/Batch_MGG2_50/B050AMD1262/humann/B050AMD1262_genefamilies.tsv,s3://amili-global-archive/SHOTGUN/v3/Batch_MGG2_50/B050AMD1262/humann/B050AMD1262_reaction_ko.tsv,s3://amili-analysis-lab/Macrogen/Batch_MGG2_50-40samples/B050AMD1262_1.fastq.gz,s3://amili-analysis-lab/Macrogen/Batch_MGG2_50-40samples/B050AMD1262_2.fastq.gz
B050AMD1264,MGG2_50,BNJGH7W5DZM7FGNA,9TZG-B3YR-5FPX,AMD1264,AMD,SHOTGUN,v3,s3://amili-global-archive/SHOTGUN/v3/Batch_MGG2_50/B050AMD1264/kneaddata/B050AMD1264.fastq,s3://amili-global-archive/SHOTGUN/v3/Batch_MGG2_50/B050AMD1264/kneaddata/B050AMD1264_stat.tsv,s3://amili-global-archive/SHOTGUN/v3/Batch_MGG2_50/B050AMD1264/metaphlan/B050AMD1264_metaphlan.tsv,s3://amili-global-archive/SHOTGUN/v3/Batch_MGG2_50/B050AMD1264/humann/B050AMD1264_pathabundance.tsv,s3://amili-global-archive/SHOTGUN/v3/Batch_MGG2_50/B050AMD1264/humann/B050AMD1264_reaction_ec.tsv,s3://amili-global-archive/SHOTGUN/v3/Batch_MGG2_50/B050AMD1264/humann/B050AMD1264_genefamilies.tsv,s3://amili-global-archive/SHOTGUN/v3/Batch_MGG2_50/B050AMD1264/humann/B050AMD1264_reaction_ko.tsv,s3://amili-analysis-lab/Macrogen/Batch_MGG2_50-40samples/B050AMD1264_1.fastq.gz,s3://amili-analysis-lab/Macrogen/Batch_MGG2_50-40samples/B050AMD1264_2.fastq.gz
B050AMD1265,MGG2_50,ZRUDCQY6NSRS7HZN,VZNS-D6ZP-WF6Y,AMD1265,AMD,SHOTGUN,v3,s3://amili-global-archive/SHOTGUN/v3/Batch_MGG2_50/B050AMD1265/kneaddata/B050AMD1265.fastq,s3://amili-global-archive/SHOTGUN/v3/Batch_MGG2_50/B050AMD1265/kneaddata/B050AMD1265_stat.tsv,s3://amili-global-archive/SHOTGUN/v3/Batch_MGG2_50/B050AMD1265/metaphlan/B050AMD1265_metaphlan.tsv,s3://amili-global-archive/SHOTGUN/v3/Batch_MGG2_50/B050AMD1265/humann/B050AMD1265_pathabundance.tsv,s3://amili-global-archive/SHOTGUN/v3/Batch_MGG2_50/B050AMD1265/humann/B050AMD1265_reaction_ec.tsv,s3://amili-global-archive/SHOTGUN/v3/Batch_MGG2_50/B050AMD1265/humann/B050AMD1265_genefamilies.tsv,s3://amili-global-archive/SHOTGUN/v3/Batch_MGG2_50/B050AMD1265/humann/B050AMD1265_reaction_ko.tsv,s3://amili-analysis-lab/Macrogen/Batch_MGG2_50-40samples/B050AMD1265_1.fastq.gz,s3://amili-analysis-lab/Macrogen/Batch_MGG2_50-40samples/B050AMD1265_2.fastq.gz
B050AMD1268,MGG2_50,N8A4QNW83RB7GTVH,K7YR-DRMT-D5S5,AMD1268,AMD,SHOTGUN,v3,s3://amili-global-archive/SHOTGUN/v3/Batch_MGG2_50/B050AMD1268/kneaddata/B050AMD1268.fastq,s3://amili-global-archive/SHOTGUN/v3/Batch_MGG2_50/B050AMD1268/kneaddata/B050AMD1268_stat.tsv,s3://amili-global-archive/SHOTGUN/v3/Batch_MGG2_50/B050AMD1268/metaphlan/B050AMD1268_metaphlan.tsv,s3://amili-global-archive/SHOTGUN/v3/Batch_MGG2_50/B050AMD1268/humann/B050AMD1268_pathabundance.tsv,s3://amili-global-archive/SHOTGUN/v3/Batch_MGG2_50/B050AMD1268/humann/B050AMD1268_reaction_ec.tsv,s3://amili-global-archive/SHOTGUN/v3/Batch_MGG2_50/B050AMD1268/humann/B050AMD1268_genefamilies.tsv,s3://amili-global-archive/SHOTGUN/v3/Batch_MGG2_50/B050AMD1268/humann/B050AMD1268_reaction_ko.tsv,s3://amili-analysis-lab/Macrogen/Batch_MGG2_50-40samples/B050AMD1268_1.fastq.gz,s3://amili-analysis-lab/Macrogen/Batch_MGG2_50-40samples/B050AMD1268_2.fastq.gz
B050AMD1268,MGG2_50,N8A4QNW83RB7GTVH,K7YR-DRMT-D5S5,AMD1268,AMD,SHOTGUN,v3,s3://amili-global-archive/SHOTGUN/v3/batch_mgg2_50-40samples/B050AMD1268/kneaddata/B050AMD1268.fastq,s3://amili-global-archive/SHOTGUN/v3/batch_mgg2_50-40samples/B050AMD1268/kneaddata/B050AMD1268_stat.tsv,s3://amili-global-archive/SHOTGUN/v3/batch_mgg2_50-40samples/B050AMD1268/metaphlan/B050AMD1268_metaphlan.tsv,s3://amili-global-archive/SHOTGUN/v3/batch_mgg2_50-40samples/B050AMD1268/humann/B050AMD1268_pathabundance.tsv,s3://amili-global-archive/SHOTGUN/v3/batch_mgg2_50-40samples/B050AMD1268/humann/B050AMD1268_reaction_ec.tsv,s3://amili-global-archive/SHOTGUN/v3/batch_mgg2_50-40samples/B050AMD1268/humann/B050AMD1268_genefamilies.tsv,s3://amili-global-archive/SHOTGUN/v3/batch_mgg2_50-40samples/B050AMD1268/humann/B050AMD1268_reaction_ko.tsv,s3://amili-analysis-lab/Macrogen/Batch_MGG2_50-40samples/B050AMD1268_1.fastq.gz,s3://amili-analysis-lab/Macrogen/Batch_MGG2_50-40samples/B050AMD1268_2.fastq.gz
B050AMD1271,MGG2_50,SVKH845EY4U345RA,ATQA-WYHU-3JRQ,AMD1271,AMD,SHOTGUN,v3,s3://amili-global-archive/SHOTGUN/v3/Batch_MGG2_50/B050AMD1271/kneaddata/B050AMD1271.fastq,s3://amili-global-archive/SHOTGUN/v3/Batch_MGG2_50/B050AMD1271/kneaddata/B050AMD1271_stat.tsv,s3://amili-global-archive/SHOTGUN/v3/Batch_MGG2_50/B050AMD1271/metaphlan/B050AMD1271_metaphlan.tsv,s3://amili-global-archive/SHOTGUN/v3/Batch_MGG2_50/B050AMD1271/humann/B050AMD1271_pathabundance.tsv,s3://amili-global-archive/SHOTGUN/v3/Batch_MGG2_50/B050AMD1271/humann/B050AMD1271_reaction_ec.tsv,s3://amili-global-archive/SHOTGUN/v3/Batch_MGG2_50/B050AMD1271/humann/B050AMD1271_genefamilies.tsv,s3://amili-global-archive/SHOTGUN/v3/Batch_MGG2_50/B050AMD1271/humann/B050AMD1271_reaction_ko.tsv,s3://amili-analysis-lab/Macrogen/Batch_MGG2_50-40samples/B050AMD1271_1.fastq.gz,s3://amili-analysis-lab/Macrogen/Batch_MGG2_50-40samples/B050AMD1271_2.fastq.gz
B050AMD1272,MGG2_50,S4XR2N4UGCJHES4Q,MX9C-PC6U-UAS5,AMD1272,AMD,SHOTGUN,v3,s3://amili-global-archive/SHOTGUN/v3/Batch_MGG2_50/B050AMD1272/kneaddata/B050AMD1272.fastq,s3://amili-global-archive/SHOTGUN/v3/Batch_MGG2_50/B050AMD1272/kneaddata/B050AMD1272_stat.tsv,s3://amili-global-archive/SHOTGUN/v3/Batch_MGG2_50/B050AMD1272/metaphlan/B050AMD1272_metaphlan.tsv,s3://amili-global-archive/SHOTGUN/v3/Batch_MGG2_50/B050AMD1272/humann/B050AMD1272_pathabundance.tsv,s3://amili-global-archive/SHOTGUN/v3/Batch_MGG2_50/B050AMD1272/humann/B050AMD1272_reaction_ec.tsv,s3://amili-global-archive/SHOTGUN/v3/Batch_MGG2_50/B050AMD1272/humann/B050AMD1272_genefamilies.tsv,s3://amili-global-archive/SHOTGUN/v3/Batch_MGG2_50/B050AMD1272/humann/B050AMD1272_reaction_ko.tsv,s3://amili-analysis-lab/Macrogen/Batch_MGG2_50-40samples/B050AMD1272_1.fastq.gz,s3://amili-analysis-lab/Macrogen/Batch_MGG2_50-40samples/B050AMD1272_2.fastq.gz
B050AMD1278,MGG2_50,YH24T5QXCU5JTXPK,DQP8-4RXY-JS3E,AMD1278,AMD,SHOTGUN,v3,s3://amili-global-archive/SHOTGUN/v3/Batch_MGG2_50/B050AMD1278/kneaddata/B050AMD1278.fastq,s3://amili-global-archive/SHOTGUN/v3/Batch_MGG2_50/B050AMD1278/kneaddata/B050AMD1278_stat.tsv,s3://amili-global-archive/SHOTGUN/v3/Batch_MGG2_50/B050AMD1278/metaphlan/B050AMD1278_metaphlan.tsv,s3://amili-global-archive/SHOTGUN/v3/Batch_MGG2_50/B050AMD1278/humann/B050AMD1278_pathabundance.tsv,s3://amili-global-archive/SHOTGUN/v3/Batch_MGG2_50/B050AMD1278/humann/B050AMD1278_reaction_ec.tsv,s3://amili-global-archive/SHOTGUN/v3/Batch_MGG2_50/B050AMD1278/humann/B050AMD1278_genefamilies.tsv,s3://amili-global-archive/SHOTGUN/v3/Batch_MGG2_50/B050AMD1278/humann/B050AMD1278_reaction_ko.tsv,s3://amili-analysis-lab/Macrogen/Batch_MGG2_50-40samples/B050AMD1278_1.fastq.gz,s3://amili-analysis-lab/Macrogen/Batch_MGG2_50-40samples/B050AMD1278_2.fastq.gz
B050AMD1280,MGG2_50,V3PYDVAYA56H88X5,VBDS-4CVQ-64WZ,AMD1280,AMD,SHOTGUN,v3,s3://amili-global-archive/SHOTGUN/v3/Batch_MGG2_50/B050AMD1280/kneaddata/B050AMD1280.fastq,s3://amili-global-archive/SHOTGUN/v3/Batch_MGG2_50/B050AMD1280/kneaddata/B050AMD1280_stat.tsv,s3://amili-global-archive/SHOTGUN/v3/Batch_MGG2_50/B050AMD1280/metaphlan/B050AMD1280_metaphlan.tsv,s3://amili-global-archive/SHOTGUN/v3/Batch_MGG2_50/B050AMD1280/humann/B050AMD1280_pathabundance.tsv,s3://amili-global-archive/SHOTGUN/v3/Batch_MGG2_50/B050AMD1280/humann/B050AMD1280_reaction_ec.tsv,s3://amili-global-archive/SHOTGUN/v3/Batch_MGG2_50/B050AMD1280/humann/B050AMD1280_genefamilies.tsv,s3://amili-global-archive/SHOTGUN/v3/Batch_MGG2_50/B050AMD1280/humann/B050AMD1280_reaction_ko.tsv,s3://amili-analysis-lab/Macrogen/Batch_MGG2_50-40samples/B050AMD1280_1.fastq.gz,s3://amili-analysis-lab/Macrogen/Batch_MGG2_50-40samples/B050AMD1280_2.fastq.gz
B050AMD1283,MGG2_50,NU5KVFJA9YMVS6NG,YTV2-VBUN-KEAC,AMD1283,AMD,SHOTGUN,v3,s3://amili-global-archive/SHOTGUN/v3/Batch_MGG2_50/B050AMD1283/kneaddata/B050AMD1283.fastq,s3://amili-global-archive/SHOTGUN/v3/Batch_MGG2_50/B050AMD1283/kneaddata/B050AMD1283_stat.tsv,s3://amili-global-archive/SHOTGUN/v3/Batch_MGG2_50/B050AMD1283/metaphlan/B050AMD1283_metaphlan.tsv,s3://amili-global-archive/SHOTGUN/v3/Batch_MGG2_50/B050AMD1283/humann/B050AMD1283_pathabundance.tsv,s3://amili-global-archive/SHOTGUN/v3/Batch_MGG2_50/B050AMD1283/humann/B050AMD1283_reaction_ec.tsv,s3://amili-global-archive/SHOTGUN/v3/Batch_MGG2_50/B050AMD1283/humann/B050AMD1283_genefamilies.tsv,s3://amili-global-archive/SHOTGUN/v3/Batch_MGG2_50/B050AMD1283/humann/B050AMD1283_reaction_ko.tsv,s3://amili-analysis-lab/Macrogen/Batch_MGG2_50-40samples/B050AMD1283_1.fastq.gz,s3://amili-analysis-lab/Macrogen/Batch_MGG2_50-40samples/B050AMD1283_2.fastq.gz
B050AMD1285,MGG2_50,PHG8NRD5JPR96WR9,94EC-PSNG-NUT8,AMD1285,AMD,SHOTGUN,v3,s3://amili-global-archive/SHOTGUN/v3/Batch_MGG2_50/B050AMD1285/kneaddata/B050AMD1285.fastq,s3://amili-global-archive/SHOTGUN/v3/Batch_MGG2_50/B050AMD1285/kneaddata/B050AMD1285_stat.tsv,s3://amili-global-archive/SHOTGUN/v3/Batch_MGG2_50/B050AMD1285/metaphlan/B050AMD1285_metaphlan.tsv,s3://amili-global-archive/SHOTGUN/v3/Batch_MGG2_50/B050AMD1285/humann/B050AMD1285_pathabundance.tsv,s3://amili-global-archive/SHOTGUN/v3/Batch_MGG2_50/B050AMD1285/humann/B050AMD1285_reaction_ec.tsv,s3://amili-global-archive/SHOTGUN/v3/Batch_MGG2_50/B050AMD1285/humann/B050AMD1285_genefamilies.tsv,s3://amili-global-archive/SHOTGUN/v3/Batch_MGG2_50/B050AMD1285/humann/B050AMD1285_reaction_ko.tsv,s3://amili-analysis-lab/Macrogen/Batch_MGG2_50-40samples/B050AMD1285_1.fastq.gz,s3://amili-analysis-lab/Macrogen/Batch_MGG2_50-40samples/B050AMD1285_2.fastq.gz
B050AMD1287,MGG2_50,QQFHVS5KM7A5R2ZK,KTEW-7NRT-CK4T,AMD1287,AMD,SHOTGUN,v3,s3://amili-global-archive/SHOTGUN/v3/Batch_MGG2_50/B050AMD1287/kneaddata/B050AMD1287.fastq,s3://amili-global-archive/SHOTGUN/v3/Batch_MGG2_50/B050AMD1287/kneaddata/B050AMD1287_stat.tsv,s3://amili-global-archive/SHOTGUN/v3/Batch_MGG2_50/B050AMD1287/metaphlan/B050AMD1287_metaphlan.tsv,s3://amili-global-archive/SHOTGUN/v3/Batch_MGG2_50/B050AMD1287/humann/B050AMD1287_pathabundance.tsv,s3://amili-global-archive/SHOTGUN/v3/Batch_MGG2_50/B050AMD1287/humann/B050AMD1287_reaction_ec.tsv,s3://amili-global-archive/SHOTGUN/v3/Batch_MGG2_50/B050AMD1287/humann/B050AMD1287_genefamilies.tsv,s3://amili-global-archive/SHOTGUN/v3/Batch_MGG2_50/B050AMD1287/humann/B050AMD1287_reaction_ko.tsv,s3://amili-analysis-lab/Macrogen/Batch_MGG2_50-40samples/B050AMD1287_1.fastq.gz,s3://amili-analysis-lab/Macrogen/Batch_MGG2_50-40samples/B050AMD1287_2.fastq.gz
B050AMD1288,MGG2_50,A4WY69WVAN42K3SQ,QSBS-YAFE-A5DK,AMD1288,AMD,SHOTGUN,v3,s3://amili-global-archive/SHOTGUN/v3/Batch_MGG2_50/B050AMD1288/kneaddata/B050AMD1288.fastq,s3://amili-global-archive/SHOTGUN/v3/Batch_MGG2_50/B050AMD1288/kneaddata/B050AMD1288_stat.tsv,s3://amili-global-archive/SHOTGUN/v3/Batch_MGG2_50/B050AMD1288/metaphlan/B050AMD1288_metaphlan.tsv,s3://amili-global-archive/SHOTGUN/v3/Batch_MGG2_50/B050AMD1288/humann/B050AMD1288_pathabundance.tsv,s3://amili-global-archive/SHOTGUN/v3/Batch_MGG2_50/B050AMD1288/humann/B050AMD1288_reaction_ec.tsv,s3://amili-global-archive/SHOTGUN/v3/Batch_MGG2_50/B050AMD1288/humann/B050AMD1288_genefamilies.tsv,s3://amili-global-archive/SHOTGUN/v3/Batch_MGG2_50/B050AMD1288/humann/B050AMD1288_reaction_ko.tsv,s3://amili-analysis-lab/Macrogen/Batch_MGG2_50-40samples/B050AMD1288_1.fastq.gz,s3://amili-analysis-lab/Macrogen/Batch_MGG2_50-40samples/B050AMD1288_2.fastq.gz
B050AMD1288,MGG2_50,A4WY69WVAN42K3SQ,QSBS-YAFE-A5DK,AMD1288,AMD,SHOTGUN,v3,s3://amili-global-archive/SHOTGUN/v3/batch_mgg2_50-40samples/B050AMD1288/kneaddata/B050AMD1288.fastq,s3://amili-global-archive/SHOTGUN/v3/batch_mgg2_50-40samples/B050AMD1288/kneaddata/B050AMD1288_stat.tsv,s3://amili-global-archive/SHOTGUN/v3/batch_mgg2_50-40samples/B050AMD1288/metaphlan/B050AMD1288_metaphlan.tsv,s3://amili-global-archive/SHOTGUN/v3/batch_mgg2_50-40samples/B050AMD1288/humann/B050AMD1288_pathabundance.tsv,s3://amili-global-archive/SHOTGUN/v3/batch_mgg2_50-40samples/B050AMD1288/humann/B050AMD1288_reaction_ec.tsv,s3://amili-global-archive/SHOTGUN/v3/batch_mgg2_50-40samples/B050AMD1288/humann/B050AMD1288_genefamilies.tsv,s3://amili-global-archive/SHOTGUN/v3/batch_mgg2_50-40samples/B050AMD1288/humann/B050AMD1288_reaction_ko.tsv,s3://amili-analysis-lab/Macrogen/Batch_MGG2_50-40samples/B050AMD1288_1.fastq.gz,s3://amili-analysis-lab/Macrogen/Batch_MGG2_50-40samples/B050AMD1288_2.fastq.gz
B050AMD1289,MGG2_50,VP3YUVHQ77997G4W,652F-JX6F-KP9H,AMD1289,AMD,SHOTGUN,v3,s3://amili-global-archive/SHOTGUN/v3/Batch_MGG2_50/B050AMD1289/kneaddata/B050AMD1289.fastq,s3://amili-global-archive/SHOTGUN/v3/Batch_MGG2_50/B050AMD1289/kneaddata/B050AMD1289_stat.tsv,s3://amili-global-archive/SHOTGUN/v3/Batch_MGG2_50/B050AMD1289/metaphlan/B050AMD1289_metaphlan.tsv,s3://amili-global-archive/SHOTGUN/v3/Batch_MGG2_50/B050AMD1289/humann/B050AMD1289_pathabundance.tsv,s3://amili-global-archive/SHOTGUN/v3/Batch_MGG2_50/B050AMD1289/humann/B050AMD1289_reaction_ec.tsv,s3://amili-global-archive/SHOTGUN/v3/Batch_MGG2_50/B050AMD1289/humann/B050AMD1289_genefamilies.tsv,s3://amili-global-archive/SHOTGUN/v3/Batch_MGG2_50/B050AMD1289/humann/B050AMD1289_reaction_ko.tsv,s3://amili-analysis-lab/Macrogen/Batch_MGG2_50-40samples/B050AMD1289_1.fastq.gz,s3://amili-analysis-lab/Macrogen/Batch_MGG2_50-40samples/B050AMD1289_2.fastq.gz
B050AMD1289,MGG2_50,VP3YUVHQ77997G4W,652F-JX6F-KP9H,AMD1289,AMD,SHOTGUN,v3,s3://amili-global-archive/SHOTGUN/v3/batch_mgg2_50-40samples/B050AMD1289/kneaddata/B050AMD1289.fastq,s3://amili-global-archive/SHOTGUN/v3/batch_mgg2_50-40samples/B050AMD1289/kneaddata/B050AMD1289_stat.tsv,s3://amili-global-archive/SHOTGUN/v3/batch_mgg2_50-40samples/B050AMD1289/metaphlan/B050AMD1289_metaphlan.tsv,s3://amili-global-archive/SHOTGUN/v3/batch_mgg2_50-40samples/B050AMD1289/humann/B050AMD1289_pathabundance.tsv,s3://amili-global-archive/SHOTGUN/v3/batch_mgg2_50-40samples/B050AMD1289/humann/B050AMD1289_reaction_ec.tsv,s3://amili-global-archive/SHOTGUN/v3/batch_mgg2_50-40samples/B050AMD1289/humann/B050AMD1289_genefamilies.tsv,s3://amili-global-archive/SHOTGUN/v3/batch_mgg2_50-40samples/B050AMD1289/humann/B050AMD1289_reaction_ko.tsv,s3://amili-analysis-lab/Macrogen/Batch_MGG2_50-40samples/B050AMD1289_1.fastq.gz,s3://amili-analysis-lab/Macrogen/Batch_MGG2_50-40samples/B050AMD1289_2.fastq.gz
B050AMD1290,MGG2_50,ZMP4B9PX387J7BKG,XBG9-8D65-CCWK,AMD1290,AMD,SHOTGUN,v3,s3://amili-global-archive/SHOTGUN/v3/Batch_MGG2_50/B050AMD1290/kneaddata/B050AMD1290.fastq,s3://amili-global-archive/SHOTGUN/v3/Batch_MGG2_50/B050AMD1290/kneaddata/B050AMD1290_stat.tsv,s3://amili-global-archive/SHOTGUN/v3/Batch_MGG2_50/B050AMD1290/metaphlan/B050AMD1290_metaphlan.tsv,s3://amili-global-archive/SHOTGUN/v3/Batch_MGG2_50/B050AMD1290/humann/B050AMD1290_pathabundance.tsv,s3://amili-global-archive/SHOTGUN/v3/Batch_MGG2_50/B050AMD1290/humann/B050AMD1290_reaction_ec.tsv,s3://amili-global-archive/SHOTGUN/v3/Batch_MGG2_50/B050AMD1290/humann/B050AMD1290_genefamilies.tsv,s3://amili-global-archive/SHOTGUN/v3/Batch_MGG2_50/B050AMD1290/humann/B050AMD1290_reaction_ko.tsv,s3://amili-analysis-lab/Macrogen/Batch_MGG2_50-40samples/B050AMD1290_1.fastq.gz,s3://amili-analysis-lab/Macrogen/Batch_MGG2_50-40samples/B050AMD1290_2.fastq.gz
B050AMD1291,MGG2_50,FERP5VS24QKPUAFM,8679-KMW9-K2KJ,AMD1291,AMD,SHOTGUN,v3,s3://amili-global-archive/SHOTGUN/v3/Batch_MGG2_50/B050AMD1291/kneaddata/B050AMD1291.fastq,s3://amili-global-archive/SHOTGUN/v3/Batch_MGG2_50/B050AMD1291/kneaddata/B050AMD1291_stat.tsv,s3://amili-global-archive/SHOTGUN/v3/Batch_MGG2_50/B050AMD1291/metaphlan/B050AMD1291_metaphlan.tsv,s3://amili-global-archive/SHOTGUN/v3/Batch_MGG2_50/B050AMD1291/humann/B050AMD1291_pathabundance.tsv,s3://amili-global-archive/SHOTGUN/v3/Batch_MGG2_50/B050AMD1291/humann/B050AMD1291_reaction_ec.tsv,s3://amili-global-archive/SHOTGUN/v3/Batch_MGG2_50/B050AMD1291/humann/B050AMD1291_genefamilies.tsv,s3://amili-global-archive/SHOTGUN/v3/Batch_MGG2_50/B050AMD1291/humann/B050AMD1291_reaction_ko.tsv,s3://amili-analysis-lab/Macrogen/Batch_MGG2_50-40samples/B050AMD1291_1.fastq.gz,s3://amili-analysis-lab/Macrogen/Batch_MGG2_50-40samples/B050AMD1291_2.fastq.gz
B050AMD1292,MGG2_50,BG9HCVCHPAHWJ4EV,77UH-WKWB-KX99,AMD1292,AMD,SHOTGUN,v3,s3://amili-global-archive/SHOTGUN/v3/Batch_MGG2_50/B050AMD1292/kneaddata/B050AMD1292.fastq,s3://amili-global-archive/SHOTGUN/v3/Batch_MGG2_50/B050AMD1292/kneaddata/B050AMD1292_stat.tsv,s3://amili-global-archive/SHOTGUN/v3/Batch_MGG2_50/B050AMD1292/metaphlan/B050AMD1292_metaphlan.tsv,s3://amili-global-archive/SHOTGUN/v3/Batch_MGG2_50/B050AMD1292/humann/B050AMD1292_pathabundance.tsv,s3://amili-global-archive/SHOTGUN/v3/Batch_MGG2_50/B050AMD1292/humann/B050AMD1292_reaction_ec.tsv,s3://amili-global-archive/SHOTGUN/v3/Batch_MGG2_50/B050AMD1292/humann/B050AMD1292_genefamilies.tsv,s3://amili-global-archive/SHOTGUN/v3/Batch_MGG2_50/B050AMD1292/humann/B050AMD1292_reaction_ko.tsv,s3://amili-analysis-lab/Macrogen/Batch_MGG2_50-40samples/B050AMD1292_1.fastq.gz,s3://amili-analysis-lab/Macrogen/Batch_MGG2_50-40samples/B050AMD1292_2.fastq.gz
B050AMD1294,MGG2_50,NX5PAK9Q42T55XFA,WEC2-EZS5-XRR7,AMD1294,AMD,SHOTGUN,v3,s3://amili-global-archive/SHOTGUN/v3/Batch_MGG2_50/B050AMD1294/kneaddata/B050AMD1294.fastq,s3://amili-global-archive/SHOTGUN/v3/Batch_MGG2_50/B050AMD1294/kneaddata/B050AMD1294_stat.tsv,s3://amili-global-archive/SHOTGUN/v3/Batch_MGG2_50/B050AMD1294/metaphlan/B050AMD1294_metaphlan.tsv,s3://amili-global-archive/SHOTGUN/v3/Batch_MGG2_50/B050AMD1294/humann/B050AMD1294_pathabundance.tsv,s3://amili-global-archive/SHOTGUN/v3/Batch_MGG2_50/B050AMD1294/humann/B050AMD1294_reaction_ec.tsv,s3://amili-global-archive/SHOTGUN/v3/Batch_MGG2_50/B050AMD1294/humann/B050AMD1294_genefamilies.tsv,s3://amili-global-archive/SHOTGUN/v3/Batch_MGG2_50/B050AMD1294/humann/B050AMD1294_reaction_ko.tsv,s3://amili-analysis-lab/Macrogen/Batch_MGG2_50-40samples/B050AMD1294_1.fastq.gz,s3://amili-analysis-lab/Macrogen/Batch_MGG2_50-40samples/B050AMD1294_2.fastq.gz
B050AMD1295,MGG2_50,QNZHD4TR5YGPF5AX,RH2P-BMYD-KBCQ,AMD1295,AMD,SHOTGUN,v3,s3://amili-global-archive/SHOTGUN/v3/Batch_MGG2_50/B050AMD1295/kneaddata/B050AMD1295.fastq,s3://amili-global-archive/SHOTGUN/v3/Batch_MGG2_50/B050AMD1295/kneaddata/B050AMD1295_stat.tsv,s3://amili-global-archive/SHOTGUN/v3/Batch_MGG2_50/B050AMD1295/metaphlan/B050AMD1295_metaphlan.tsv,s3://amili-global-archive/SHOTGUN/v3/Batch_MGG2_50/B050AMD1295/humann/B050AMD1295_pathabundance.tsv,s3://amili-global-archive/SHOTGUN/v3/Batch_MGG2_50/B050AMD1295/humann/B050AMD1295_reaction_ec.tsv,s3://amili-global-archive/SHOTGUN/v3/Batch_MGG2_50/B050AMD1295/humann/B050AMD1295_genefamilies.tsv,s3://amili-global-archive/SHOTGUN/v3/Batch_MGG2_50/B050AMD1295/humann/B050AMD1295_reaction_ko.tsv,s3://amili-analysis-lab/Macrogen/Batch_MGG2_50-40samples/B050AMD1295_1.fastq.gz,s3://amili-analysis-lab/Macrogen/Batch_MGG2_50-40samples/B050AMD1295_2.fastq.gz
B050AMD1296,MGG2_50,ZA5MJ32YCVZN3SW7,XX2B-T6DU-F42Z,AMD1296,AMD,SHOTGUN,v3,s3://amili-global-archive/SHOTGUN/v3/Batch_MGG2_50/B050AMD1296/kneaddata/B050AMD1296.fastq,s3://amili-global-archive/SHOTGUN/v3/Batch_MGG2_50/B050AMD1296/kneaddata/B050AMD1296_stat.tsv,s3://amili-global-archive/SHOTGUN/v3/Batch_MGG2_50/B050AMD1296/metaphlan/B050AMD1296_metaphlan.tsv,s3://amili-global-archive/SHOTGUN/v3/Batch_MGG2_50/B050AMD1296/humann/B050AMD1296_pathabundance.tsv,s3://amili-global-archive/SHOTGUN/v3/Batch_MGG2_50/B050AMD1296/humann/B050AMD1296_reaction_ec.tsv,s3://amili-global-archive/SHOTGUN/v3/Batch_MGG2_50/B050AMD1296/humann/B050AMD1296_genefamilies.tsv,s3://amili-global-archive/SHOTGUN/v3/Batch_MGG2_50/B050AMD1296/humann/B050AMD1296_reaction_ko.tsv,s3://amili-analysis-lab/Macrogen/Batch_MGG2_50-40samples/B050AMD1296_1.fastq.gz,s3://amili-analysis-lab/Macrogen/Batch_MGG2_50-40samples/B050AMD1296_2.fastq.gz
B050AMD1297,MGG2_50,V6VKSGMX9N96UJNN,NEX5-9K7A-PDBY,AMD1297,AMD,SHOTGUN,v3,s3://amili-global-archive/SHOTGUN/v3/Batch_MGG2_50/B050AMD1297/kneaddata/B050AMD1297.fastq,s3://amili-global-archive/SHOTGUN/v3/Batch_MGG2_50/B050AMD1297/kneaddata/B050AMD1297_stat.tsv,s3://amili-global-archive/SHOTGUN/v3/Batch_MGG2_50/B050AMD1297/metaphlan/B050AMD1297_metaphlan.tsv,s3://amili-global-archive/SHOTGUN/v3/Batch_MGG2_50/B050AMD1297/humann/B050AMD1297_pathabundance.tsv,s3://amili-global-archive/SHOTGUN/v3/Batch_MGG2_50/B050AMD1297/humann/B050AMD1297_reaction_ec.tsv,s3://amili-global-archive/SHOTGUN/v3/Batch_MGG2_50/B050AMD1297/humann/B050AMD1297_genefamilies.tsv,s3://amili-global-archive/SHOTGUN/v3/Batch_MGG2_50/B050AMD1297/humann/B050AMD1297_reaction_ko.tsv,s3://amili-analysis-lab/Macrogen/Batch_MGG2_50-40samples/B050AMD1297_1.fastq.gz,s3://amili-analysis-lab/Macrogen/Batch_MGG2_50-40samples/B050AMD1297_2.fastq.gz
B051AMD0296,MGG2_51,PCAU95PNVJKXRZ8B,NCEU-PWR4-EHSV,AMD0296,AMD,SHOTGUN,v3,s3://amili-global-archive/SHOTGUN/v3/Batch_MGG2_51/B051AMD0296/kneaddata/B051AMD0296.fastq,s3://amili-global-archive/SHOTGUN/v3/Batch_MGG2_51/B051AMD0296/kneaddata/B051AMD0296_stat.tsv,s3://amili-global-archive/SHOTGUN/v3/Batch_MGG2_51/B051AMD0296/metaphlan/B051AMD0296_metaphlan.tsv,s3://amili-global-archive/SHOTGUN/v3/Batch_MGG2_51/B051AMD0296/humann/B051AMD0296_pathabundance.tsv,s3://amili-global-archive/SHOTGUN/v3/Batch_MGG2_51/B051AMD0296/humann/B051AMD0296_reaction_ec.tsv,s3://amili-global-archive/SHOTGUN/v3/Batch_MGG2_51/B051AMD0296/humann/B051AMD0296_genefamilies.tsv,s3://amili-global-archive/SHOTGUN/v3/Batch_MGG2_51/B051AMD0296/humann/B051AMD0296_reaction_ko.tsv,s3://amili-analysis-lab/Macrogen/Batch_MGG2_51-31samples/B051AMD0296_1.fastq.gz,s3://amili-analysis-lab/Macrogen/Batch_MGG2_51-31samples/B051AMD0296_2.fastq.gz
B051AMD0296,MGG2_51,PCAU95PNVJKXRZ8B,NCEU-PWR4-EHSV,AMD0296,AMD,SHOTGUN,v3,s3://amili-global-archive/SHOTGUN/v3/batch_mgg2_51-31samples/B051AMD0296/kneaddata/B051AMD0296.fastq,s3://amili-global-archive/SHOTGUN/v3/batch_mgg2_51-31samples/B051AMD0296/kneaddata/B051AMD0296_stat.tsv,s3://amili-global-archive/SHOTGUN/v3/batch_mgg2_51-31samples/B051AMD0296/metaphlan/B051AMD0296_metaphlan.tsv,s3://amili-global-archive/SHOTGUN/v3/batch_mgg2_51-31samples/B051AMD0296/humann/B051AMD0296_pathabundance.tsv,s3://amili-global-archive/SHOTGUN/v3/batch_mgg2_51-31samples/B051AMD0296/humann/B051AMD0296_reaction_ec.tsv,s3://amili-global-archive/SHOTGUN/v3/batch_mgg2_51-31samples/B051AMD0296/humann/B051AMD0296_genefamilies.tsv,s3://amili-global-archive/SHOTGUN/v3/batch_mgg2_51-31samples/B051AMD0296/humann/B051AMD0296_reaction_ko.tsv,s3://amili-analysis-lab/Macrogen/Batch_MGG2_51-31samples/B051AMD0296_1.fastq.gz,s3://amili-analysis-lab/Macrogen/Batch_MGG2_51-31samples/B051AMD0296_2.fastq.gz
B051AMD0434,MGG2_51,SU7JDWFQHPTQ944B,VDM5-YXJ5-XSKT,AMD0434,AMD,SHOTGUN,v3,s3://amili-global-archive/SHOTGUN/v3/Batch_MGG2_51/B051AMD0434/kneaddata/B051AMD0434.fastq,s3://amili-global-archive/SHOTGUN/v3/Batch_MGG2_51/B051AMD0434/kneaddata/B051AMD0434_stat.tsv,s3://amili-global-archive/SHOTGUN/v3/Batch_MGG2_51/B051AMD0434/metaphlan/B051AMD0434_metaphlan.tsv,s3://amili-global-archive/SHOTGUN/v3/Batch_MGG2_51/B051AMD0434/humann/B051AMD0434_pathabundance.tsv,s3://amili-global-archive/SHOTGUN/v3/Batch_MGG2_51/B051AMD0434/humann/B051AMD0434_reaction_ec.tsv,s3://amili-global-archive/SHOTGUN/v3/Batch_MGG2_51/B051AMD0434/humann/B051AMD0434_genefamilies.tsv,s3://amili-global-archive/SHOTGUN/v3/Batch_MGG2_51/B051AMD0434/humann/B051AMD0434_reaction_ko.tsv,s3://amili-analysis-lab/Macrogen/Batch_MGG2_51-31samples/B051AMD0434_1.fastq.gz,s3://amili-analysis-lab/Macrogen/Batch_MGG2_51-31samples/B051AMD0434_2.fastq.gz
B051AMD0504,MGG2_51,STEQYJ64G2SN8EFX,AMDJ-W8ZQ-NPSE,AMD0504,AMD,SHOTGUN,v3,s3://amili-global-archive/SHOTGUN/v3/Batch_MGG2_51/B051AMD0504/kneaddata/B051AMD0504.fastq,s3://amili-global-archive/SHOTGUN/v3/Batch_MGG2_51/B051AMD0504/kneaddata/B051AMD0504_stat.tsv,s3://amili-global-archive/SHOTGUN/v3/Batch_MGG2_51/B051AMD0504/metaphlan/B051AMD0504_metaphlan.tsv,s3://amili-global-archive/SHOTGUN/v3/Batch_MGG2_51/B051AMD0504/humann/B051AMD0504_pathabundance.tsv,s3://amili-global-archive/SHOTGUN/v3/Batch_MGG2_51/B051AMD0504/humann/B051AMD0504_reaction_ec.tsv,s3://amili-global-archive/SHOTGUN/v3/Batch_MGG2_51/B051AMD0504/humann/B051AMD0504_genefamilies.tsv,s3://amili-global-archive/SHOTGUN/v3/Batch_MGG2_51/B051AMD0504/humann/B051AMD0504_reaction_ko.tsv,s3://amili-analysis-lab/Macrogen/Batch_MGG2_51-31samples/B051AMD0504_1.fastq.gz,s3://amili-analysis-lab/Macrogen/Batch_MGG2_51-31samples/B051AMD0504_2.fastq.gz
B051AMD0666,MGG2_51,XSVDV9TPX39267G6,AMDJ-DSHS-BM8G,AMD0666,AMD,SHOTGUN,v3,s3://amili-global-archive/SHOTGUN/v3/Batch_MGG2_51/B051AMD0666/kneaddata/B051AMD0666.fastq,s3://amili-global-archive/SHOTGUN/v3/Batch_MGG2_51/B051AMD0666/kneaddata/B051AMD0666_stat.tsv,s3://amili-global-archive/SHOTGUN/v3/Batch_MGG2_51/B051AMD0666/metaphlan/B051AMD0666_metaphlan.tsv,s3://amili-global-archive/SHOTGUN/v3/Batch_MGG2_51/B051AMD0666/humann/B051AMD0666_pathabundance.tsv,s3://amili-global-archive/SHOTGUN/v3/Batch_MGG2_51/B051AMD0666/humann/B051AMD0666_reaction_ec.tsv,s3://amili-global-archive/SHOTGUN/v3/Batch_MGG2_51/B051AMD0666/humann/B051AMD0666_genefamilies.tsv,s3://amili-global-archive/SHOTGUN/v3/Batch_MGG2_51/B051AMD0666/humann/B051AMD0666_reaction_ko.tsv,s3://amili-analysis-lab/Macrogen/Batch_MGG2_51-31samples/B051AMD0666_1.fastq.gz,s3://amili-analysis-lab/Macrogen/Batch_MGG2_51-31samples/B051AMD0666_2.fastq.gz
B051AMD0692,MGG2_51,ST3YMWFND3ZF9ZV9,AMDJ-H8AF-65PN,AMD0692,AMD,SHOTGUN,v3,s3://amili-global-archive/SHOTGUN/v3/Batch_MGG2_51/B051AMD0692/kneaddata/B051AMD0692.fastq,s3://amili-global-archive/SHOTGUN/v3/Batch_MGG2_51/B051AMD0692/kneaddata/B051AMD0692_stat.tsv,s3://amili-global-archive/SHOTGUN/v3/Batch_MGG2_51/B051AMD0692/metaphlan/B051AMD0692_metaphlan.tsv,s3://amili-global-archive/SHOTGUN/v3/Batch_MGG2_51/B051AMD0692/humann/B051AMD0692_pathabundance.tsv,s3://amili-global-archive/SHOTGUN/v3/Batch_MGG2_51/B051AMD0692/humann/B051AMD0692_reaction_ec.tsv,s3://amili-global-archive/SHOTGUN/v3/Batch_MGG2_51/B051AMD0692/humann/B051AMD0692_genefamilies.tsv,s3://amili-global-archive/SHOTGUN/v3/Batch_MGG2_51/B051AMD0692/humann/B051AMD0692_reaction_ko.tsv,s3://amili-analysis-lab/Macrogen/Batch_MGG2_51-31samples/B051AMD0692_1.fastq.gz,s3://amili-analysis-lab/Macrogen/Batch_MGG2_51-31samples/B051AMD0692_2.fastq.gz
B051AMD1299,MGG2_51,F2VYXA9D7BUMRT6M,QGFG-TC6X-PMF3,AMD1299,AMD,SHOTGUN,v3,s3://amili-global-archive/SHOTGUN/v3/Batch_MGG2_51/B051AMD1299/kneaddata/B051AMD1299.fastq,s3://amili-global-archive/SHOTGUN/v3/Batch_MGG2_51/B051AMD1299/kneaddata/B051AMD1299_stat.tsv,s3://amili-global-archive/SHOTGUN/v3/Batch_MGG2_51/B051AMD1299/metaphlan/B051AMD1299_metaphlan.tsv,s3://amili-global-archive/SHOTGUN/v3/Batch_MGG2_51/B051AMD1299/humann/B051AMD1299_pathabundance.tsv,s3://amili-global-archive/SHOTGUN/v3/Batch_MGG2_51/B051AMD1299/humann/B051AMD1299_reaction_ec.tsv,s3://amili-global-archive/SHOTGUN/v3/Batch_MGG2_51/B051AMD1299/humann/B051AMD1299_genefamilies.tsv,s3://amili-global-archive/SHOTGUN/v3/Batch_MGG2_51/B051AMD1299/humann/B051AMD1299_reaction_ko.tsv,s3://amili-analysis-lab/Macrogen/Batch_MGG2_51-31samples/B051AMD1299_1.fastq.gz,s3://amili-analysis-lab/Macrogen/Batch_MGG2_51-31samples/B051AMD1299_2.fastq.gz
B051AMD1303,MGG2_51,N34XYAGBC24XAYS2,UMF3-J9RT-45TT,AMD1303,AMD,SHOTGUN,v3,s3://amili-global-archive/SHOTGUN/v3/Batch_MGG2_51/B051AMD1303/kneaddata/B051AMD1303.fastq,s3://amili-global-archive/SHOTGUN/v3/Batch_MGG2_51/B051AMD1303/kneaddata/B051AMD1303_stat.tsv,s3://amili-global-archive/SHOTGUN/v3/Batch_MGG2_51/B051AMD1303/metaphlan/B051AMD1303_metaphlan.tsv,s3://amili-global-archive/SHOTGUN/v3/Batch_MGG2_51/B051AMD1303/humann/B051AMD1303_pathabundance.tsv,s3://amili-global-archive/SHOTGUN/v3/Batch_MGG2_51/B051AMD1303/humann/B051AMD1303_reaction_ec.tsv,s3://amili-global-archive/SHOTGUN/v3/Batch_MGG2_51/B051AMD1303/humann/B051AMD1303_genefamilies.tsv,s3://amili-global-archive/SHOTGUN/v3/Batch_MGG2_51/B051AMD1303/humann/B051AMD1303_reaction_ko.tsv,s3://amili-analysis-lab/Macrogen/Batch_MGG2_51-31samples/B051AMD1303_1.fastq.gz,s3://amili-analysis-lab/Macrogen/Batch_MGG2_51-31samples/B051AMD1303_2.fastq.gz
B051AMD1304,MGG2_51,DFKTBRRQRXPMUAXJ,NGXS-WD24-QCG3,AMD1304,AMD,SHOTGUN,v3,s3://amili-global-archive/SHOTGUN/v3/Batch_MGG2_51/B051AMD1304/kneaddata/B051AMD1304.fastq,s3://amili-global-archive/SHOTGUN/v3/Batch_MGG2_51/B051AMD1304/kneaddata/B051AMD1304_stat.tsv,s3://amili-global-archive/SHOTGUN/v3/Batch_MGG2_51/B051AMD1304/metaphlan/B051AMD1304_metaphlan.tsv,s3://amili-global-archive/SHOTGUN/v3/Batch_MGG2_51/B051AMD1304/humann/B051AMD1304_pathabundance.tsv,s3://amili-global-archive/SHOTGUN/v3/Batch_MGG2_51/B051AMD1304/humann/B051AMD1304_reaction_ec.tsv,s3://amili-global-archive/SHOTGUN/v3/Batch_MGG2_51/B051AMD1304/humann/B051AMD1304_genefamilies.tsv,s3://amili-global-archive/SHOTGUN/v3/Batch_MGG2_51/B051AMD1304/humann/B051AMD1304_reaction_ko.tsv,s3://amili-analysis-lab/Macrogen/Batch_MGG2_51-31samples/B051AMD1304_1.fastq.gz,s3://amili-analysis-lab/Macrogen/Batch_MGG2_51-31samples/B051AMD1304_2.fastq.gz
B051AMD1308,MGG2_51,SH6PPX4SCRCE8CC3,RGHM-AB4S-AUXU,AMD1308,AMD,SHOTGUN,v3,s3://amili-global-archive/SHOTGUN/v3/Batch_MGG2_51/B051AMD1308/kneaddata/B051AMD1308.fastq,s3://amili-global-archive/SHOTGUN/v3/Batch_MGG2_51/B051AMD1308/kneaddata/B051AMD1308_stat.tsv,s3://amili-global-archive/SHOTGUN/v3/Batch_MGG2_51/B051AMD1308/metaphlan/B051AMD1308_metaphlan.tsv,s3://amili-global-archive/SHOTGUN/v3/Batch_MGG2_51/B051AMD1308/humann/B051AMD1308_pathabundance.tsv,s3://amili-global-archive/SHOTGUN/v3/Batch_MGG2_51/B051AMD1308/humann/B051AMD1308_reaction_ec.tsv,s3://amili-global-archive/SHOTGUN/v3/Batch_MGG2_51/B051AMD1308/humann/B051AMD1308_genefamilies.tsv,s3://amili-global-archive/SHOTGUN/v3/Batch_MGG2_51/B051AMD1308/humann/B051AMD1308_reaction_ko.tsv,s3://amili-analysis-lab/Macrogen/Batch_MGG2_51-31samples/B051AMD1308_1.fastq.gz,s3://amili-analysis-lab/Macrogen/Batch_MGG2_51-31samples/B051AMD1308_2.fastq.gz
B051AMD1309,MGG2_51,JZTTPQKTNBN5RHB6,CAM8-TJP6-NAUD,AMD1309,AMD,SHOTGUN,v3,s3://amili-global-archive/SHOTGUN/v3/Batch_MGG2_51/B051AMD1309/kneaddata/B051AMD1309.fastq,s3://amili-global-archive/SHOTGUN/v3/Batch_MGG2_51/B051AMD1309/kneaddata/B051AMD1309_stat.tsv,s3://amili-global-archive/SHOTGUN/v3/Batch_MGG2_51/B051AMD1309/metaphlan/B051AMD1309_metaphlan.tsv,s3://amili-global-archive/SHOTGUN/v3/Batch_MGG2_51/B051AMD1309/humann/B051AMD1309_pathabundance.tsv,s3://amili-global-archive/SHOTGUN/v3/Batch_MGG2_51/B051AMD1309/humann/B051AMD1309_reaction_ec.tsv,s3://amili-global-archive/SHOTGUN/v3/Batch_MGG2_51/B051AMD1309/humann/B051AMD1309_genefamilies.tsv,s3://amili-global-archive/SHOTGUN/v3/Batch_MGG2_51/B051AMD1309/humann/B051AMD1309_reaction_ko.tsv,s3://amili-analysis-lab/Macrogen/Batch_MGG2_51-31samples/B051AMD1309_1.fastq.gz,s3://amili-analysis-lab/Macrogen/Batch_MGG2_51-31samples/B051AMD1309_2.fastq.gz
B051AMD1310,MGG2_51,D7PS74YVT369YA8U,HSGC-U3NW-P4XW,AMD1310,AMD,SHOTGUN,v3,s3://amili-global-archive/SHOTGUN/v3/Batch_MGG2_51/B051AMD1310/kneaddata/B051AMD1310.fastq,s3://amili-global-archive/SHOTGUN/v3/Batch_MGG2_51/B051AMD1310/kneaddata/B051AMD1310_stat.tsv,s3://amili-global-archive/SHOTGUN/v3/Batch_MGG2_51/B051AMD1310/metaphlan/B051AMD1310_metaphlan.tsv,s3://amili-global-archive/SHOTGUN/v3/Batch_MGG2_51/B051AMD1310/humann/B051AMD1310_pathabundance.tsv,s3://amili-global-archive/SHOTGUN/v3/Batch_MGG2_51/B051AMD1310/humann/B051AMD1310_reaction_ec.tsv,s3://amili-global-archive/SHOTGUN/v3/Batch_MGG2_51/B051AMD1310/humann/B051AMD1310_genefamilies.tsv,s3://amili-global-archive/SHOTGUN/v3/Batch_MGG2_51/B051AMD1310/humann/B051AMD1310_reaction_ko.tsv,s3://amili-analysis-lab/Macrogen/Batch_MGG2_51-31samples/B051AMD1310_1.fastq.gz,s3://amili-analysis-lab/Macrogen/Batch_MGG2_51-31samples/B051AMD1310_2.fastq.gz
B051AMD1312,MGG2_51,P288CGDUEKGZT7QT,7M8E-WTYX-SJDN,AMD1312,AMD,SHOTGUN,v3,s3://amili-global-archive/SHOTGUN/v3/Batch_MGG2_51/B051AMD1312/kneaddata/B051AMD1312.fastq,s3://amili-global-archive/SHOTGUN/v3/Batch_MGG2_51/B051AMD1312/kneaddata/B051AMD1312_stat.tsv,s3://amili-global-archive/SHOTGUN/v3/Batch_MGG2_51/B051AMD1312/metaphlan/B051AMD1312_metaphlan.tsv,s3://amili-global-archive/SHOTGUN/v3/Batch_MGG2_51/B051AMD1312/humann/B051AMD1312_pathabundance.tsv,s3://amili-global-archive/SHOTGUN/v3/Batch_MGG2_51/B051AMD1312/humann/B051AMD1312_reaction_ec.tsv,s3://amili-global-archive/SHOTGUN/v3/Batch_MGG2_51/B051AMD1312/humann/B051AMD1312_genefamilies.tsv,s3://amili-global-archive/SHOTGUN/v3/Batch_MGG2_51/B051AMD1312/humann/B051AMD1312_reaction_ko.tsv,s3://amili-analysis-lab/Macrogen/Batch_MGG2_51-31samples/B051AMD1312_1.fastq.gz,s3://amili-analysis-lab/Macrogen/Batch_MGG2_51-31samples/B051AMD1312_2.fastq.gz
B051AMD1318,MGG2_51,GPDT47FJPH5VHB84,D45Z-8ATS-T5AN,AMD1318,AMD,SHOTGUN,v3,s3://amili-global-archive/SHOTGUN/v3/Batch_MGG2_51/B051AMD1318/kneaddata/B051AMD1318.fastq,s3://amili-global-archive/SHOTGUN/v3/Batch_MGG2_51/B051AMD1318/kneaddata/B051AMD1318_stat.tsv,s3://amili-global-archive/SHOTGUN/v3/Batch_MGG2_51/B051AMD1318/metaphlan/B051AMD1318_metaphlan.tsv,s3://amili-global-archive/SHOTGUN/v3/Batch_MGG2_51/B051AMD1318/humann/B051AMD1318_pathabundance.tsv,s3://amili-global-archive/SHOTGUN/v3/Batch_MGG2_51/B051AMD1318/humann/B051AMD1318_reaction_ec.tsv,s3://amili-global-archive/SHOTGUN/v3/Batch_MGG2_51/B051AMD1318/humann/B051AMD1318_genefamilies.tsv,s3://amili-global-archive/SHOTGUN/v3/Batch_MGG2_51/B051AMD1318/humann/B051AMD1318_reaction_ko.tsv,s3://amili-analysis-lab/Macrogen/Batch_MGG2_51-31samples/B051AMD1318_1.fastq.gz,s3://amili-analysis-lab/Macrogen/Batch_MGG2_51-31samples/B051AMD1318_2.fastq.gz
B051AMD1328,MGG2_51,A4WVGKVVW9BREV6C,W63F-RHQQ-UCZZ,AMD1328,AMD,SHOTGUN,v3,s3://amili-global-archive/SHOTGUN/v3/Batch_MGG2_51/B051AMD1328/kneaddata/B051AMD1328.fastq,s3://amili-global-archive/SHOTGUN/v3/Batch_MGG2_51/B051AMD1328/kneaddata/B051AMD1328_stat.tsv,s3://amili-global-archive/SHOTGUN/v3/Batch_MGG2_51/B051AMD1328/metaphlan/B051AMD1328_metaphlan.tsv,s3://amili-global-archive/SHOTGUN/v3/Batch_MGG2_51/B051AMD1328/humann/B051AMD1328_pathabundance.tsv,s3://amili-global-archive/SHOTGUN/v3/Batch_MGG2_51/B051AMD1328/humann/B051AMD1328_reaction_ec.tsv,s3://amili-global-archive/SHOTGUN/v3/Batch_MGG2_51/B051AMD1328/humann/B051AMD1328_genefamilies.tsv,s3://amili-global-archive/SHOTGUN/v3/Batch_MGG2_51/B051AMD1328/humann/B051AMD1328_reaction_ko.tsv,s3://amili-analysis-lab/Macrogen/Batch_MGG2_51-31samples/B051AMD1328_1.fastq.gz,s3://amili-analysis-lab/Macrogen/Batch_MGG2_51-31samples/B051AMD1328_2.fastq.gz
B051AMD1328,MGG2_51,A4WVGKVVW9BREV6C,W63F-RHQQ-UCZZ,AMD1328,AMD,SHOTGUN,v3,s3://amili-global-archive/SHOTGUN/v3/batch_mgg2_51-31samples/B051AMD1328/kneaddata/B051AMD1328.fastq,s3://amili-global-archive/SHOTGUN/v3/batch_mgg2_51-31samples/B051AMD1328/kneaddata/B051AMD1328_stat.tsv,s3://amili-global-archive/SHOTGUN/v3/batch_mgg2_51-31samples/B051AMD1328/metaphlan/B051AMD1328_metaphlan.tsv,s3://amili-global-archive/SHOTGUN/v3/batch_mgg2_51-31samples/B051AMD1328/humann/B051AMD1328_pathabundance.tsv,s3://amili-global-archive/SHOTGUN/v3/batch_mgg2_51-31samples/B051AMD1328/humann/B051AMD1328_reaction_ec.tsv,s3://amili-global-archive/SHOTGUN/v3/batch_mgg2_51-31samples/B051AMD1328/humann/B051AMD1328_genefamilies.tsv,s3://amili-global-archive/SHOTGUN/v3/batch_mgg2_51-31samples/B051AMD1328/humann/B051AMD1328_reaction_ko.tsv,s3://amili-analysis-lab/Macrogen/Batch_MGG2_51-31samples/B051AMD1328_1.fastq.gz,s3://amili-analysis-lab/Macrogen/Batch_MGG2_51-31samples/B051AMD1328_2.fastq.gz
B051AMD1330,MGG2_51,H3THZY68VSTQA2GE,EDEZ-8SDW-HVNH,AMD1330,AMD,SHOTGUN,v3,s3://amili-global-archive/SHOTGUN/v3/Batch_MGG2_51/B051AMD1330/kneaddata/B051AMD1330.fastq,s3://amili-global-archive/SHOTGUN/v3/Batch_MGG2_51/B051AMD1330/kneaddata/B051AMD1330_stat.tsv,s3://amili-global-archive/SHOTGUN/v3/Batch_MGG2_51/B051AMD1330/metaphlan/B051AMD1330_metaphlan.tsv,s3://amili-global-archive/SHOTGUN/v3/Batch_MGG2_51/B051AMD1330/humann/B051AMD1330_pathabundance.tsv,s3://amili-global-archive/SHOTGUN/v3/Batch_MGG2_51/B051AMD1330/humann/B051AMD1330_reaction_ec.tsv,s3://amili-global-archive/SHOTGUN/v3/Batch_MGG2_51/B051AMD1330/humann/B051AMD1330_genefamilies.tsv,s3://amili-global-archive/SHOTGUN/v3/Batch_MGG2_51/B051AMD1330/humann/B051AMD1330_reaction_ko.tsv,s3://amili-analysis-lab/Macrogen/Batch_MGG2_51-31samples/B051AMD1330_1.fastq.gz,s3://amili-analysis-lab/Macrogen/Batch_MGG2_51-31samples/B051AMD1330_2.fastq.gz
B051AMD1334,MGG2_51,QBZXXAERR2EWET59,P829-NKDB-ZVMV,AMD1334,AMD,SHOTGUN,v3,s3://amili-global-archive/SHOTGUN/v3/Batch_MGG2_51/B051AMD1334/kneaddata/B051AMD1334.fastq,s3://amili-global-archive/SHOTGUN/v3/Batch_MGG2_51/B051AMD1334/kneaddata/B051AMD1334_stat.tsv,s3://amili-global-archive/SHOTGUN/v3/Batch_MGG2_51/B051AMD1334/metaphlan/B051AMD1334_metaphlan.tsv,s3://amili-global-archive/SHOTGUN/v3/Batch_MGG2_51/B051AMD1334/humann/B051AMD1334_pathabundance.tsv,s3://amili-global-archive/SHOTGUN/v3/Batch_MGG2_51/B051AMD1334/humann/B051AMD1334_reaction_ec.tsv,s3://amili-global-archive/SHOTGUN/v3/Batch_MGG2_51/B051AMD1334/humann/B051AMD1334_genefamilies.tsv,s3://amili-global-archive/SHOTGUN/v3/Batch_MGG2_51/B051AMD1334/humann/B051AMD1334_reaction_ko.tsv,s3://amili-analysis-lab/Macrogen/Batch_MGG2_51-31samples/B051AMD1334_1.fastq.gz,s3://amili-analysis-lab/Macrogen/Batch_MGG2_51-31samples/B051AMD1334_2.fastq.gz
B051AMD1338,MGG2_51,M7E4TJQAH2WQYJW6,G6SN-MMB2-YVPP,AMD1338,AMD,SHOTGUN,v3,s3://amili-global-archive/SHOTGUN/v3/Batch_MGG2_51/B051AMD1338/kneaddata/B051AMD1338.fastq,s3://amili-global-archive/SHOTGUN/v3/Batch_MGG2_51/B051AMD1338/kneaddata/B051AMD1338_stat.tsv,s3://amili-global-archive/SHOTGUN/v3/Batch_MGG2_51/B051AMD1338/metaphlan/B051AMD1338_metaphlan.tsv,s3://amili-global-archive/SHOTGUN/v3/Batch_MGG2_51/B051AMD1338/humann/B051AMD1338_pathabundance.tsv,s3://amili-global-archive/SHOTGUN/v3/Batch_MGG2_51/B051AMD1338/humann/B051AMD1338_reaction_ec.tsv,s3://amili-global-archive/SHOTGUN/v3/Batch_MGG2_51/B051AMD1338/humann/B051AMD1338_genefamilies.tsv,s3://amili-global-archive/SHOTGUN/v3/Batch_MGG2_51/B051AMD1338/humann/B051AMD1338_reaction_ko.tsv,s3://amili-analysis-lab/Macrogen/Batch_MGG2_51-31samples/B051AMD1338_1.fastq.gz,s3://amili-analysis-lab/Macrogen/Batch_MGG2_51-31samples/B051AMD1338_2.fastq.gz
B13AMD0197,BATCH13,,AMDJ-CMRX-TXWU,AMD0197,AMD,SHOTGUN,v3,s3://amili-global-archive/SHOTGUN/v3/batch_13-231samples/B13AMD0197/kneaddata/B13AMD0197.fastq,s3://amili-global-archive/SHOTGUN/v3/batch_13-231samples/B13AMD0197/kneaddata/B13AMD0197_stat.tsv,s3://amili-global-archive/SHOTGUN/v3/batch_13-231samples/B13AMD0197/metaphlan/B13AMD0197_metaphlan.tsv,s3://amili-global-archive/SHOTGUN/v3/batch_13-231samples/B13AMD0197/humann/B13AMD0197_pathabundance.tsv,s3://amili-global-archive/SHOTGUN/v3/batch_13-231samples/B13AMD0197/humann/B13AMD0197_reaction_ec.tsv,s3://amili-global-archive/SHOTGUN/v3/batch_13-231samples/B13AMD0197/humann/B13AMD0197_genefamilies.tsv,s3://amili-global-archive/SHOTGUN/v3/batch_13-231samples/B13AMD0197/humann/B13AMD0197_reaction_ko.tsv,s3://amili-analysis-lab/Macrogen/sequencing-data/batch_13-231samples/B13AMD0197_1.fastq.gz,s3://amili-analysis-lab/Macrogen/sequencing-data/batch_13-231samples/B13AMD0197_2.fastq.gz
B13AMD0197,BATCH13,,AMDJ-CMRX-TXWU,AMD0197,AMD,SHOTGUN,v3,s3://amili-global-archive/SHOTGUN/v3/batch_13/B13AMD0197/kneaddata/B13AMD0197.fastq,s3://amili-global-archive/SHOTGUN/v3/batch_13/B13AMD0197/kneaddata/B13AMD0197_stat.tsv,s3://amili-global-archive/SHOTGUN/v3/batch_13/B13AMD0197/metaphlan/B13AMD0197_metaphlan.tsv,s3://amili-global-archive/SHOTGUN/v3/batch_13/B13AMD0197/humann/B13AMD0197_pathabundance.tsv,s3://amili-global-archive/SHOTGUN/v3/batch_13/B13AMD0197/humann/B13AMD0197_reaction_ec.tsv,s3://amili-global-archive/SHOTGUN/v3/batch_13/B13AMD0197/humann/B13AMD0197_genefamilies.tsv,s3://amili-global-archive/SHOTGUN/v3/batch_13/B13AMD0197/humann/B13AMD0197_reaction_ko.tsv,s3://amili-analysis-lab/Macrogen/sequencing-data/batch_13-231samples/B13AMD0197_1.fastq.gz,s3://amili-analysis-lab/Macrogen/sequencing-data/batch_13-231samples/B13AMD0197_2.fastq.gz
B13AMD0207,BATCH13,,AMDJ-DZYT-RT6G,AMD0207,AMD,SHOTGUN,v3,s3://amili-global-archive/SHOTGUN/v3/batch13/B13AMD0207/kneaddata/B13AMD0207.fastq,s3://amili-global-archive/SHOTGUN/v3/batch13/B13AMD0207/kneaddata/B13AMD0207_stat.tsv,s3://amili-global-archive/SHOTGUN/v3/batch13/B13AMD0207/metaphlan/B13AMD0207_metaphlan.tsv,s3://amili-global-archive/SHOTGUN/v3/batch13/B13AMD0207/humann/B13AMD0207_pathabundance.tsv,s3://amili-global-archive/SHOTGUN/v3/batch13/B13AMD0207/humann/B13AMD0207_reaction_ec.tsv,s3://amili-global-archive/SHOTGUN/v3/batch13/B13AMD0207/humann/B13AMD0207_genefamilies.tsv,s3://amili-global-archive/SHOTGUN/v3/batch13/B13AMD0207/humann/B13AMD0207_reaction_ko.tsv,s3://amili-analysis-lab/Macrogen/sequencing-data/batch_13-231samples/B13AMD0207_1.fastq.gz,s3://amili-analysis-lab/Macrogen/sequencing-data/batch_13-231samples/B13AMD0207_2.fastq.gz
B13AMD0207,BATCH13,,AMDJ-DZYT-RT6G,AMD0207,AMD,SHOTGUN,v3,s3://amili-global-archive/SHOTGUN/v3/batch_13/B13AMD0207/kneaddata/B13AMD0207.fastq,s3://amili-global-archive/SHOTGUN/v3/batch_13/B13AMD0207/kneaddata/B13AMD0207_stat.tsv,s3://amili-global-archive/SHOTGUN/v3/batch_13/B13AMD0207/metaphlan/B13AMD0207_metaphlan.tsv,s3://amili-global-archive/SHOTGUN/v3/batch_13/B13AMD0207/humann/B13AMD0207_pathabundance.tsv,s3://amili-global-archive/SHOTGUN/v3/batch_13/B13AMD0207/humann/B13AMD0207_reaction_ec.tsv,s3://amili-global-archive/SHOTGUN/v3/batch_13/B13AMD0207/humann/B13AMD0207_genefamilies.tsv,s3://amili-global-archive/SHOTGUN/v3/batch_13/B13AMD0207/humann/B13AMD0207_reaction_ko.tsv,s3://amili-analysis-lab/Macrogen/sequencing-data/batch_13-231samples/B13AMD0207_1.fastq.gz,s3://amili-analysis-lab/Macrogen/sequencing-data/batch_13-231samples/B13AMD0207_2.fastq.gz
B13AMD0318,BATCH13,,AMDJ-RDJR-ABAY,AMD0318,AMD,SHOTGUN,v3,s3://amili-global-archive/SHOTGUN/v3/batch_13/B13AMD0318/kneaddata/B13AMD0318.fastq,s3://amili-global-archive/SHOTGUN/v3/batch_13/B13AMD0318/kneaddata/B13AMD0318_stat.tsv,s3://amili-global-archive/SHOTGUN/v3/batch_13/B13AMD0318/metaphlan/B13AMD0318_metaphlan.tsv,s3://amili-global-archive/SHOTGUN/v3/batch_13/B13AMD0318/humann/B13AMD0318_pathabundance.tsv,s3://amili-global-archive/SHOTGUN/v3/batch_13/B13AMD0318/humann/B13AMD0318_reaction_ec.tsv,s3://amili-global-archive/SHOTGUN/v3/batch_13/B13AMD0318/humann/B13AMD0318_genefamilies.tsv,s3://amili-global-archive/SHOTGUN/v3/batch_13/B13AMD0318/humann/B13AMD0318_reaction_ko.tsv,s3://amili-analysis-lab/Macrogen/sequencing-data/batch_13-231samples/B13AMD0318_1.fastq.gz,s3://amili-analysis-lab/Macrogen/sequencing-data/batch_13-231samples/B13AMD0318_2.fastq.gz
B13AMD0333,BATCH13,,AMDJ-HF2F-THJZ,AMD0333,AMD,SHOTGUN,v3,s3://amili-global-archive/SHOTGUN/v3/batch_13/B13AMD0333/kneaddata/B13AMD0333.fastq,s3://amili-global-archive/SHOTGUN/v3/batch_13/B13AMD0333/kneaddata/B13AMD0333_stat.tsv,s3://amili-global-archive/SHOTGUN/v3/batch_13/B13AMD0333/metaphlan/B13AMD0333_metaphlan.tsv,s3://amili-global-archive/SHOTGUN/v3/batch_13/B13AMD0333/humann/B13AMD0333_pathabundance.tsv,s3://amili-global-archive/SHOTGUN/v3/batch_13/B13AMD0333/humann/B13AMD0333_reaction_ec.tsv,s3://amili-global-archive/SHOTGUN/v3/batch_13/B13AMD0333/humann/B13AMD0333_genefamilies.tsv,s3://amili-global-archive/SHOTGUN/v3/batch_13/B13AMD0333/humann/B13AMD0333_reaction_ko.tsv,s3://amili-analysis-lab/Macrogen/sequencing-data/batch_13-231samples/B13AMD0333_1.fastq.gz,s3://amili-analysis-lab/Macrogen/sequencing-data/batch_13-231samples/B13AMD0333_2.fastq.gz
B13AMD0339,BATCH13,,AMDJ-GAE6-QKNV,AMD0339,AMD,SHOTGUN,v3,s3://amili-global-archive/SHOTGUN/v3/batch_13/B13AMD0339/kneaddata/B13AMD0339.fastq,s3://amili-global-archive/SHOTGUN/v3/batch_13/B13AMD0339/kneaddata/B13AMD0339_stat.tsv,s3://amili-global-archive/SHOTGUN/v3/batch_13/B13AMD0339/metaphlan/B13AMD0339_metaphlan.tsv,s3://amili-global-archive/SHOTGUN/v3/batch_13/B13AMD0339/humann/B13AMD0339_pathabundance.tsv,s3://amili-global-archive/SHOTGUN/v3/batch_13/B13AMD0339/humann/B13AMD0339_reaction_ec.tsv,s3://amili-global-archive/SHOTGUN/v3/batch_13/B13AMD0339/humann/B13AMD0339_genefamilies.tsv,s3://amili-global-archive/SHOTGUN/v3/batch_13/B13AMD0339/humann/B13AMD0339_reaction_ko.tsv,s3://amili-analysis-lab/Macrogen/sequencing-data/batch_13-231samples/B13AMD0339_1.fastq.gz,s3://amili-analysis-lab/Macrogen/sequencing-data/batch_13-231samples/B13AMD0339_2.fastq.gz
B13AMD0343,BATCH13,,AMDJ-BTDV-9WPJ,AMD0343,AMD,SHOTGUN,v3,s3://amili-global-archive/SHOTGUN/v3/batch_13-231samples/B13AMD0343/kneaddata/B13AMD0343.fastq,s3://amili-global-archive/SHOTGUN/v3/batch_13-231samples/B13AMD0343/kneaddata/B13AMD0343_stat.tsv,s3://amili-global-archive/SHOTGUN/v3/batch_13-231samples/B13AMD0343/metaphlan/B13AMD0343_metaphlan.tsv,s3://amili-global-archive/SHOTGUN/v3/batch_13-231samples/B13AMD0343/humann/B13AMD0343_pathabundance.tsv,s3://amili-global-archive/SHOTGUN/v3/batch_13-231samples/B13AMD0343/humann/B13AMD0343_reaction_ec.tsv,s3://amili-global-archive/SHOTGUN/v3/batch_13-231samples/B13AMD0343/humann/B13AMD0343_genefamilies.tsv,s3://amili-global-archive/SHOTGUN/v3/batch_13-231samples/B13AMD0343/humann/B13AMD0343_reaction_ko.tsv,s3://amili-analysis-lab/Macrogen/sequencing-data/batch_13-231samples/B13AMD0343_1.fastq.gz,s3://amili-analysis-lab/Macrogen/sequencing-data/batch_13-231samples/B13AMD0343_2.fastq.gz
B13AMD0343,BATCH13,,AMDJ-BTDV-9WPJ,AMD0343,AMD,SHOTGUN,v3,s3://amili-global-archive/SHOTGUN/v3/batch_13/B13AMD0343/kneaddata/B13AMD0343.fastq,s3://amili-global-archive/SHOTGUN/v3/batch_13/B13AMD0343/kneaddata/B13AMD0343_stat.tsv,s3://amili-global-archive/SHOTGUN/v3/batch_13/B13AMD0343/metaphlan/B13AMD0343_metaphlan.tsv,s3://amili-global-archive/SHOTGUN/v3/batch_13/B13AMD0343/humann/B13AMD0343_pathabundance.tsv,s3://amili-global-archive/SHOTGUN/v3/batch_13/B13AMD0343/humann/B13AMD0343_reaction_ec.tsv,s3://amili-global-archive/SHOTGUN/v3/batch_13/B13AMD0343/humann/B13AMD0343_genefamilies.tsv,s3://amili-global-archive/SHOTGUN/v3/batch_13/B13AMD0343/humann/B13AMD0343_reaction_ko.tsv,s3://amili-analysis-lab/Macrogen/sequencing-data/batch_13-231samples/B13AMD0343_1.fastq.gz,s3://amili-analysis-lab/Macrogen/sequencing-data/batch_13-231samples/B13AMD0343_2.fastq.gz
B13AMD0389,BATCH13,,AMDJ-6XA5-UXJS,AMD0389,AMD,SHOTGUN,v3,s3://amili-global-archive/SHOTGUN/v3/batch_13/B13AMD0389/kneaddata/B13AMD0389.fastq,s3://amili-global-archive/SHOTGUN/v3/batch_13/B13AMD0389/kneaddata/B13AMD0389_stat.tsv,s3://amili-global-archive/SHOTGUN/v3/batch_13/B13AMD0389/metaphlan/B13AMD0389_metaphlan.tsv,s3://amili-global-archive/SHOTGUN/v3/batch_13/B13AMD0389/humann/B13AMD0389_pathabundance.tsv,s3://amili-global-archive/SHOTGUN/v3/batch_13/B13AMD0389/humann/B13AMD0389_reaction_ec.tsv,s3://amili-global-archive/SHOTGUN/v3/batch_13/B13AMD0389/humann/B13AMD0389_genefamilies.tsv,s3://amili-global-archive/SHOTGUN/v3/batch_13/B13AMD0389/humann/B13AMD0389_reaction_ko.tsv,s3://amili-analysis-lab/Macrogen/sequencing-data/batch_13-231samples/B13AMD0389_1.fastq.gz,s3://amili-analysis-lab/Macrogen/sequencing-data/batch_13-231samples/B13AMD0389_2.fastq.gz
B13AMD0398,BATCH13,,AMDJ-75FT-B69P,AMD0398,AMD,SHOTGUN,v3,s3://amili-global-archive/SHOTGUN/v3/batch_13/B13AMD0398/kneaddata/B13AMD0398.fastq,s3://amili-global-archive/SHOTGUN/v3/batch_13/B13AMD0398/kneaddata/B13AMD0398_stat.tsv,s3://amili-global-archive/SHOTGUN/v3/batch_13/B13AMD0398/metaphlan/B13AMD0398_metaphlan.tsv,s3://amili-global-archive/SHOTGUN/v3/batch_13/B13AMD0398/humann/B13AMD0398_pathabundance.tsv,s3://amili-global-archive/SHOTGUN/v3/batch_13/B13AMD0398/humann/B13AMD0398_reaction_ec.tsv,s3://amili-global-archive/SHOTGUN/v3/batch_13/B13AMD0398/humann/B13AMD0398_genefamilies.tsv,s3://amili-global-archive/SHOTGUN/v3/batch_13/B13AMD0398/humann/B13AMD0398_reaction_ko.tsv,s3://amili-analysis-lab/Macrogen/sequencing-data/batch_13-231samples/B13AMD0398_1.fastq.gz,s3://amili-analysis-lab/Macrogen/sequencing-data/batch_13-231samples/B13AMD0398_2.fastq.gz
B13AMD0417,BATCH13,,AMDJ-FVXV-FNMT,AMD0417,AMD,SHOTGUN,v3,s3://amili-global-archive/SHOTGUN/v3/batch_13/B13AMD0417/kneaddata/B13AMD0417.fastq,s3://amili-global-archive/SHOTGUN/v3/batch_13/B13AMD0417/kneaddata/B13AMD0417_stat.tsv,s3://amili-global-archive/SHOTGUN/v3/batch_13/B13AMD0417/metaphlan/B13AMD0417_metaphlan.tsv,s3://amili-global-archive/SHOTGUN/v3/batch_13/B13AMD0417/humann/B13AMD0417_pathabundance.tsv,s3://amili-global-archive/SHOTGUN/v3/batch_13/B13AMD0417/humann/B13AMD0417_reaction_ec.tsv,s3://amili-global-archive/SHOTGUN/v3/batch_13/B13AMD0417/humann/B13AMD0417_genefamilies.tsv,s3://amili-global-archive/SHOTGUN/v3/batch_13/B13AMD0417/humann/B13AMD0417_reaction_ko.tsv,s3://amili-analysis-lab/Macrogen/sequencing-data/batch_13-231samples/B13AMD0417_1.fastq.gz,s3://amili-analysis-lab/Macrogen/sequencing-data/batch_13-231samples/B13AMD0417_2.fastq.gz
B13AMD0423,BATCH13,,AMDJ-2MS7-MJJR,AMD0423,AMD,SHOTGUN,v3,s3://amili-global-archive/SHOTGUN/v3/batch_13/B13AMD0423/kneaddata/B13AMD0423.fastq,s3://amili-global-archive/SHOTGUN/v3/batch_13/B13AMD0423/kneaddata/B13AMD0423_stat.tsv,s3://amili-global-archive/SHOTGUN/v3/batch_13/B13AMD0423/metaphlan/B13AMD0423_metaphlan.tsv,s3://amili-global-archive/SHOTGUN/v3/batch_13/B13AMD0423/humann/B13AMD0423_pathabundance.tsv,s3://amili-global-archive/SHOTGUN/v3/batch_13/B13AMD0423/humann/B13AMD0423_reaction_ec.tsv,s3://amili-global-archive/SHOTGUN/v3/batch_13/B13AMD0423/humann/B13AMD0423_genefamilies.tsv,s3://amili-global-archive/SHOTGUN/v3/batch_13/B13AMD0423/humann/B13AMD0423_reaction_ko.tsv,s3://amili-analysis-lab/Macrogen/sequencing-data/batch_13-231samples/B13AMD0423_1.fastq.gz,s3://amili-analysis-lab/Macrogen/sequencing-data/batch_13-231samples/B13AMD0423_2.fastq.gz
B13AMD0427,BATCH13,,AMDJ-FJ36-75KF,AMD0427,AMD,SHOTGUN,v3,s3://amili-global-archive/SHOTGUN/v3/batch_13/B13AMD0427/kneaddata/B13AMD0427.fastq,s3://amili-global-archive/SHOTGUN/v3/batch_13/B13AMD0427/kneaddata/B13AMD0427_stat.tsv,s3://amili-global-archive/SHOTGUN/v3/batch_13/B13AMD0427/metaphlan/B13AMD0427_metaphlan.tsv,s3://amili-global-archive/SHOTGUN/v3/batch_13/B13AMD0427/humann/B13AMD0427_pathabundance.tsv,s3://amili-global-archive/SHOTGUN/v3/batch_13/B13AMD0427/humann/B13AMD0427_reaction_ec.tsv,s3://amili-global-archive/SHOTGUN/v3/batch_13/B13AMD0427/humann/B13AMD0427_genefamilies.tsv,s3://amili-global-archive/SHOTGUN/v3/batch_13/B13AMD0427/humann/B13AMD0427_reaction_ko.tsv,s3://amili-analysis-lab/Macrogen/sequencing-data/batch_13-231samples/B13AMD0427_1.fastq.gz,s3://amili-analysis-lab/Macrogen/sequencing-data/batch_13-231samples/B13AMD0427_2.fastq.gz
B13AMD0445,BATCH13,,AMDJ-JJN5-9H93,AMD0445,AMD,SHOTGUN,v3,s3://amili-global-archive/SHOTGUN/v3/batch_13/B13AMD0445/kneaddata/B13AMD0445.fastq,s3://amili-global-archive/SHOTGUN/v3/batch_13/B13AMD0445/kneaddata/B13AMD0445_stat.tsv,s3://amili-global-archive/SHOTGUN/v3/batch_13/B13AMD0445/metaphlan/B13AMD0445_metaphlan.tsv,s3://amili-global-archive/SHOTGUN/v3/batch_13/B13AMD0445/humann/B13AMD0445_pathabundance.tsv,s3://amili-global-archive/SHOTGUN/v3/batch_13/B13AMD0445/humann/B13AMD0445_reaction_ec.tsv,s3://amili-global-archive/SHOTGUN/v3/batch_13/B13AMD0445/humann/B13AMD0445_genefamilies.tsv,s3://amili-global-archive/SHOTGUN/v3/batch_13/B13AMD0445/humann/B13AMD0445_reaction_ko.tsv,s3://amili-analysis-lab/Macrogen/sequencing-data/batch_13-231samples/B13AMD0445_1.fastq.gz,s3://amili-analysis-lab/Macrogen/sequencing-data/batch_13-231samples/B13AMD0445_2.fastq.gz
B13AMD0646,BATCH13,,AMDJ-T387-8NDU,AMD0646,AMD,SHOTGUN,v3,,s3://amili-global-archive/SHOTGUN/v3/batch_5/B13AMD0646/kneaddata/B13AMD0646_stat.tsv,,,,,,s3://amili-analysis-lab/Macrogen/sequencing-data/batch_13-231samples/B13AMD0646_1.fastq.gz,s3://amili-analysis-lab/Macrogen/sequencing-data/batch_13-231samples/B13AMD0646_2.fastq.gz
AML_AMD0109201105,BATCH4-RUN3,,AMDJ-BB5Y-6EWE,AMD0109,AMD,SHOTGUN,v3,s3://amili-global-archive/SHOTGUN/v3/batch_4/AMD0109201105/kneaddata/AMD0109201105.fastq,s3://amili-global-archive/SHOTGUN/v3/batch_4/AMD0109201105/kneaddata/AMD0109201105_stat.tsv,s3://amili-global-archive/SHOTGUN/v3/batch_4/AMD0109201105/metaphlan/AMD0109201105_metaphlan.tsv,,,,,,
B13AMD0451,BATCH13,,AMDJ-F2ZD-UY7V,AMD0451,AMD,SHOTGUN,v3,s3://amili-global-archive/SHOTGUN/v3/batch_13/B13AMD0451/kneaddata/B13AMD0451.fastq,s3://amili-global-archive/SHOTGUN/v3/batch_13/B13AMD0451/kneaddata/B13AMD0451_stat.tsv,s3://amili-global-archive/SHOTGUN/v3/batch_13/B13AMD0451/metaphlan/B13AMD0451_metaphlan.tsv,s3://amili-global-archive/SHOTGUN/v3/batch_13/B13AMD0451/humann/B13AMD0451_pathabundance.tsv,s3://amili-global-archive/SHOTGUN/v3/batch_13/B13AMD0451/humann/B13AMD0451_reaction_ec.tsv,s3://amili-global-archive/SHOTGUN/v3/batch_13/B13AMD0451/humann/B13AMD0451_genefamilies.tsv,s3://amili-global-archive/SHOTGUN/v3/batch_13/B13AMD0451/humann/B13AMD0451_reaction_ko.tsv,s3://amili-analysis-lab/Macrogen/sequencing-data/batch_13-231samples/B13AMD0451_1.fastq.gz,s3://amili-analysis-lab/Macrogen/sequencing-data/batch_13-231samples/B13AMD0451_2.fastq.gz
B13AMD0453,BATCH13,,AMDJ-KTR8-U87H,AMD0453,AMD,SHOTGUN,v3,s3://amili-global-archive/SHOTGUN/v3/Batch13/B13AMD0453/kneaddata/B13AMD0453.fastq,s3://amili-global-archive/SHOTGUN/v3/Batch13/B13AMD0453/kneaddata/B13AMD0453_stat.tsv,s3://amili-global-archive/SHOTGUN/v3/Batch13/B13AMD0453/metaphlan/B13AMD0453_metaphlan.tsv,s3://amili-global-archive/SHOTGUN/v3/Batch13/B13AMD0453/humann/B13AMD0453_pathabundance.tsv,s3://amili-global-archive/SHOTGUN/v3/Batch13/B13AMD0453/humann/B13AMD0453_reaction_ec.tsv,s3://amili-global-archive/SHOTGUN/v3/Batch13/B13AMD0453/humann/B13AMD0453_genefamilies.tsv,s3://amili-global-archive/SHOTGUN/v3/Batch13/B13AMD0453/humann/B13AMD0453_reaction_ko.tsv,s3://amili-analysis-lab/Macrogen/sequencing-data/batch_13-231samples/B13AMD0453_1.fastq.gz,s3://amili-analysis-lab/Macrogen/sequencing-data/batch_13-231samples/B13AMD0453_2.fastq.gz
B13AMD0453,BATCH13,,AMDJ-KTR8-U87H,AMD0453,AMD,SHOTGUN,v3,s3://amili-global-archive/SHOTGUN/v3/batch_13/B13AMD0453/kneaddata/B13AMD0453.fastq,s3://amili-global-archive/SHOTGUN/v3/batch_13/B13AMD0453/kneaddata/B13AMD0453_stat.tsv,s3://amili-global-archive/SHOTGUN/v3/batch_13/B13AMD0453/metaphlan/B13AMD0453_metaphlan.tsv,s3://amili-global-archive/SHOTGUN/v3/batch_13/B13AMD0453/humann/B13AMD0453_pathabundance.tsv,s3://amili-global-archive/SHOTGUN/v3/batch_13/B13AMD0453/humann/B13AMD0453_reaction_ec.tsv,s3://amili-global-archive/SHOTGUN/v3/batch_13/B13AMD0453/humann/B13AMD0453_genefamilies.tsv,s3://amili-global-archive/SHOTGUN/v3/batch_13/B13AMD0453/humann/B13AMD0453_reaction_ko.tsv,s3://amili-analysis-lab/Macrogen/sequencing-data/batch_13-231samples/B13AMD0453_1.fastq.gz,s3://amili-analysis-lab/Macrogen/sequencing-data/batch_13-231samples/B13AMD0453_2.fastq.gz
B13AMD0454,BATCH13,,AMDJ-G35E-2984,AMD0454,AMD,SHOTGUN,v3,s3://amili-global-archive/SHOTGUN/v3/batch_13/B13AMD0454/kneaddata/B13AMD0454.fastq,s3://amili-global-archive/SHOTGUN/v3/batch_13/B13AMD0454/kneaddata/B13AMD0454_stat.tsv,s3://amili-global-archive/SHOTGUN/v3/batch_13/B13AMD0454/metaphlan/B13AMD0454_metaphlan.tsv,s3://amili-global-archive/SHOTGUN/v3/batch_13/B13AMD0454/humann/B13AMD0454_pathabundance.tsv,s3://amili-global-archive/SHOTGUN/v3/batch_13/B13AMD0454/humann/B13AMD0454_reaction_ec.tsv,s3://amili-global-archive/SHOTGUN/v3/batch_13/B13AMD0454/humann/B13AMD0454_genefamilies.tsv,s3://amili-global-archive/SHOTGUN/v3/batch_13/B13AMD0454/humann/B13AMD0454_reaction_ko.tsv,s3://amili-analysis-lab/Macrogen/sequencing-data/batch_13-231samples/B13AMD0454_1.fastq.gz,s3://amili-analysis-lab/Macrogen/sequencing-data/batch_13-231samples/B13AMD0454_2.fastq.gz
B13AMD0458,BATCH13,,AMDJ-8B4K-FQ4M,AMD0458,AMD,SHOTGUN,v3,s3://amili-global-archive/SHOTGUN/v3/batch13/B13AMD0458/kneaddata/B13AMD0458.fastq,s3://amili-global-archive/SHOTGUN/v3/batch13/B13AMD0458/kneaddata/B13AMD0458_stat.tsv,s3://amili-global-archive/SHOTGUN/v3/batch13/B13AMD0458/metaphlan/B13AMD0458_metaphlan.tsv,s3://amili-global-archive/SHOTGUN/v3/batch13/B13AMD0458/humann/B13AMD0458_pathabundance.tsv,s3://amili-global-archive/SHOTGUN/v3/batch13/B13AMD0458/humann/B13AMD0458_reaction_ec.tsv,s3://amili-global-archive/SHOTGUN/v3/batch13/B13AMD0458/humann/B13AMD0458_genefamilies.tsv,s3://amili-global-archive/SHOTGUN/v3/batch13/B13AMD0458/humann/B13AMD0458_reaction_ko.tsv,s3://amili-analysis-lab/Macrogen/sequencing-data/batch_13-231samples/B13AMD0458_1.fastq.gz,s3://amili-analysis-lab/Macrogen/sequencing-data/batch_13-231samples/B13AMD0458_2.fastq.gz
B13AMD0458,BATCH13,,AMDJ-8B4K-FQ4M,AMD0458,AMD,SHOTGUN,v3,s3://amili-global-archive/SHOTGUN/v3/batch_13/B13AMD0458/kneaddata/B13AMD0458.fastq,s3://amili-global-archive/SHOTGUN/v3/batch_13/B13AMD0458/kneaddata/B13AMD0458_stat.tsv,s3://amili-global-archive/SHOTGUN/v3/batch_13/B13AMD0458/metaphlan/B13AMD0458_metaphlan.tsv,s3://amili-global-archive/SHOTGUN/v3/batch_13/B13AMD0458/humann/B13AMD0458_pathabundance.tsv,s3://amili-global-archive/SHOTGUN/v3/batch_13/B13AMD0458/humann/B13AMD0458_reaction_ec.tsv,s3://amili-global-archive/SHOTGUN/v3/batch_13/B13AMD0458/humann/B13AMD0458_genefamilies.tsv,s3://amili-global-archive/SHOTGUN/v3/batch_13/B13AMD0458/humann/B13AMD0458_reaction_ko.tsv,s3://amili-analysis-lab/Macrogen/sequencing-data/batch_13-231samples/B13AMD0458_1.fastq.gz,s3://amili-analysis-lab/Macrogen/sequencing-data/batch_13-231samples/B13AMD0458_2.fastq.gz
B13AMD0459,BATCH13,,AMDJ-U872-JBDA,AMD0459,AMD,SHOTGUN,v3,s3://amili-global-archive/SHOTGUN/v3/batch_13/B13AMD0459/kneaddata/B13AMD0459.fastq,s3://amili-global-archive/SHOTGUN/v3/batch_13/B13AMD0459/kneaddata/B13AMD0459_stat.tsv,s3://amili-global-archive/SHOTGUN/v3/batch_13/B13AMD0459/metaphlan/B13AMD0459_metaphlan.tsv,s3://amili-global-archive/SHOTGUN/v3/batch_13/B13AMD0459/humann/B13AMD0459_pathabundance.tsv,s3://amili-global-archive/SHOTGUN/v3/batch_13/B13AMD0459/humann/B13AMD0459_reaction_ec.tsv,s3://amili-global-archive/SHOTGUN/v3/batch_13/B13AMD0459/humann/B13AMD0459_genefamilies.tsv,s3://amili-global-archive/SHOTGUN/v3/batch_13/B13AMD0459/humann/B13AMD0459_reaction_ko.tsv,s3://amili-analysis-lab/Macrogen/sequencing-data/batch_13-231samples/B13AMD0459_1.fastq.gz,s3://amili-analysis-lab/Macrogen/sequencing-data/batch_13-231samples/B13AMD0459_2.fastq.gz
B13AMD0460,BATCH13,,AMDJ-UAT3-RB6N,AMD0460,AMD,SHOTGUN,v3,s3://amili-global-archive/SHOTGUN/v3/batch_13/B13AMD0460/kneaddata/B13AMD0460.fastq,s3://amili-global-archive/SHOTGUN/v3/batch_13/B13AMD0460/kneaddata/B13AMD0460_stat.tsv,s3://amili-global-archive/SHOTGUN/v3/batch_13/B13AMD0460/metaphlan/B13AMD0460_metaphlan.tsv,s3://amili-global-archive/SHOTGUN/v3/batch_13/B13AMD0460/humann/B13AMD0460_pathabundance.tsv,s3://amili-global-archive/SHOTGUN/v3/batch_13/B13AMD0460/humann/B13AMD0460_reaction_ec.tsv,s3://amili-global-archive/SHOTGUN/v3/batch_13/B13AMD0460/humann/B13AMD0460_genefamilies.tsv,s3://amili-global-archive/SHOTGUN/v3/batch_13/B13AMD0460/humann/B13AMD0460_reaction_ko.tsv,s3://amili-analysis-lab/Macrogen/sequencing-data/batch_13-231samples/B13AMD0460_1.fastq.gz,s3://amili-analysis-lab/Macrogen/sequencing-data/batch_13-231samples/B13AMD0460_2.fastq.gz
B13AMD0464,BATCH13,,AMDJ-4WPU-U83J,AMD0464,AMD,SHOTGUN,v3,s3://amili-global-archive/SHOTGUN/v3/batch_13/B13AMD0464/kneaddata/B13AMD0464.fastq,s3://amili-global-archive/SHOTGUN/v3/batch_13/B13AMD0464/kneaddata/B13AMD0464_stat.tsv,s3://amili-global-archive/SHOTGUN/v3/batch_13/B13AMD0464/metaphlan/B13AMD0464_metaphlan.tsv,s3://amili-global-archive/SHOTGUN/v3/batch_13/B13AMD0464/humann/B13AMD0464_pathabundance.tsv,s3://amili-global-archive/SHOTGUN/v3/batch_13/B13AMD0464/humann/B13AMD0464_reaction_ec.tsv,s3://amili-global-archive/SHOTGUN/v3/batch_13/B13AMD0464/humann/B13AMD0464_genefamilies.tsv,s3://amili-global-archive/SHOTGUN/v3/batch_13/B13AMD0464/humann/B13AMD0464_reaction_ko.tsv,s3://amili-analysis-lab/Macrogen/sequencing-data/batch_13-231samples/B13AMD0464_1.fastq.gz,s3://amili-analysis-lab/Macrogen/sequencing-data/batch_13-231samples/B13AMD0464_2.fastq.gz
B13AMD0470,BATCH13,,AMDJ-9E7F-JPEE,AMD0470,AMD,SHOTGUN,v3,s3://amili-global-archive/SHOTGUN/v3/batch_13/B13AMD0470/kneaddata/B13AMD0470.fastq,s3://amili-global-archive/SHOTGUN/v3/batch_13/B13AMD0470/kneaddata/B13AMD0470_stat.tsv,s3://amili-global-archive/SHOTGUN/v3/batch_13/B13AMD0470/metaphlan/B13AMD0470_metaphlan.tsv,s3://amili-global-archive/SHOTGUN/v3/batch_13/B13AMD0470/humann/B13AMD0470_pathabundance.tsv,s3://amili-global-archive/SHOTGUN/v3/batch_13/B13AMD0470/humann/B13AMD0470_reaction_ec.tsv,s3://amili-global-archive/SHOTGUN/v3/batch_13/B13AMD0470/humann/B13AMD0470_genefamilies.tsv,s3://amili-global-archive/SHOTGUN/v3/batch_13/B13AMD0470/humann/B13AMD0470_reaction_ko.tsv,s3://amili-analysis-lab/Macrogen/sequencing-data/batch_13-231samples/B13AMD0470_1.fastq.gz,s3://amili-analysis-lab/Macrogen/sequencing-data/batch_13-231samples/B13AMD0470_2.fastq.gz
B13AMD0474,BATCH13,,AMDJ-M35U-M59C,AMD0474,AMD,SHOTGUN,v3,s3://amili-global-archive/SHOTGUN/v3/batch_13/B13AMD0474/kneaddata/B13AMD0474.fastq,s3://amili-global-archive/SHOTGUN/v3/batch_13/B13AMD0474/kneaddata/B13AMD0474_stat.tsv,s3://amili-global-archive/SHOTGUN/v3/batch_13/B13AMD0474/metaphlan/B13AMD0474_metaphlan.tsv,s3://amili-global-archive/SHOTGUN/v3/batch_13/B13AMD0474/humann/B13AMD0474_pathabundance.tsv,s3://amili-global-archive/SHOTGUN/v3/batch_13/B13AMD0474/humann/B13AMD0474_reaction_ec.tsv,s3://amili-global-archive/SHOTGUN/v3/batch_13/B13AMD0474/humann/B13AMD0474_genefamilies.tsv,s3://amili-global-archive/SHOTGUN/v3/batch_13/B13AMD0474/humann/B13AMD0474_reaction_ko.tsv,s3://amili-analysis-lab/Macrogen/sequencing-data/batch_13-231samples/B13AMD0474_1.fastq.gz,s3://amili-analysis-lab/Macrogen/sequencing-data/batch_13-231samples/B13AMD0474_2.fastq.gz
B13AMD0476,BATCH13,,AMDJ-6AUY-58WC,AMD0476,AMD,SHOTGUN,v3,s3://amili-global-archive/SHOTGUN/v3/batch_13/B13AMD0476/kneaddata/B13AMD0476.fastq,s3://amili-global-archive/SHOTGUN/v3/batch_13/B13AMD0476/kneaddata/B13AMD0476_stat.tsv,s3://amili-global-archive/SHOTGUN/v3/batch_13/B13AMD0476/metaphlan/B13AMD0476_metaphlan.tsv,s3://amili-global-archive/SHOTGUN/v3/batch_13/B13AMD0476/humann/B13AMD0476_pathabundance.tsv,s3://amili-global-archive/SHOTGUN/v3/batch_13/B13AMD0476/humann/B13AMD0476_reaction_ec.tsv,s3://amili-global-archive/SHOTGUN/v3/batch_13/B13AMD0476/humann/B13AMD0476_genefamilies.tsv,s3://amili-global-archive/SHOTGUN/v3/batch_13/B13AMD0476/humann/B13AMD0476_reaction_ko.tsv,s3://amili-analysis-lab/Macrogen/sequencing-data/batch_13-231samples/B13AMD0476_1.fastq.gz,s3://amili-analysis-lab/Macrogen/sequencing-data/batch_13-231samples/B13AMD0476_2.fastq.gz
B13AMD0478,BATCH13,,AMDJ-BEX2-TGMC,AMD0478,AMD,SHOTGUN,v3,s3://amili-global-archive/SHOTGUN/v3/batch_13/B13AMD0478/kneaddata/B13AMD0478.fastq,s3://amili-global-archive/SHOTGUN/v3/batch_13/B13AMD0478/kneaddata/B13AMD0478_stat.tsv,s3://amili-global-archive/SHOTGUN/v3/batch_13/B13AMD0478/metaphlan/B13AMD0478_metaphlan.tsv,s3://amili-global-archive/SHOTGUN/v3/batch_13/B13AMD0478/humann/B13AMD0478_pathabundance.tsv,s3://amili-global-archive/SHOTGUN/v3/batch_13/B13AMD0478/humann/B13AMD0478_reaction_ec.tsv,s3://amili-global-archive/SHOTGUN/v3/batch_13/B13AMD0478/humann/B13AMD0478_genefamilies.tsv,s3://amili-global-archive/SHOTGUN/v3/batch_13/B13AMD0478/humann/B13AMD0478_reaction_ko.tsv,s3://amili-analysis-lab/Macrogen/sequencing-data/batch_13-231samples/B13AMD0478_1.fastq.gz,s3://amili-analysis-lab/Macrogen/sequencing-data/batch_13-231samples/B13AMD0478_2.fastq.gz
B13AMD0657,BATCH13,,AMDJ-KWR9-JDPH,AMD0657,AMD,SHOTGUN,v3,,s3://amili-global-archive/SHOTGUN/v3/batch_5/B13AMD0657/kneaddata/B13AMD0657_stat.tsv,,,,,,s3://amili-analysis-lab/Macrogen/sequencing-data/batch_13-231samples/B13AMD0657_1.fastq.gz,s3://amili-analysis-lab/Macrogen/sequencing-data/batch_13-231samples/B13AMD0657_2.fastq.gz
B13AMD0494,BATCH13,,AMDJ-H6W2-PMQ3,AMD0494,AMD,SHOTGUN,v3,s3://amili-global-archive/SHOTGUN/v3/batch_13/B13AMD0494/kneaddata/B13AMD0494.fastq,s3://amili-global-archive/SHOTGUN/v3/batch_13/B13AMD0494/kneaddata/B13AMD0494_stat.tsv,s3://amili-global-archive/SHOTGUN/v3/batch_13/B13AMD0494/metaphlan/B13AMD0494_metaphlan.tsv,s3://amili-global-archive/SHOTGUN/v3/batch_13/B13AMD0494/humann/B13AMD0494_pathabundance.tsv,s3://amili-global-archive/SHOTGUN/v3/batch_13/B13AMD0494/humann/B13AMD0494_reaction_ec.tsv,s3://amili-global-archive/SHOTGUN/v3/batch_13/B13AMD0494/humann/B13AMD0494_genefamilies.tsv,s3://amili-global-archive/SHOTGUN/v3/batch_13/B13AMD0494/humann/B13AMD0494_reaction_ko.tsv,s3://amili-analysis-lab/Macrogen/sequencing-data/batch_13-231samples/B13AMD0494_1.fastq.gz,s3://amili-analysis-lab/Macrogen/sequencing-data/batch_13-231samples/B13AMD0494_2.fastq.gz
B13AMD0495,BATCH13,,AMDJ-6H65-PERT,AMD0495,AMD,SHOTGUN,v3,s3://amili-global-archive/SHOTGUN/v3/batch_13/B13AMD0495/kneaddata/B13AMD0495.fastq,s3://amili-global-archive/SHOTGUN/v3/batch_13/B13AMD0495/kneaddata/B13AMD0495_stat.tsv,s3://amili-global-archive/SHOTGUN/v3/batch_13/B13AMD0495/metaphlan/B13AMD0495_metaphlan.tsv,s3://amili-global-archive/SHOTGUN/v3/batch_13/B13AMD0495/humann/B13AMD0495_pathabundance.tsv,s3://amili-global-archive/SHOTGUN/v3/batch_13/B13AMD0495/humann/B13AMD0495_reaction_ec.tsv,s3://amili-global-archive/SHOTGUN/v3/batch_13/B13AMD0495/humann/B13AMD0495_genefamilies.tsv,s3://amili-global-archive/SHOTGUN/v3/batch_13/B13AMD0495/humann/B13AMD0495_reaction_ko.tsv,s3://amili-analysis-lab/Macrogen/sequencing-data/batch_13-231samples/B13AMD0495_1.fastq.gz,s3://amili-analysis-lab/Macrogen/sequencing-data/batch_13-231samples/B13AMD0495_2.fastq.gz
B13AMD0499,BATCH13,,AMDJ-CAP8-J9CZ,AMD0499,AMD,SHOTGUN,v3,s3://amili-global-archive/SHOTGUN/v3/batch_13/B13AMD0499/kneaddata/B13AMD0499.fastq,s3://amili-global-archive/SHOTGUN/v3/batch_13/B13AMD0499/kneaddata/B13AMD0499_stat.tsv,s3://amili-global-archive/SHOTGUN/v3/batch_13/B13AMD0499/metaphlan/B13AMD0499_metaphlan.tsv,s3://amili-global-archive/SHOTGUN/v3/batch_13/B13AMD0499/humann/B13AMD0499_pathabundance.tsv,s3://amili-global-archive/SHOTGUN/v3/batch_13/B13AMD0499/humann/B13AMD0499_reaction_ec.tsv,s3://amili-global-archive/SHOTGUN/v3/batch_13/B13AMD0499/humann/B13AMD0499_genefamilies.tsv,s3://amili-global-archive/SHOTGUN/v3/batch_13/B13AMD0499/humann/B13AMD0499_reaction_ko.tsv,s3://amili-analysis-lab/Macrogen/sequencing-data/batch_13-231samples/B13AMD0499_1.fastq.gz,s3://amili-analysis-lab/Macrogen/sequencing-data/batch_13-231samples/B13AMD0499_2.fastq.gz
B13AMD0500,BATCH13,,AMDJ-TNGB-N4HK,AMD0500,AMD,SHOTGUN,v3,s3://amili-global-archive/SHOTGUN/v3/batch_13/B13AMD0500/kneaddata/B13AMD0500.fastq,s3://amili-global-archive/SHOTGUN/v3/batch_13/B13AMD0500/kneaddata/B13AMD0500_stat.tsv,s3://amili-global-archive/SHOTGUN/v3/batch_13/B13AMD0500/metaphlan/B13AMD0500_metaphlan.tsv,s3://amili-global-archive/SHOTGUN/v3/batch_13/B13AMD0500/humann/B13AMD0500_pathabundance.tsv,s3://amili-global-archive/SHOTGUN/v3/batch_13/B13AMD0500/humann/B13AMD0500_reaction_ec.tsv,s3://amili-global-archive/SHOTGUN/v3/batch_13/B13AMD0500/humann/B13AMD0500_genefamilies.tsv,s3://amili-global-archive/SHOTGUN/v3/batch_13/B13AMD0500/humann/B13AMD0500_reaction_ko.tsv,s3://amili-analysis-lab/Macrogen/sequencing-data/batch_13-231samples/B13AMD0500_1.fastq.gz,s3://amili-analysis-lab/Macrogen/sequencing-data/batch_13-231samples/B13AMD0500_2.fastq.gz
B13AMD0668,BATCH13,,AMDJ-KU9R-NNJB,AMD0668,AMD,SHOTGUN,v3,,s3://amili-global-archive/SHOTGUN/v3/batch_5/B13AMD0668/kneaddata/B13AMD0668_stat.tsv,,,,,,s3://amili-analysis-lab/Macrogen/sequencing-data/batch_13-231samples/B13AMD0668_1.fastq.gz,s3://amili-analysis-lab/Macrogen/sequencing-data/batch_13-231samples/B13AMD0668_2.fastq.gz
B13AMD0501,BATCH13,,AMDJ-ZXY2-SH5U,AMD0501,AMD,SHOTGUN,v3,s3://amili-global-archive/SHOTGUN/v3/batch_13/B13AMD0501/kneaddata/B13AMD0501.fastq,s3://amili-global-archive/SHOTGUN/v3/batch_13/B13AMD0501/kneaddata/B13AMD0501_stat.tsv,s3://amili-global-archive/SHOTGUN/v3/batch_13/B13AMD0501/metaphlan/B13AMD0501_metaphlan.tsv,s3://amili-global-archive/SHOTGUN/v3/batch_13/B13AMD0501/humann/B13AMD0501_pathabundance.tsv,s3://amili-global-archive/SHOTGUN/v3/batch_13/B13AMD0501/humann/B13AMD0501_reaction_ec.tsv,s3://amili-global-archive/SHOTGUN/v3/batch_13/B13AMD0501/humann/B13AMD0501_genefamilies.tsv,s3://amili-global-archive/SHOTGUN/v3/batch_13/B13AMD0501/humann/B13AMD0501_reaction_ko.tsv,s3://amili-analysis-lab/Macrogen/sequencing-data/batch_13-231samples/B13AMD0501_1.fastq.gz,s3://amili-analysis-lab/Macrogen/sequencing-data/batch_13-231samples/B13AMD0501_2.fastq.gz
B13AMD0503,BATCH13,,AMDJ-9W2X-BAA3,AMD0503,AMD,SHOTGUN,v3,s3://amili-global-archive/SHOTGUN/v3/batch_13/B13AMD0503/kneaddata/B13AMD0503.fastq,s3://amili-global-archive/SHOTGUN/v3/batch_13/B13AMD0503/kneaddata/B13AMD0503_stat.tsv,s3://amili-global-archive/SHOTGUN/v3/batch_13/B13AMD0503/metaphlan/B13AMD0503_metaphlan.tsv,s3://amili-global-archive/SHOTGUN/v3/batch_13/B13AMD0503/humann/B13AMD0503_pathabundance.tsv,s3://amili-global-archive/SHOTGUN/v3/batch_13/B13AMD0503/humann/B13AMD0503_reaction_ec.tsv,s3://amili-global-archive/SHOTGUN/v3/batch_13/B13AMD0503/humann/B13AMD0503_genefamilies.tsv,s3://amili-global-archive/SHOTGUN/v3/batch_13/B13AMD0503/humann/B13AMD0503_reaction_ko.tsv,s3://amili-analysis-lab/Macrogen/sequencing-data/batch_13-231samples/B13AMD0503_1.fastq.gz,s3://amili-analysis-lab/Macrogen/sequencing-data/batch_13-231samples/B13AMD0503_2.fastq.gz
B13AMD0507,BATCH13,,AMDJ-83Y3-NA8K,AMD0507,AMD,SHOTGUN,v3,s3://amili-global-archive/SHOTGUN/v3/batch_13/B13AMD0507/kneaddata/B13AMD0507.fastq,s3://amili-global-archive/SHOTGUN/v3/batch_13/B13AMD0507/kneaddata/B13AMD0507_stat.tsv,s3://amili-global-archive/SHOTGUN/v3/batch_13/B13AMD0507/metaphlan/B13AMD0507_metaphlan.tsv,s3://amili-global-archive/SHOTGUN/v3/batch_13/B13AMD0507/humann/B13AMD0507_pathabundance.tsv,s3://amili-global-archive/SHOTGUN/v3/batch_13/B13AMD0507/humann/B13AMD0507_reaction_ec.tsv,s3://amili-global-archive/SHOTGUN/v3/batch_13/B13AMD0507/humann/B13AMD0507_genefamilies.tsv,s3://amili-global-archive/SHOTGUN/v3/batch_13/B13AMD0507/humann/B13AMD0507_reaction_ko.tsv,s3://amili-analysis-lab/Macrogen/sequencing-data/batch_13-231samples/B13AMD0507_1.fastq.gz,s3://amili-analysis-lab/Macrogen/sequencing-data/batch_13-231samples/B13AMD0507_2.fastq.gz
B13AMD0508,BATCH13,,AMDJ-PN77-MMFC,AMD0508,AMD,SHOTGUN,v3,s3://amili-global-archive/SHOTGUN/v3/batch_13/B13AMD0508/kneaddata/B13AMD0508.fastq,s3://amili-global-archive/SHOTGUN/v3/batch_13/B13AMD0508/kneaddata/B13AMD0508_stat.tsv,s3://amili-global-archive/SHOTGUN/v3/batch_13/B13AMD0508/metaphlan/B13AMD0508_metaphlan.tsv,s3://amili-global-archive/SHOTGUN/v3/batch_13/B13AMD0508/humann/B13AMD0508_pathabundance.tsv,s3://amili-global-archive/SHOTGUN/v3/batch_13/B13AMD0508/humann/B13AMD0508_reaction_ec.tsv,s3://amili-global-archive/SHOTGUN/v3/batch_13/B13AMD0508/humann/B13AMD0508_genefamilies.tsv,s3://amili-global-archive/SHOTGUN/v3/batch_13/B13AMD0508/humann/B13AMD0508_reaction_ko.tsv,s3://amili-analysis-lab/Macrogen/sequencing-data/batch_13-231samples/B13AMD0508_1.fastq.gz,s3://amili-analysis-lab/Macrogen/sequencing-data/batch_13-231samples/B13AMD0508_2.fastq.gz
B13AMD0510,BATCH13,,AMDJ-Z7JH-3MNE,AMD0510,AMD,SHOTGUN,v3,s3://amili-global-archive/SHOTGUN/v3/batch_13/B13AMD0510/kneaddata/B13AMD0510.fastq,s3://amili-global-archive/SHOTGUN/v3/batch_13/B13AMD0510/kneaddata/B13AMD0510_stat.tsv,s3://amili-global-archive/SHOTGUN/v3/batch_13/B13AMD0510/metaphlan/B13AMD0510_metaphlan.tsv,s3://amili-global-archive/SHOTGUN/v3/batch_13/B13AMD0510/humann/B13AMD0510_pathabundance.tsv,s3://amili-global-archive/SHOTGUN/v3/batch_13/B13AMD0510/humann/B13AMD0510_reaction_ec.tsv,s3://amili-global-archive/SHOTGUN/v3/batch_13/B13AMD0510/humann/B13AMD0510_genefamilies.tsv,s3://amili-global-archive/SHOTGUN/v3/batch_13/B13AMD0510/humann/B13AMD0510_reaction_ko.tsv,s3://amili-analysis-lab/Macrogen/sequencing-data/batch_13-231samples/B13AMD0510_1.fastq.gz,s3://amili-analysis-lab/Macrogen/sequencing-data/batch_13-231samples/B13AMD0510_2.fastq.gz
B13AMD0719,BATCH13,,AMDJ-C9AZ-GPPJ,AMD0719,AMD,SHOTGUN,v3,,s3://amili-global-archive/SHOTGUN/v3/batch_5/B13AMD0719/kneaddata/B13AMD0719_stat.tsv,,,,,,s3://amili-analysis-lab/Macrogen/sequencing-data/batch_13-231samples/B13AMD0719_1.fastq.gz,s3://amili-analysis-lab/Macrogen/sequencing-data/batch_13-231samples/B13AMD0719_2.fastq.gz
B13AMD0519,BATCH13,,AMDJ-6U8H-VDW9,AMD0519,AMD,SHOTGUN,v3,s3://amili-global-archive/SHOTGUN/v3/batch_13/B13AMD0519/kneaddata/B13AMD0519.fastq,s3://amili-global-archive/SHOTGUN/v3/batch_13/B13AMD0519/kneaddata/B13AMD0519_stat.tsv,s3://amili-global-archive/SHOTGUN/v3/batch_13/B13AMD0519/metaphlan/B13AMD0519_metaphlan.tsv,s3://amili-global-archive/SHOTGUN/v3/batch_13/B13AMD0519/humann/B13AMD0519_pathabundance.tsv,s3://amili-global-archive/SHOTGUN/v3/batch_13/B13AMD0519/humann/B13AMD0519_reaction_ec.tsv,s3://amili-global-archive/SHOTGUN/v3/batch_13/B13AMD0519/humann/B13AMD0519_genefamilies.tsv,s3://amili-global-archive/SHOTGUN/v3/batch_13/B13AMD0519/humann/B13AMD0519_reaction_ko.tsv,s3://amili-analysis-lab/Macrogen/sequencing-data/batch_13-231samples/B13AMD0519_1.fastq.gz,s3://amili-analysis-lab/Macrogen/sequencing-data/batch_13-231samples/B13AMD0519_2.fastq.gz
B13AMD0520,BATCH13,,AMDJ-R4GB-SBMB,AMD0520,AMD,SHOTGUN,v3,s3://amili-global-archive/SHOTGUN/v3/batch_13/B13AMD0520/kneaddata/B13AMD0520.fastq,s3://amili-global-archive/SHOTGUN/v3/batch_13/B13AMD0520/kneaddata/B13AMD0520_stat.tsv,s3://amili-global-archive/SHOTGUN/v3/batch_13/B13AMD0520/metaphlan/B13AMD0520_metaphlan.tsv,s3://amili-global-archive/SHOTGUN/v3/batch_13/B13AMD0520/humann/B13AMD0520_pathabundance.tsv,s3://amili-global-archive/SHOTGUN/v3/batch_13/B13AMD0520/humann/B13AMD0520_reaction_ec.tsv,s3://amili-global-archive/SHOTGUN/v3/batch_13/B13AMD0520/humann/B13AMD0520_genefamilies.tsv,s3://amili-global-archive/SHOTGUN/v3/batch_13/B13AMD0520/humann/B13AMD0520_reaction_ko.tsv,s3://amili-analysis-lab/Macrogen/sequencing-data/batch_13-231samples/B13AMD0520_1.fastq.gz,s3://amili-analysis-lab/Macrogen/sequencing-data/batch_13-231samples/B13AMD0520_2.fastq.gz
B13AMD0521,BATCH13,,AMDJ-S976-9XSV,AMD0521,AMD,SHOTGUN,v3,s3://amili-global-archive/SHOTGUN/v3/batch_13/B13AMD0521/kneaddata/B13AMD0521.fastq,s3://amili-global-archive/SHOTGUN/v3/batch_13/B13AMD0521/kneaddata/B13AMD0521_stat.tsv,s3://amili-global-archive/SHOTGUN/v3/batch_13/B13AMD0521/metaphlan/B13AMD0521_metaphlan.tsv,s3://amili-global-archive/SHOTGUN/v3/batch_13/B13AMD0521/humann/B13AMD0521_pathabundance.tsv,s3://amili-global-archive/SHOTGUN/v3/batch_13/B13AMD0521/humann/B13AMD0521_reaction_ec.tsv,s3://amili-global-archive/SHOTGUN/v3/batch_13/B13AMD0521/humann/B13AMD0521_genefamilies.tsv,s3://amili-global-archive/SHOTGUN/v3/batch_13/B13AMD0521/humann/B13AMD0521_reaction_ko.tsv,s3://amili-analysis-lab/Macrogen/sequencing-data/batch_13-231samples/B13AMD0521_1.fastq.gz,s3://amili-analysis-lab/Macrogen/sequencing-data/batch_13-231samples/B13AMD0521_2.fastq.gz
B13AMD0522,BATCH13,,JJHP-ZE3S-NTHX,AMD0522,AMD,SHOTGUN,v3,s3://amili-global-archive/SHOTGUN/v3/batch_13/B13AMD0522/kneaddata/B13AMD0522.fastq,s3://amili-global-archive/SHOTGUN/v3/batch_13/B13AMD0522/kneaddata/B13AMD0522_stat.tsv,s3://amili-global-archive/SHOTGUN/v3/batch_13/B13AMD0522/metaphlan/B13AMD0522_metaphlan.tsv,s3://amili-global-archive/SHOTGUN/v3/batch_13/B13AMD0522/humann/B13AMD0522_pathabundance.tsv,s3://amili-global-archive/SHOTGUN/v3/batch_13/B13AMD0522/humann/B13AMD0522_reaction_ec.tsv,s3://amili-global-archive/SHOTGUN/v3/batch_13/B13AMD0522/humann/B13AMD0522_genefamilies.tsv,s3://amili-global-archive/SHOTGUN/v3/batch_13/B13AMD0522/humann/B13AMD0522_reaction_ko.tsv,s3://amili-analysis-lab/Macrogen/sequencing-data/batch_13-231samples/B13AMD0522_1.fastq.gz,s3://amili-analysis-lab/Macrogen/sequencing-data/batch_13-231samples/B13AMD0522_2.fastq.gz
B13AMD0765,BATCH13,,AMDJ-TRFT-9JEH,AMD0765,AMD,SHOTGUN,v3,,s3://amili-global-archive/SHOTGUN/v3/batch_5/B13AMD0765/kneaddata/B13AMD0765_stat.tsv,,,,,,s3://amili-analysis-lab/Macrogen/sequencing-data/batch_13-231samples/B13AMD0765_1.fastq.gz,s3://amili-analysis-lab/Macrogen/sequencing-data/batch_13-231samples/B13AMD0765_2.fastq.gz
B13AMD0530,BATCH13,,AMDJ-3Z8S-ZF53,AMD0530,AMD,SHOTGUN,v3,s3://amili-global-archive/SHOTGUN/v3/batch_13/B13AMD0530/kneaddata/B13AMD0530.fastq,s3://amili-global-archive/SHOTGUN/v3/batch_13/B13AMD0530/kneaddata/B13AMD0530_stat.tsv,s3://amili-global-archive/SHOTGUN/v3/batch_13/B13AMD0530/metaphlan/B13AMD0530_metaphlan.tsv,s3://amili-global-archive/SHOTGUN/v3/batch_13/B13AMD0530/humann/B13AMD0530_pathabundance.tsv,s3://amili-global-archive/SHOTGUN/v3/batch_13/B13AMD0530/humann/B13AMD0530_reaction_ec.tsv,s3://amili-global-archive/SHOTGUN/v3/batch_13/B13AMD0530/humann/B13AMD0530_genefamilies.tsv,s3://amili-global-archive/SHOTGUN/v3/batch_13/B13AMD0530/humann/B13AMD0530_reaction_ko.tsv,s3://amili-analysis-lab/Macrogen/sequencing-data/batch_13-231samples/B13AMD0530_1.fastq.gz,s3://amili-analysis-lab/Macrogen/sequencing-data/batch_13-231samples/B13AMD0530_2.fastq.gz
B13AMD0532,BATCH13,,AMDJ-VCJS-PYKX,AMD0532,AMD,SHOTGUN,v3,s3://amili-global-archive/SHOTGUN/v3/batch_13/B13AMD0532/kneaddata/B13AMD0532.fastq,s3://amili-global-archive/SHOTGUN/v3/batch_13/B13AMD0532/kneaddata/B13AMD0532_stat.tsv,s3://amili-global-archive/SHOTGUN/v3/batch_13/B13AMD0532/metaphlan/B13AMD0532_metaphlan.tsv,s3://amili-global-archive/SHOTGUN/v3/batch_13/B13AMD0532/humann/B13AMD0532_pathabundance.tsv,s3://amili-global-archive/SHOTGUN/v3/batch_13/B13AMD0532/humann/B13AMD0532_reaction_ec.tsv,s3://amili-global-archive/SHOTGUN/v3/batch_13/B13AMD0532/humann/B13AMD0532_genefamilies.tsv,s3://amili-global-archive/SHOTGUN/v3/batch_13/B13AMD0532/humann/B13AMD0532_reaction_ko.tsv,s3://amili-analysis-lab/Macrogen/sequencing-data/batch_13-231samples/B13AMD0532_1.fastq.gz,s3://amili-analysis-lab/Macrogen/sequencing-data/batch_13-231samples/B13AMD0532_2.fastq.gz
B13AMD0533,BATCH13,,AMDJ-SNJX-WQNZ,AMD0533,AMD,SHOTGUN,v3,s3://amili-global-archive/SHOTGUN/v3/batch_13/B13AMD0533/kneaddata/B13AMD0533.fastq,s3://amili-global-archive/SHOTGUN/v3/batch_13/B13AMD0533/kneaddata/B13AMD0533_stat.tsv,s3://amili-global-archive/SHOTGUN/v3/batch_13/B13AMD0533/metaphlan/B13AMD0533_metaphlan.tsv,s3://amili-global-archive/SHOTGUN/v3/batch_13/B13AMD0533/humann/B13AMD0533_pathabundance.tsv,s3://amili-global-archive/SHOTGUN/v3/batch_13/B13AMD0533/humann/B13AMD0533_reaction_ec.tsv,s3://amili-global-archive/SHOTGUN/v3/batch_13/B13AMD0533/humann/B13AMD0533_genefamilies.tsv,s3://amili-global-archive/SHOTGUN/v3/batch_13/B13AMD0533/humann/B13AMD0533_reaction_ko.tsv,s3://amili-analysis-lab/Macrogen/sequencing-data/batch_13-231samples/B13AMD0533_1.fastq.gz,s3://amili-analysis-lab/Macrogen/sequencing-data/batch_13-231samples/B13AMD0533_2.fastq.gz
B13AMD0534,BATCH13,,AMDJ-6WCS-B22Z,AMD0534,AMD,SHOTGUN,v3,s3://amili-global-archive/SHOTGUN/v3/batch_13/B13AMD0534/kneaddata/B13AMD0534.fastq,s3://amili-global-archive/SHOTGUN/v3/batch_13/B13AMD0534/kneaddata/B13AMD0534_stat.tsv,s3://amili-global-archive/SHOTGUN/v3/batch_13/B13AMD0534/metaphlan/B13AMD0534_metaphlan.tsv,s3://amili-global-archive/SHOTGUN/v3/batch_13/B13AMD0534/humann/B13AMD0534_pathabundance.tsv,s3://amili-global-archive/SHOTGUN/v3/batch_13/B13AMD0534/humann/B13AMD0534_reaction_ec.tsv,s3://amili-global-archive/SHOTGUN/v3/batch_13/B13AMD0534/humann/B13AMD0534_genefamilies.tsv,s3://amili-global-archive/SHOTGUN/v3/batch_13/B13AMD0534/humann/B13AMD0534_reaction_ko.tsv,s3://amili-analysis-lab/Macrogen/sequencing-data/batch_13-231samples/B13AMD0534_1.fastq.gz,s3://amili-analysis-lab/Macrogen/sequencing-data/batch_13-231samples/B13AMD0534_2.fastq.gz
B13AMD0539,BATCH13,,AMDJ-ARBX-28QS,AMD0539,AMD,SHOTGUN,v3,s3://amili-global-archive/SHOTGUN/v3/batch_13/B13AMD0539/kneaddata/B13AMD0539.fastq,s3://amili-global-archive/SHOTGUN/v3/batch_13/B13AMD0539/kneaddata/B13AMD0539_stat.tsv,s3://amili-global-archive/SHOTGUN/v3/batch_13/B13AMD0539/metaphlan/B13AMD0539_metaphlan.tsv,s3://amili-global-archive/SHOTGUN/v3/batch_13/B13AMD0539/humann/B13AMD0539_pathabundance.tsv,s3://amili-global-archive/SHOTGUN/v3/batch_13/B13AMD0539/humann/B13AMD0539_reaction_ec.tsv,s3://amili-global-archive/SHOTGUN/v3/batch_13/B13AMD0539/humann/B13AMD0539_genefamilies.tsv,s3://amili-global-archive/SHOTGUN/v3/batch_13/B13AMD0539/humann/B13AMD0539_reaction_ko.tsv,s3://amili-analysis-lab/Macrogen/sequencing-data/batch_13-231samples/B13AMD0539_1.fastq.gz,s3://amili-analysis-lab/Macrogen/sequencing-data/batch_13-231samples/B13AMD0539_2.fastq.gz
B13AMD0773,BATCH13,,AMDJ-CFPX-WBSW,AMD0773,AMD,SHOTGUN,v3,,s3://amili-global-archive/SHOTGUN/v3/batch_5/B13AMD0773/kneaddata/B13AMD0773_stat.tsv,,,,,,s3://amili-analysis-lab/Macrogen/sequencing-data/batch_13-231samples/B13AMD0773_1.fastq.gz,s3://amili-analysis-lab/Macrogen/sequencing-data/batch_13-231samples/B13AMD0773_2.fastq.gz
B13AMD0543,BATCH13,,AMDJ-K6SM-X8KV,AMD0543,AMD,SHOTGUN,v3,s3://amili-global-archive/SHOTGUN/v3/batch_13/B13AMD0543/kneaddata/B13AMD0543.fastq,s3://amili-global-archive/SHOTGUN/v3/batch_13/B13AMD0543/kneaddata/B13AMD0543_stat.tsv,s3://amili-global-archive/SHOTGUN/v3/batch_13/B13AMD0543/metaphlan/B13AMD0543_metaphlan.tsv,s3://amili-global-archive/SHOTGUN/v3/batch_13/B13AMD0543/humann/B13AMD0543_pathabundance.tsv,s3://amili-global-archive/SHOTGUN/v3/batch_13/B13AMD0543/humann/B13AMD0543_reaction_ec.tsv,s3://amili-global-archive/SHOTGUN/v3/batch_13/B13AMD0543/humann/B13AMD0543_genefamilies.tsv,s3://amili-global-archive/SHOTGUN/v3/batch_13/B13AMD0543/humann/B13AMD0543_reaction_ko.tsv,s3://amili-analysis-lab/Macrogen/sequencing-data/batch_13-231samples/B13AMD0543_1.fastq.gz,s3://amili-analysis-lab/Macrogen/sequencing-data/batch_13-231samples/B13AMD0543_2.fastq.gz
B13AMD0544,BATCH13,,AMDJ-28WB-Y7XA,AMD0544,AMD,SHOTGUN,v3,s3://amili-global-archive/SHOTGUN/v3/batch_13/B13AMD0544/kneaddata/B13AMD0544.fastq,s3://amili-global-archive/SHOTGUN/v3/batch_13/B13AMD0544/kneaddata/B13AMD0544_stat.tsv,s3://amili-global-archive/SHOTGUN/v3/batch_13/B13AMD0544/metaphlan/B13AMD0544_metaphlan.tsv,s3://amili-global-archive/SHOTGUN/v3/batch_13/B13AMD0544/humann/B13AMD0544_pathabundance.tsv,s3://amili-global-archive/SHOTGUN/v3/batch_13/B13AMD0544/humann/B13AMD0544_reaction_ec.tsv,s3://amili-global-archive/SHOTGUN/v3/batch_13/B13AMD0544/humann/B13AMD0544_genefamilies.tsv,s3://amili-global-archive/SHOTGUN/v3/batch_13/B13AMD0544/humann/B13AMD0544_reaction_ko.tsv,s3://amili-analysis-lab/Macrogen/sequencing-data/batch_13-231samples/B13AMD0544_1.fastq.gz,s3://amili-analysis-lab/Macrogen/sequencing-data/batch_13-231samples/B13AMD0544_2.fastq.gz
B13AMD0545,BATCH13,,AMDJ-8TUB-V2E2,AMD0545,AMD,SHOTGUN,v3,s3://amili-global-archive/SHOTGUN/v3/batch_13/B13AMD0545/kneaddata/B13AMD0545.fastq,s3://amili-global-archive/SHOTGUN/v3/batch_13/B13AMD0545/kneaddata/B13AMD0545_stat.tsv,s3://amili-global-archive/SHOTGUN/v3/batch_13/B13AMD0545/metaphlan/B13AMD0545_metaphlan.tsv,s3://amili-global-archive/SHOTGUN/v3/batch_13/B13AMD0545/humann/B13AMD0545_pathabundance.tsv,s3://amili-global-archive/SHOTGUN/v3/batch_13/B13AMD0545/humann/B13AMD0545_reaction_ec.tsv,s3://amili-global-archive/SHOTGUN/v3/batch_13/B13AMD0545/humann/B13AMD0545_genefamilies.tsv,s3://amili-global-archive/SHOTGUN/v3/batch_13/B13AMD0545/humann/B13AMD0545_reaction_ko.tsv,s3://amili-analysis-lab/Macrogen/sequencing-data/batch_13-231samples/B13AMD0545_1.fastq.gz,s3://amili-analysis-lab/Macrogen/sequencing-data/batch_13-231samples/B13AMD0545_2.fastq.gz
B13AMD0546,BATCH13,,AMDJ-MD7N-D8WD,AMD0546,AMD,SHOTGUN,v3,s3://amili-global-archive/SHOTGUN/v3/batch_13/B13AMD0546/kneaddata/B13AMD0546.fastq,s3://amili-global-archive/SHOTGUN/v3/batch_13/B13AMD0546/kneaddata/B13AMD0546_stat.tsv,s3://amili-global-archive/SHOTGUN/v3/batch_13/B13AMD0546/metaphlan/B13AMD0546_metaphlan.tsv,s3://amili-global-archive/SHOTGUN/v3/batch_13/B13AMD0546/humann/B13AMD0546_pathabundance.tsv,s3://amili-global-archive/SHOTGUN/v3/batch_13/B13AMD0546/humann/B13AMD0546_reaction_ec.tsv,s3://amili-global-archive/SHOTGUN/v3/batch_13/B13AMD0546/humann/B13AMD0546_genefamilies.tsv,s3://amili-global-archive/SHOTGUN/v3/batch_13/B13AMD0546/humann/B13AMD0546_reaction_ko.tsv,s3://amili-analysis-lab/Macrogen/sequencing-data/batch_13-231samples/B13AMD0546_1.fastq.gz,s3://amili-analysis-lab/Macrogen/sequencing-data/batch_13-231samples/B13AMD0546_2.fastq.gz
B13AMD0553,BATCH13,,AMDJ-NPG4-SSJJ,AMD0553,AMD,SHOTGUN,v3,s3://amili-global-archive/SHOTGUN/v3/batch_13/B13AMD0553/kneaddata/B13AMD0553.fastq,s3://amili-global-archive/SHOTGUN/v3/batch_13/B13AMD0553/kneaddata/B13AMD0553_stat.tsv,s3://amili-global-archive/SHOTGUN/v3/batch_13/B13AMD0553/metaphlan/B13AMD0553_metaphlan.tsv,s3://amili-global-archive/SHOTGUN/v3/batch_13/B13AMD0553/humann/B13AMD0553_pathabundance.tsv,s3://amili-global-archive/SHOTGUN/v3/batch_13/B13AMD0553/humann/B13AMD0553_reaction_ec.tsv,s3://amili-global-archive/SHOTGUN/v3/batch_13/B13AMD0553/humann/B13AMD0553_genefamilies.tsv,s3://amili-global-archive/SHOTGUN/v3/batch_13/B13AMD0553/humann/B13AMD0553_reaction_ko.tsv,s3://amili-analysis-lab/Macrogen/sequencing-data/batch_13-231samples/B13AMD0553_1.fastq.gz,s3://amili-analysis-lab/Macrogen/sequencing-data/batch_13-231samples/B13AMD0553_2.fastq.gz
B13AMD0555,BATCH13,,AMDJ-M43C-H32D,AMD0555,AMD,SHOTGUN,v3,s3://amili-global-archive/SHOTGUN/v3/batch_13/B13AMD0555/kneaddata/B13AMD0555.fastq,s3://amili-global-archive/SHOTGUN/v3/batch_13/B13AMD0555/kneaddata/B13AMD0555_stat.tsv,s3://amili-global-archive/SHOTGUN/v3/batch_13/B13AMD0555/metaphlan/B13AMD0555_metaphlan.tsv,s3://amili-global-archive/SHOTGUN/v3/batch_13/B13AMD0555/humann/B13AMD0555_pathabundance.tsv,s3://amili-global-archive/SHOTGUN/v3/batch_13/B13AMD0555/humann/B13AMD0555_reaction_ec.tsv,s3://amili-global-archive/SHOTGUN/v3/batch_13/B13AMD0555/humann/B13AMD0555_genefamilies.tsv,s3://amili-global-archive/SHOTGUN/v3/batch_13/B13AMD0555/humann/B13AMD0555_reaction_ko.tsv,s3://amili-analysis-lab/Macrogen/sequencing-data/batch_13-231samples/B13AMD0555_1.fastq.gz,s3://amili-analysis-lab/Macrogen/sequencing-data/batch_13-231samples/B13AMD0555_2.fastq.gz
B13AMD0557,BATCH13,,AMDJ-E8V9-GQYS,AMD0557,AMD,SHOTGUN,v3,s3://amili-global-archive/SHOTGUN/v3/batch_13/B13AMD0557/kneaddata/B13AMD0557.fastq,s3://amili-global-archive/SHOTGUN/v3/batch_13/B13AMD0557/kneaddata/B13AMD0557_stat.tsv,s3://amili-global-archive/SHOTGUN/v3/batch_13/B13AMD0557/metaphlan/B13AMD0557_metaphlan.tsv,s3://amili-global-archive/SHOTGUN/v3/batch_13/B13AMD0557/humann/B13AMD0557_pathabundance.tsv,s3://amili-global-archive/SHOTGUN/v3/batch_13/B13AMD0557/humann/B13AMD0557_reaction_ec.tsv,s3://amili-global-archive/SHOTGUN/v3/batch_13/B13AMD0557/humann/B13AMD0557_genefamilies.tsv,s3://amili-global-archive/SHOTGUN/v3/batch_13/B13AMD0557/humann/B13AMD0557_reaction_ko.tsv,s3://amili-analysis-lab/Macrogen/sequencing-data/batch_13-231samples/B13AMD0557_1.fastq.gz,s3://amili-analysis-lab/Macrogen/sequencing-data/batch_13-231samples/B13AMD0557_2.fastq.gz
B13AMD0558,BATCH13,,AMDJ-E326-EZGD,AMD0558,AMD,SHOTGUN,v3,s3://amili-global-archive/SHOTGUN/v3/batch_13/B13AMD0558/kneaddata/B13AMD0558.fastq,s3://amili-global-archive/SHOTGUN/v3/batch_13/B13AMD0558/kneaddata/B13AMD0558_stat.tsv,s3://amili-global-archive/SHOTGUN/v3/batch_13/B13AMD0558/metaphlan/B13AMD0558_metaphlan.tsv,s3://amili-global-archive/SHOTGUN/v3/batch_13/B13AMD0558/humann/B13AMD0558_pathabundance.tsv,s3://amili-global-archive/SHOTGUN/v3/batch_13/B13AMD0558/humann/B13AMD0558_reaction_ec.tsv,s3://amili-global-archive/SHOTGUN/v3/batch_13/B13AMD0558/humann/B13AMD0558_genefamilies.tsv,s3://amili-global-archive/SHOTGUN/v3/batch_13/B13AMD0558/humann/B13AMD0558_reaction_ko.tsv,s3://amili-analysis-lab/Macrogen/sequencing-data/batch_13-231samples/B13AMD0558_1.fastq.gz,s3://amili-analysis-lab/Macrogen/sequencing-data/batch_13-231samples/B13AMD0558_2.fastq.gz
B13AMD0560,BATCH13,,AMDJ-3RMY-C2AZ,AMD0560,AMD,SHOTGUN,v3,s3://amili-global-archive/SHOTGUN/v3/batch_13/B13AMD0560/kneaddata/B13AMD0560.fastq,s3://amili-global-archive/SHOTGUN/v3/batch_13/B13AMD0560/kneaddata/B13AMD0560_stat.tsv,s3://amili-global-archive/SHOTGUN/v3/batch_13/B13AMD0560/metaphlan/B13AMD0560_metaphlan.tsv,s3://amili-global-archive/SHOTGUN/v3/batch_13/B13AMD0560/humann/B13AMD0560_pathabundance.tsv,s3://amili-global-archive/SHOTGUN/v3/batch_13/B13AMD0560/humann/B13AMD0560_reaction_ec.tsv,s3://amili-global-archive/SHOTGUN/v3/batch_13/B13AMD0560/humann/B13AMD0560_genefamilies.tsv,s3://amili-global-archive/SHOTGUN/v3/batch_13/B13AMD0560/humann/B13AMD0560_reaction_ko.tsv,s3://amili-analysis-lab/Macrogen/sequencing-data/batch_13-231samples/B13AMD0560_1.fastq.gz,s3://amili-analysis-lab/Macrogen/sequencing-data/batch_13-231samples/B13AMD0560_2.fastq.gz
B13AMD0561,BATCH13,,AMDJ-U4WA-XHJN,AMD0561,AMD,SHOTGUN,v3,s3://amili-global-archive/SHOTGUN/v3/batch_13/B13AMD0561/kneaddata/B13AMD0561.fastq,s3://amili-global-archive/SHOTGUN/v3/batch_13/B13AMD0561/kneaddata/B13AMD0561_stat.tsv,s3://amili-global-archive/SHOTGUN/v3/batch_13/B13AMD0561/metaphlan/B13AMD0561_metaphlan.tsv,s3://amili-global-archive/SHOTGUN/v3/batch_13/B13AMD0561/humann/B13AMD0561_pathabundance.tsv,s3://amili-global-archive/SHOTGUN/v3/batch_13/B13AMD0561/humann/B13AMD0561_reaction_ec.tsv,s3://amili-global-archive/SHOTGUN/v3/batch_13/B13AMD0561/humann/B13AMD0561_genefamilies.tsv,s3://amili-global-archive/SHOTGUN/v3/batch_13/B13AMD0561/humann/B13AMD0561_reaction_ko.tsv,s3://amili-analysis-lab/Macrogen/sequencing-data/batch_13-231samples/B13AMD0561_1.fastq.gz,s3://amili-analysis-lab/Macrogen/sequencing-data/batch_13-231samples/B13AMD0561_2.fastq.gz
B13AMD0565,BATCH13,,AMDJ-ZVS6-HZ4S,AMD0565,AMD,SHOTGUN,v3,s3://amili-global-archive/SHOTGUN/v3/batch_13/B13AMD0565/kneaddata/B13AMD0565.fastq,s3://amili-global-archive/SHOTGUN/v3/batch_13/B13AMD0565/kneaddata/B13AMD0565_stat.tsv,s3://amili-global-archive/SHOTGUN/v3/batch_13/B13AMD0565/metaphlan/B13AMD0565_metaphlan.tsv,s3://amili-global-archive/SHOTGUN/v3/batch_13/B13AMD0565/humann/B13AMD0565_pathabundance.tsv,s3://amili-global-archive/SHOTGUN/v3/batch_13/B13AMD0565/humann/B13AMD0565_reaction_ec.tsv,s3://amili-global-archive/SHOTGUN/v3/batch_13/B13AMD0565/humann/B13AMD0565_genefamilies.tsv,s3://amili-global-archive/SHOTGUN/v3/batch_13/B13AMD0565/humann/B13AMD0565_reaction_ko.tsv,s3://amili-analysis-lab/Macrogen/sequencing-data/batch_13-231samples/B13AMD0565_1.fastq.gz,s3://amili-analysis-lab/Macrogen/sequencing-data/batch_13-231samples/B13AMD0565_2.fastq.gz
B13AMD0566,BATCH13,,AMDJ-XDHU-6CUQ,AMD0566,AMD,SHOTGUN,v3,s3://amili-global-archive/SHOTGUN/v3/batch_13/B13AMD0566/kneaddata/B13AMD0566.fastq,s3://amili-global-archive/SHOTGUN/v3/batch_13/B13AMD0566/kneaddata/B13AMD0566_stat.tsv,s3://amili-global-archive/SHOTGUN/v3/batch_13/B13AMD0566/metaphlan/B13AMD0566_metaphlan.tsv,s3://amili-global-archive/SHOTGUN/v3/batch_13/B13AMD0566/humann/B13AMD0566_pathabundance.tsv,s3://amili-global-archive/SHOTGUN/v3/batch_13/B13AMD0566/humann/B13AMD0566_reaction_ec.tsv,s3://amili-global-archive/SHOTGUN/v3/batch_13/B13AMD0566/humann/B13AMD0566_genefamilies.tsv,s3://amili-global-archive/SHOTGUN/v3/batch_13/B13AMD0566/humann/B13AMD0566_reaction_ko.tsv,s3://amili-analysis-lab/Macrogen/sequencing-data/batch_13-231samples/B13AMD0566_1.fastq.gz,s3://amili-analysis-lab/Macrogen/sequencing-data/batch_13-231samples/B13AMD0566_2.fastq.gz
B13AMD0567,BATCH13,,AMDJ-ZRXP-GQBH,AMD0567,AMD,SHOTGUN,v3,s3://amili-global-archive/SHOTGUN/v3/batch_13/B13AMD0567/kneaddata/B13AMD0567.fastq,s3://amili-global-archive/SHOTGUN/v3/batch_13/B13AMD0567/kneaddata/B13AMD0567_stat.tsv,s3://amili-global-archive/SHOTGUN/v3/batch_13/B13AMD0567/metaphlan/B13AMD0567_metaphlan.tsv,s3://amili-global-archive/SHOTGUN/v3/batch_13/B13AMD0567/humann/B13AMD0567_pathabundance.tsv,s3://amili-global-archive/SHOTGUN/v3/batch_13/B13AMD0567/humann/B13AMD0567_reaction_ec.tsv,s3://amili-global-archive/SHOTGUN/v3/batch_13/B13AMD0567/humann/B13AMD0567_genefamilies.tsv,s3://amili-global-archive/SHOTGUN/v3/batch_13/B13AMD0567/humann/B13AMD0567_reaction_ko.tsv,s3://amili-analysis-lab/Macrogen/sequencing-data/batch_13-231samples/B13AMD0567_1.fastq.gz,s3://amili-analysis-lab/Macrogen/sequencing-data/batch_13-231samples/B13AMD0567_2.fastq.gz
B13AMD0576,BATCH13,,AMDJ-4JD2-UPDY,AMD0576,AMD,SHOTGUN,v3,s3://amili-global-archive/SHOTGUN/v3/batch_13/B13AMD0576/kneaddata/B13AMD0576.fastq,s3://amili-global-archive/SHOTGUN/v3/batch_13/B13AMD0576/kneaddata/B13AMD0576_stat.tsv,s3://amili-global-archive/SHOTGUN/v3/batch_13/B13AMD0576/metaphlan/B13AMD0576_metaphlan.tsv,s3://amili-global-archive/SHOTGUN/v3/batch_13/B13AMD0576/humann/B13AMD0576_pathabundance.tsv,s3://amili-global-archive/SHOTGUN/v3/batch_13/B13AMD0576/humann/B13AMD0576_reaction_ec.tsv,s3://amili-global-archive/SHOTGUN/v3/batch_13/B13AMD0576/humann/B13AMD0576_genefamilies.tsv,s3://amili-global-archive/SHOTGUN/v3/batch_13/B13AMD0576/humann/B13AMD0576_reaction_ko.tsv,s3://amili-analysis-lab/Macrogen/sequencing-data/batch_13-231samples/B13AMD0576_1.fastq.gz,s3://amili-analysis-lab/Macrogen/sequencing-data/batch_13-231samples/B13AMD0576_2.fastq.gz
B13AMD0577,BATCH13,,AMDJ-F458-2R8S,AMD0577,AMD,SHOTGUN,v3,s3://amili-global-archive/SHOTGUN/v3/batch_13/B13AMD0577/kneaddata/B13AMD0577.fastq,s3://amili-global-archive/SHOTGUN/v3/batch_13/B13AMD0577/kneaddata/B13AMD0577_stat.tsv,s3://amili-global-archive/SHOTGUN/v3/batch_13/B13AMD0577/metaphlan/B13AMD0577_metaphlan.tsv,s3://amili-global-archive/SHOTGUN/v3/batch_13/B13AMD0577/humann/B13AMD0577_pathabundance.tsv,s3://amili-global-archive/SHOTGUN/v3/batch_13/B13AMD0577/humann/B13AMD0577_reaction_ec.tsv,s3://amili-global-archive/SHOTGUN/v3/batch_13/B13AMD0577/humann/B13AMD0577_genefamilies.tsv,s3://amili-global-archive/SHOTGUN/v3/batch_13/B13AMD0577/humann/B13AMD0577_reaction_ko.tsv,s3://amili-analysis-lab/Macrogen/sequencing-data/batch_13-231samples/B13AMD0577_1.fastq.gz,s3://amili-analysis-lab/Macrogen/sequencing-data/batch_13-231samples/B13AMD0577_2.fastq.gz
B13AMD0581,BATCH13,,AMDJ-MQRM-VXM7,AMD0581,AMD,SHOTGUN,v3,s3://amili-global-archive/SHOTGUN/v3/batch_13/B13AMD0581/kneaddata/B13AMD0581.fastq,s3://amili-global-archive/SHOTGUN/v3/batch_13/B13AMD0581/kneaddata/B13AMD0581_stat.tsv,s3://amili-global-archive/SHOTGUN/v3/batch_13/B13AMD0581/metaphlan/B13AMD0581_metaphlan.tsv,s3://amili-global-archive/SHOTGUN/v3/batch_13/B13AMD0581/humann/B13AMD0581_pathabundance.tsv,s3://amili-global-archive/SHOTGUN/v3/batch_13/B13AMD0581/humann/B13AMD0581_reaction_ec.tsv,s3://amili-global-archive/SHOTGUN/v3/batch_13/B13AMD0581/humann/B13AMD0581_genefamilies.tsv,s3://amili-global-archive/SHOTGUN/v3/batch_13/B13AMD0581/humann/B13AMD0581_reaction_ko.tsv,s3://amili-analysis-lab/Macrogen/sequencing-data/batch_13-231samples/B13AMD0581_1.fastq.gz,s3://amili-analysis-lab/Macrogen/sequencing-data/batch_13-231samples/B13AMD0581_2.fastq.gz
B13AMD0581,BATCH13,,AMDJ-MQRM-VXM7,AMD0581,AMD,SHOTGUN,v3,,s3://amili-global-archive/SHOTGUN/v3/batch_5/B13AMD0581/kneaddata/B13AMD0581_stat.tsv,,,,,,s3://amili-analysis-lab/Macrogen/sequencing-data/batch_13-231samples/B13AMD0581_1.fastq.gz,s3://amili-analysis-lab/Macrogen/sequencing-data/batch_13-231samples/B13AMD0581_2.fastq.gz
B13AMD0586,BATCH13,,AMDJ-YFQV-BT74,AMD0586,AMD,SHOTGUN,v3,s3://amili-global-archive/SHOTGUN/v3/batch_13/B13AMD0586/kneaddata/B13AMD0586.fastq,s3://amili-global-archive/SHOTGUN/v3/batch_13/B13AMD0586/kneaddata/B13AMD0586_stat.tsv,s3://amili-global-archive/SHOTGUN/v3/batch_13/B13AMD0586/metaphlan/B13AMD0586_metaphlan.tsv,s3://amili-global-archive/SHOTGUN/v3/batch_13/B13AMD0586/humann/B13AMD0586_pathabundance.tsv,s3://amili-global-archive/SHOTGUN/v3/batch_13/B13AMD0586/humann/B13AMD0586_reaction_ec.tsv,s3://amili-global-archive/SHOTGUN/v3/batch_13/B13AMD0586/humann/B13AMD0586_genefamilies.tsv,s3://amili-global-archive/SHOTGUN/v3/batch_13/B13AMD0586/humann/B13AMD0586_reaction_ko.tsv,s3://amili-analysis-lab/Macrogen/sequencing-data/batch_13-231samples/B13AMD0586_1.fastq.gz,s3://amili-analysis-lab/Macrogen/sequencing-data/batch_13-231samples/B13AMD0586_2.fastq.gz
B13AMD0586,BATCH13,,AMDJ-YFQV-BT74,AMD0586,AMD,SHOTGUN,v3,,s3://amili-global-archive/SHOTGUN/v3/batch_5/B13AMD0586/kneaddata/B13AMD0586_stat.tsv,,,,,,s3://amili-analysis-lab/Macrogen/sequencing-data/batch_13-231samples/B13AMD0586_1.fastq.gz,s3://amili-analysis-lab/Macrogen/sequencing-data/batch_13-231samples/B13AMD0586_2.fastq.gz
B13AMD0590,BATCH13,,VC3Z-8WHS-D2RG,AMD0590,AMD,SHOTGUN,v3,s3://amili-global-archive/SHOTGUN/v3/batch_13/B13AMD0590/kneaddata/B13AMD0590.fastq,s3://amili-global-archive/SHOTGUN/v3/batch_13/B13AMD0590/kneaddata/B13AMD0590_stat.tsv,s3://amili-global-archive/SHOTGUN/v3/batch_13/B13AMD0590/metaphlan/B13AMD0590_metaphlan.tsv,s3://amili-global-archive/SHOTGUN/v3/batch_13/B13AMD0590/humann/B13AMD0590_pathabundance.tsv,s3://amili-global-archive/SHOTGUN/v3/batch_13/B13AMD0590/humann/B13AMD0590_reaction_ec.tsv,s3://amili-global-archive/SHOTGUN/v3/batch_13/B13AMD0590/humann/B13AMD0590_genefamilies.tsv,s3://amili-global-archive/SHOTGUN/v3/batch_13/B13AMD0590/humann/B13AMD0590_reaction_ko.tsv,s3://amili-analysis-lab/Macrogen/sequencing-data/batch_13-231samples/B13AMD0590_1.fastq.gz,s3://amili-analysis-lab/Macrogen/sequencing-data/batch_13-231samples/B13AMD0590_2.fastq.gz
B13AMD0590,BATCH13,,VC3Z-8WHS-D2RG,AMD0590,AMD,SHOTGUN,v3,,s3://amili-global-archive/SHOTGUN/v3/batch_5/B13AMD0590/kneaddata/B13AMD0590_stat.tsv,,,,,,s3://amili-analysis-lab/Macrogen/sequencing-data/batch_13-231samples/B13AMD0590_1.fastq.gz,s3://amili-analysis-lab/Macrogen/sequencing-data/batch_13-231samples/B13AMD0590_2.fastq.gz
B13AMD0591,BATCH13,,AMDJ-K7H5-M33T,AMD0591,AMD,SHOTGUN,v3,s3://amili-global-archive/SHOTGUN/v3/batch_13/B13AMD0591/kneaddata/B13AMD0591.fastq,s3://amili-global-archive/SHOTGUN/v3/batch_13/B13AMD0591/kneaddata/B13AMD0591_stat.tsv,s3://amili-global-archive/SHOTGUN/v3/batch_13/B13AMD0591/metaphlan/B13AMD0591_metaphlan.tsv,s3://amili-global-archive/SHOTGUN/v3/batch_13/B13AMD0591/humann/B13AMD0591_pathabundance.tsv,s3://amili-global-archive/SHOTGUN/v3/batch_13/B13AMD0591/humann/B13AMD0591_reaction_ec.tsv,s3://amili-global-archive/SHOTGUN/v3/batch_13/B13AMD0591/humann/B13AMD0591_genefamilies.tsv,s3://amili-global-archive/SHOTGUN/v3/batch_13/B13AMD0591/humann/B13AMD0591_reaction_ko.tsv,s3://amili-analysis-lab/Macrogen/sequencing-data/batch_13-231samples/B13AMD0591_1.fastq.gz,s3://amili-analysis-lab/Macrogen/sequencing-data/batch_13-231samples/B13AMD0591_2.fastq.gz
B13AMD0591,BATCH13,,AMDJ-K7H5-M33T,AMD0591,AMD,SHOTGUN,v3,,s3://amili-global-archive/SHOTGUN/v3/batch_5/B13AMD0591/kneaddata/B13AMD0591_stat.tsv,,,,,,s3://amili-analysis-lab/Macrogen/sequencing-data/batch_13-231samples/B13AMD0591_1.fastq.gz,s3://amili-analysis-lab/Macrogen/sequencing-data/batch_13-231samples/B13AMD0591_2.fastq.gz
B13AMD0596,BATCH13,,AMDJ-FTHV-3PXP,AMD0596,AMD,SHOTGUN,v3,s3://amili-global-archive/SHOTGUN/v3/batch_13/B13AMD0596/kneaddata/B13AMD0596.fastq,s3://amili-global-archive/SHOTGUN/v3/batch_13/B13AMD0596/kneaddata/B13AMD0596_stat.tsv,s3://amili-global-archive/SHOTGUN/v3/batch_13/B13AMD0596/metaphlan/B13AMD0596_metaphlan.tsv,s3://amili-global-archive/SHOTGUN/v3/batch_13/B13AMD0596/humann/B13AMD0596_pathabundance.tsv,s3://amili-global-archive/SHOTGUN/v3/batch_13/B13AMD0596/humann/B13AMD0596_reaction_ec.tsv,s3://amili-global-archive/SHOTGUN/v3/batch_13/B13AMD0596/humann/B13AMD0596_genefamilies.tsv,s3://amili-global-archive/SHOTGUN/v3/batch_13/B13AMD0596/humann/B13AMD0596_reaction_ko.tsv,s3://amili-analysis-lab/Macrogen/sequencing-data/batch_13-231samples/B13AMD0596_1.fastq.gz,s3://amili-analysis-lab/Macrogen/sequencing-data/batch_13-231samples/B13AMD0596_2.fastq.gz
B13AMD0596,BATCH13,,AMDJ-FTHV-3PXP,AMD0596,AMD,SHOTGUN,v3,,s3://amili-global-archive/SHOTGUN/v3/batch_5/B13AMD0596/kneaddata/B13AMD0596_stat.tsv,,,,,,s3://amili-analysis-lab/Macrogen/sequencing-data/batch_13-231samples/B13AMD0596_1.fastq.gz,s3://amili-analysis-lab/Macrogen/sequencing-data/batch_13-231samples/B13AMD0596_2.fastq.gz
B13AMD0597,BATCH13,,YJQQ-RC8J-2YSH,AMD0597,AMD,SHOTGUN,v3,s3://amili-global-archive/SHOTGUN/v3/batch_13/B13AMD0597/kneaddata/B13AMD0597.fastq,s3://amili-global-archive/SHOTGUN/v3/batch_13/B13AMD0597/kneaddata/B13AMD0597_stat.tsv,s3://amili-global-archive/SHOTGUN/v3/batch_13/B13AMD0597/metaphlan/B13AMD0597_metaphlan.tsv,s3://amili-global-archive/SHOTGUN/v3/batch_13/B13AMD0597/humann/B13AMD0597_pathabundance.tsv,s3://amili-global-archive/SHOTGUN/v3/batch_13/B13AMD0597/humann/B13AMD0597_reaction_ec.tsv,s3://amili-global-archive/SHOTGUN/v3/batch_13/B13AMD0597/humann/B13AMD0597_genefamilies.tsv,s3://amili-global-archive/SHOTGUN/v3/batch_13/B13AMD0597/humann/B13AMD0597_reaction_ko.tsv,s3://amili-analysis-lab/Macrogen/sequencing-data/batch_13-231samples/B13AMD0597_1.fastq.gz,s3://amili-analysis-lab/Macrogen/sequencing-data/batch_13-231samples/B13AMD0597_2.fastq.gz
B13AMD0597,BATCH13,,YJQQ-RC8J-2YSH,AMD0597,AMD,SHOTGUN,v3,,s3://amili-global-archive/SHOTGUN/v3/batch_5/B13AMD0597/kneaddata/B13AMD0597_stat.tsv,,,,,,s3://amili-analysis-lab/Macrogen/sequencing-data/batch_13-231samples/B13AMD0597_1.fastq.gz,s3://amili-analysis-lab/Macrogen/sequencing-data/batch_13-231samples/B13AMD0597_2.fastq.gz
B13AMD0599,BATCH13,,AMDJ-9926-PZ26,AMD0599,AMD,SHOTGUN,v3,s3://amili-global-archive/SHOTGUN/v3/batch_13/B13AMD0599/kneaddata/B13AMD0599.fastq,s3://amili-global-archive/SHOTGUN/v3/batch_13/B13AMD0599/kneaddata/B13AMD0599_stat.tsv,s3://amili-global-archive/SHOTGUN/v3/batch_13/B13AMD0599/metaphlan/B13AMD0599_metaphlan.tsv,s3://amili-global-archive/SHOTGUN/v3/batch_13/B13AMD0599/humann/B13AMD0599_pathabundance.tsv,s3://amili-global-archive/SHOTGUN/v3/batch_13/B13AMD0599/humann/B13AMD0599_reaction_ec.tsv,s3://amili-global-archive/SHOTGUN/v3/batch_13/B13AMD0599/humann/B13AMD0599_genefamilies.tsv,s3://amili-global-archive/SHOTGUN/v3/batch_13/B13AMD0599/humann/B13AMD0599_reaction_ko.tsv,s3://amili-analysis-lab/Macrogen/sequencing-data/batch_13-231samples/B13AMD0599_1.fastq.gz,s3://amili-analysis-lab/Macrogen/sequencing-data/batch_13-231samples/B13AMD0599_2.fastq.gz
B13AMD0599,BATCH13,,AMDJ-9926-PZ26,AMD0599,AMD,SHOTGUN,v3,,s3://amili-global-archive/SHOTGUN/v3/batch_5/B13AMD0599/kneaddata/B13AMD0599_stat.tsv,,,,,,s3://amili-analysis-lab/Macrogen/sequencing-data/batch_13-231samples/B13AMD0599_1.fastq.gz,s3://amili-analysis-lab/Macrogen/sequencing-data/batch_13-231samples/B13AMD0599_2.fastq.gz
B13AMD0600,BATCH13,,AMDJ-BN87-TT3A,AMD0600,AMD,SHOTGUN,v3,s3://amili-global-archive/SHOTGUN/v3/batch_13/B13AMD0600/kneaddata/B13AMD0600.fastq,s3://amili-global-archive/SHOTGUN/v3/batch_13/B13AMD0600/kneaddata/B13AMD0600_stat.tsv,s3://amili-global-archive/SHOTGUN/v3/batch_13/B13AMD0600/metaphlan/B13AMD0600_metaphlan.tsv,s3://amili-global-archive/SHOTGUN/v3/batch_13/B13AMD0600/humann/B13AMD0600_pathabundance.tsv,s3://amili-global-archive/SHOTGUN/v3/batch_13/B13AMD0600/humann/B13AMD0600_reaction_ec.tsv,s3://amili-global-archive/SHOTGUN/v3/batch_13/B13AMD0600/humann/B13AMD0600_genefamilies.tsv,s3://amili-global-archive/SHOTGUN/v3/batch_13/B13AMD0600/humann/B13AMD0600_reaction_ko.tsv,s3://amili-analysis-lab/Macrogen/sequencing-data/batch_13-231samples/B13AMD0600_1.fastq.gz,s3://amili-analysis-lab/Macrogen/sequencing-data/batch_13-231samples/B13AMD0600_2.fastq.gz
B13AMD0601,BATCH13,,AMDJ-7NCT-KVVZ,AMD0601,AMD,SHOTGUN,v3,s3://amili-global-archive/SHOTGUN/v3/batch_13/B13AMD0601/kneaddata/B13AMD0601.fastq,s3://amili-global-archive/SHOTGUN/v3/batch_13/B13AMD0601/kneaddata/B13AMD0601_stat.tsv,s3://amili-global-archive/SHOTGUN/v3/batch_13/B13AMD0601/metaphlan/B13AMD0601_metaphlan.tsv,s3://amili-global-archive/SHOTGUN/v3/batch_13/B13AMD0601/humann/B13AMD0601_pathabundance.tsv,s3://amili-global-archive/SHOTGUN/v3/batch_13/B13AMD0601/humann/B13AMD0601_reaction_ec.tsv,s3://amili-global-archive/SHOTGUN/v3/batch_13/B13AMD0601/humann/B13AMD0601_genefamilies.tsv,s3://amili-global-archive/SHOTGUN/v3/batch_13/B13AMD0601/humann/B13AMD0601_reaction_ko.tsv,s3://amili-analysis-lab/Macrogen/sequencing-data/batch_13-231samples/B13AMD0601_1.fastq.gz,s3://amili-analysis-lab/Macrogen/sequencing-data/batch_13-231samples/B13AMD0601_2.fastq.gz
B13AMD0601,BATCH13,,AMDJ-7NCT-KVVZ,AMD0601,AMD,SHOTGUN,v3,,s3://amili-global-archive/SHOTGUN/v3/batch_5/B13AMD0601/kneaddata/B13AMD0601_stat.tsv,,,,,,s3://amili-analysis-lab/Macrogen/sequencing-data/batch_13-231samples/B13AMD0601_1.fastq.gz,s3://amili-analysis-lab/Macrogen/sequencing-data/batch_13-231samples/B13AMD0601_2.fastq.gz
B13AMD0604,BATCH13,,FHEC-N72J-YGC8,AMD0604,AMD,SHOTGUN,v3,s3://amili-global-archive/SHOTGUN/v3/batch_13-231samples/B13AMD0604/kneaddata/B13AMD0604.fastq,s3://amili-global-archive/SHOTGUN/v3/batch_13-231samples/B13AMD0604/kneaddata/B13AMD0604_stat.tsv,s3://amili-global-archive/SHOTGUN/v3/batch_13-231samples/B13AMD0604/metaphlan/B13AMD0604_metaphlan.tsv,s3://amili-global-archive/SHOTGUN/v3/batch_13-231samples/B13AMD0604/humann/B13AMD0604_pathabundance.tsv,s3://amili-global-archive/SHOTGUN/v3/batch_13-231samples/B13AMD0604/humann/B13AMD0604_reaction_ec.tsv,s3://amili-global-archive/SHOTGUN/v3/batch_13-231samples/B13AMD0604/humann/B13AMD0604_genefamilies.tsv,s3://amili-global-archive/SHOTGUN/v3/batch_13-231samples/B13AMD0604/humann/B13AMD0604_reaction_ko.tsv,s3://amili-analysis-lab/Macrogen/sequencing-data/batch_13-231samples/B13AMD0604_1.fastq.gz,s3://amili-analysis-lab/Macrogen/sequencing-data/batch_13-231samples/B13AMD0604_2.fastq.gz
B13AMD0604,BATCH13,,FHEC-N72J-YGC8,AMD0604,AMD,SHOTGUN,v3,s3://amili-global-archive/SHOTGUN/v3/batch_13/B13AMD0604/kneaddata/B13AMD0604.fastq,s3://amili-global-archive/SHOTGUN/v3/batch_13/B13AMD0604/kneaddata/B13AMD0604_stat.tsv,s3://amili-global-archive/SHOTGUN/v3/batch_13/B13AMD0604/metaphlan/B13AMD0604_metaphlan.tsv,s3://amili-global-archive/SHOTGUN/v3/batch_13/B13AMD0604/humann/B13AMD0604_pathabundance.tsv,s3://amili-global-archive/SHOTGUN/v3/batch_13/B13AMD0604/humann/B13AMD0604_reaction_ec.tsv,s3://amili-global-archive/SHOTGUN/v3/batch_13/B13AMD0604/humann/B13AMD0604_genefamilies.tsv,s3://amili-global-archive/SHOTGUN/v3/batch_13/B13AMD0604/humann/B13AMD0604_reaction_ko.tsv,s3://amili-analysis-lab/Macrogen/sequencing-data/batch_13-231samples/B13AMD0604_1.fastq.gz,s3://amili-analysis-lab/Macrogen/sequencing-data/batch_13-231samples/B13AMD0604_2.fastq.gz
B13AMD0604,BATCH13,,FHEC-N72J-YGC8,AMD0604,AMD,SHOTGUN,v3,,s3://amili-global-archive/SHOTGUN/v3/batch_5/B13AMD0604/kneaddata/B13AMD0604_stat.tsv,,,,,,s3://amili-analysis-lab/Macrogen/sequencing-data/batch_13-231samples/B13AMD0604_1.fastq.gz,s3://amili-analysis-lab/Macrogen/sequencing-data/batch_13-231samples/B13AMD0604_2.fastq.gz
B13AMD0606,BATCH13,,AMDJ-JKPQ-ZD4A,AMD0606,AMD,SHOTGUN,v3,s3://amili-global-archive/SHOTGUN/v3/batch_13/B13AMD0606/kneaddata/B13AMD0606.fastq,s3://amili-global-archive/SHOTGUN/v3/batch_13/B13AMD0606/kneaddata/B13AMD0606_stat.tsv,s3://amili-global-archive/SHOTGUN/v3/batch_13/B13AMD0606/metaphlan/B13AMD0606_metaphlan.tsv,s3://amili-global-archive/SHOTGUN/v3/batch_13/B13AMD0606/humann/B13AMD0606_pathabundance.tsv,s3://amili-global-archive/SHOTGUN/v3/batch_13/B13AMD0606/humann/B13AMD0606_reaction_ec.tsv,s3://amili-global-archive/SHOTGUN/v3/batch_13/B13AMD0606/humann/B13AMD0606_genefamilies.tsv,s3://amili-global-archive/SHOTGUN/v3/batch_13/B13AMD0606/humann/B13AMD0606_reaction_ko.tsv,s3://amili-analysis-lab/Macrogen/sequencing-data/batch_13-231samples/B13AMD0606_1.fastq.gz,s3://amili-analysis-lab/Macrogen/sequencing-data/batch_13-231samples/B13AMD0606_2.fastq.gz
B13AMD0606,BATCH13,,AMDJ-JKPQ-ZD4A,AMD0606,AMD,SHOTGUN,v3,,s3://amili-global-archive/SHOTGUN/v3/batch_5/B13AMD0606/kneaddata/B13AMD0606_stat.tsv,,,,,,s3://amili-analysis-lab/Macrogen/sequencing-data/batch_13-231samples/B13AMD0606_1.fastq.gz,s3://amili-analysis-lab/Macrogen/sequencing-data/batch_13-231samples/B13AMD0606_2.fastq.gz
B13AMD0608,BATCH13,,AMDJ-6R5B-5YQ8,AMD0608,AMD,SHOTGUN,v3,s3://amili-global-archive/SHOTGUN/v3/batch_13/B13AMD0608/kneaddata/B13AMD0608.fastq,s3://amili-global-archive/SHOTGUN/v3/batch_13/B13AMD0608/kneaddata/B13AMD0608_stat.tsv,s3://amili-global-archive/SHOTGUN/v3/batch_13/B13AMD0608/metaphlan/B13AMD0608_metaphlan.tsv,s3://amili-global-archive/SHOTGUN/v3/batch_13/B13AMD0608/humann/B13AMD0608_pathabundance.tsv,s3://amili-global-archive/SHOTGUN/v3/batch_13/B13AMD0608/humann/B13AMD0608_reaction_ec.tsv,s3://amili-global-archive/SHOTGUN/v3/batch_13/B13AMD0608/humann/B13AMD0608_genefamilies.tsv,s3://amili-global-archive/SHOTGUN/v3/batch_13/B13AMD0608/humann/B13AMD0608_reaction_ko.tsv,s3://amili-analysis-lab/Macrogen/sequencing-data/batch_13-231samples/B13AMD0608_1.fastq.gz,s3://amili-analysis-lab/Macrogen/sequencing-data/batch_13-231samples/B13AMD0608_2.fastq.gz
B13AMD0608,BATCH13,,AMDJ-6R5B-5YQ8,AMD0608,AMD,SHOTGUN,v3,,s3://amili-global-archive/SHOTGUN/v3/batch_5/B13AMD0608/kneaddata/B13AMD0608_stat.tsv,,,,,,s3://amili-analysis-lab/Macrogen/sequencing-data/batch_13-231samples/B13AMD0608_1.fastq.gz,s3://amili-analysis-lab/Macrogen/sequencing-data/batch_13-231samples/B13AMD0608_2.fastq.gz
B13AMD0611,BATCH13,,BXP4-V7KH-AR8X,AMD0611,AMD,SHOTGUN,v3,s3://amili-global-archive/SHOTGUN/v3/Batch13/B13AMD0611/kneaddata/B13AMD0611.fastq,s3://amili-global-archive/SHOTGUN/v3/Batch13/B13AMD0611/kneaddata/B13AMD0611_stat.tsv,s3://amili-global-archive/SHOTGUN/v3/Batch13/B13AMD0611/metaphlan/B13AMD0611_metaphlan.tsv,s3://amili-global-archive/SHOTGUN/v3/Batch13/B13AMD0611/humann/B13AMD0611_pathabundance.tsv,s3://amili-global-archive/SHOTGUN/v3/Batch13/B13AMD0611/humann/B13AMD0611_reaction_ec.tsv,s3://amili-global-archive/SHOTGUN/v3/Batch13/B13AMD0611/humann/B13AMD0611_genefamilies.tsv,s3://amili-global-archive/SHOTGUN/v3/Batch13/B13AMD0611/humann/B13AMD0611_reaction_ko.tsv,s3://amili-analysis-lab/Macrogen/sequencing-data/batch_13-231samples/B13AMD0611_1.fastq.gz,s3://amili-analysis-lab/Macrogen/sequencing-data/batch_13-231samples/B13AMD0611_2.fastq.gz
B13AMD0611,BATCH13,,BXP4-V7KH-AR8X,AMD0611,AMD,SHOTGUN,v3,s3://amili-global-archive/SHOTGUN/v3/batch_13/B13AMD0611/kneaddata/B13AMD0611.fastq,s3://amili-global-archive/SHOTGUN/v3/batch_13/B13AMD0611/kneaddata/B13AMD0611_stat.tsv,s3://amili-global-archive/SHOTGUN/v3/batch_13/B13AMD0611/metaphlan/B13AMD0611_metaphlan.tsv,s3://amili-global-archive/SHOTGUN/v3/batch_13/B13AMD0611/humann/B13AMD0611_pathabundance.tsv,s3://amili-global-archive/SHOTGUN/v3/batch_13/B13AMD0611/humann/B13AMD0611_reaction_ec.tsv,s3://amili-global-archive/SHOTGUN/v3/batch_13/B13AMD0611/humann/B13AMD0611_genefamilies.tsv,s3://amili-global-archive/SHOTGUN/v3/batch_13/B13AMD0611/humann/B13AMD0611_reaction_ko.tsv,s3://amili-analysis-lab/Macrogen/sequencing-data/batch_13-231samples/B13AMD0611_1.fastq.gz,s3://amili-analysis-lab/Macrogen/sequencing-data/batch_13-231samples/B13AMD0611_2.fastq.gz
B13AMD0611,BATCH13,,BXP4-V7KH-AR8X,AMD0611,AMD,SHOTGUN,v3,,s3://amili-global-archive/SHOTGUN/v3/batch_5/B13AMD0611/kneaddata/B13AMD0611_stat.tsv,,,,,,s3://amili-analysis-lab/Macrogen/sequencing-data/batch_13-231samples/B13AMD0611_1.fastq.gz,s3://amili-analysis-lab/Macrogen/sequencing-data/batch_13-231samples/B13AMD0611_2.fastq.gz
B13AMD0612,BATCH13,,AMDJ-3UW3-4TZV,AMD0612,AMD,SHOTGUN,v3,s3://amili-global-archive/SHOTGUN/v3/batch_13/B13AMD0612/kneaddata/B13AMD0612.fastq,s3://amili-global-archive/SHOTGUN/v3/batch_13/B13AMD0612/kneaddata/B13AMD0612_stat.tsv,s3://amili-global-archive/SHOTGUN/v3/batch_13/B13AMD0612/metaphlan/B13AMD0612_metaphlan.tsv,s3://amili-global-archive/SHOTGUN/v3/batch_13/B13AMD0612/humann/B13AMD0612_pathabundance.tsv,s3://amili-global-archive/SHOTGUN/v3/batch_13/B13AMD0612/humann/B13AMD0612_reaction_ec.tsv,s3://amili-global-archive/SHOTGUN/v3/batch_13/B13AMD0612/humann/B13AMD0612_genefamilies.tsv,s3://amili-global-archive/SHOTGUN/v3/batch_13/B13AMD0612/humann/B13AMD0612_reaction_ko.tsv,s3://amili-analysis-lab/Macrogen/sequencing-data/batch_13-231samples/B13AMD0612_1.fastq.gz,s3://amili-analysis-lab/Macrogen/sequencing-data/batch_13-231samples/B13AMD0612_2.fastq.gz
B13AMD0612,BATCH13,,AMDJ-3UW3-4TZV,AMD0612,AMD,SHOTGUN,v3,,s3://amili-global-archive/SHOTGUN/v3/batch_5/B13AMD0612/kneaddata/B13AMD0612_stat.tsv,,,,,,s3://amili-analysis-lab/Macrogen/sequencing-data/batch_13-231samples/B13AMD0612_1.fastq.gz,s3://amili-analysis-lab/Macrogen/sequencing-data/batch_13-231samples/B13AMD0612_2.fastq.gz
B13AMD0614,BATCH13,,AMDJ-EJ2S-24C7,AMD0614,AMD,SHOTGUN,v3,s3://amili-global-archive/SHOTGUN/v3/batch_13/B13AMD0614/kneaddata/B13AMD0614.fastq,s3://amili-global-archive/SHOTGUN/v3/batch_13/B13AMD0614/kneaddata/B13AMD0614_stat.tsv,s3://amili-global-archive/SHOTGUN/v3/batch_13/B13AMD0614/metaphlan/B13AMD0614_metaphlan.tsv,s3://amili-global-archive/SHOTGUN/v3/batch_13/B13AMD0614/humann/B13AMD0614_pathabundance.tsv,s3://amili-global-archive/SHOTGUN/v3/batch_13/B13AMD0614/humann/B13AMD0614_reaction_ec.tsv,s3://amili-global-archive/SHOTGUN/v3/batch_13/B13AMD0614/humann/B13AMD0614_genefamilies.tsv,s3://amili-global-archive/SHOTGUN/v3/batch_13/B13AMD0614/humann/B13AMD0614_reaction_ko.tsv,s3://amili-analysis-lab/Macrogen/sequencing-data/batch_13-231samples/B13AMD0614_1.fastq.gz,s3://amili-analysis-lab/Macrogen/sequencing-data/batch_13-231samples/B13AMD0614_2.fastq.gz
B13AMD0614,BATCH13,,AMDJ-EJ2S-24C7,AMD0614,AMD,SHOTGUN,v3,,s3://amili-global-archive/SHOTGUN/v3/batch_5/B13AMD0614/kneaddata/B13AMD0614_stat.tsv,,,,,,s3://amili-analysis-lab/Macrogen/sequencing-data/batch_13-231samples/B13AMD0614_1.fastq.gz,s3://amili-analysis-lab/Macrogen/sequencing-data/batch_13-231samples/B13AMD0614_2.fastq.gz
B13AMD0618,BATCH13,,AMDJ-SW4F-GZES,AMD0618,AMD,SHOTGUN,v3,s3://amili-global-archive/SHOTGUN/v3/batch_13/B13AMD0618/kneaddata/B13AMD0618.fastq,s3://amili-global-archive/SHOTGUN/v3/batch_13/B13AMD0618/kneaddata/B13AMD0618_stat.tsv,s3://amili-global-archive/SHOTGUN/v3/batch_13/B13AMD0618/metaphlan/B13AMD0618_metaphlan.tsv,s3://amili-global-archive/SHOTGUN/v3/batch_13/B13AMD0618/humann/B13AMD0618_pathabundance.tsv,s3://amili-global-archive/SHOTGUN/v3/batch_13/B13AMD0618/humann/B13AMD0618_reaction_ec.tsv,s3://amili-global-archive/SHOTGUN/v3/batch_13/B13AMD0618/humann/B13AMD0618_genefamilies.tsv,s3://amili-global-archive/SHOTGUN/v3/batch_13/B13AMD0618/humann/B13AMD0618_reaction_ko.tsv,s3://amili-analysis-lab/Macrogen/sequencing-data/batch_13-231samples/B13AMD0618_1.fastq.gz,s3://amili-analysis-lab/Macrogen/sequencing-data/batch_13-231samples/B13AMD0618_2.fastq.gz
B13AMD0618,BATCH13,,AMDJ-SW4F-GZES,AMD0618,AMD,SHOTGUN,v3,,s3://amili-global-archive/SHOTGUN/v3/batch_5/B13AMD0618/kneaddata/B13AMD0618_stat.tsv,,,,,,s3://amili-analysis-lab/Macrogen/sequencing-data/batch_13-231samples/B13AMD0618_1.fastq.gz,s3://amili-analysis-lab/Macrogen/sequencing-data/batch_13-231samples/B13AMD0618_2.fastq.gz
B13AMD0619,BATCH13,,AMDJ-AB9V-C5QW,AMD0619,AMD,SHOTGUN,v3,s3://amili-global-archive/SHOTGUN/v3/batch_13/B13AMD0619/kneaddata/B13AMD0619.fastq,s3://amili-global-archive/SHOTGUN/v3/batch_13/B13AMD0619/kneaddata/B13AMD0619_stat.tsv,s3://amili-global-archive/SHOTGUN/v3/batch_13/B13AMD0619/metaphlan/B13AMD0619_metaphlan.tsv,s3://amili-global-archive/SHOTGUN/v3/batch_13/B13AMD0619/humann/B13AMD0619_pathabundance.tsv,s3://amili-global-archive/SHOTGUN/v3/batch_13/B13AMD0619/humann/B13AMD0619_reaction_ec.tsv,s3://amili-global-archive/SHOTGUN/v3/batch_13/B13AMD0619/humann/B13AMD0619_genefamilies.tsv,s3://amili-global-archive/SHOTGUN/v3/batch_13/B13AMD0619/humann/B13AMD0619_reaction_ko.tsv,s3://amili-analysis-lab/Macrogen/sequencing-data/batch_13-231samples/B13AMD0619_1.fastq.gz,s3://amili-analysis-lab/Macrogen/sequencing-data/batch_13-231samples/B13AMD0619_2.fastq.gz
B13AMD0619,BATCH13,,AMDJ-AB9V-C5QW,AMD0619,AMD,SHOTGUN,v3,,s3://amili-global-archive/SHOTGUN/v3/batch_5/B13AMD0619/kneaddata/B13AMD0619_stat.tsv,,,,,,s3://amili-analysis-lab/Macrogen/sequencing-data/batch_13-231samples/B13AMD0619_1.fastq.gz,s3://amili-analysis-lab/Macrogen/sequencing-data/batch_13-231samples/B13AMD0619_2.fastq.gz
B13AMD0622,BATCH13,,AMDJ-CYRR-SCXH,AMD0622,AMD,SHOTGUN,v3,s3://amili-global-archive/SHOTGUN/v3/batch_13/B13AMD0622/kneaddata/B13AMD0622.fastq,s3://amili-global-archive/SHOTGUN/v3/batch_13/B13AMD0622/kneaddata/B13AMD0622_stat.tsv,s3://amili-global-archive/SHOTGUN/v3/batch_13/B13AMD0622/metaphlan/B13AMD0622_metaphlan.tsv,s3://amili-global-archive/SHOTGUN/v3/batch_13/B13AMD0622/humann/B13AMD0622_pathabundance.tsv,s3://amili-global-archive/SHOTGUN/v3/batch_13/B13AMD0622/humann/B13AMD0622_reaction_ec.tsv,s3://amili-global-archive/SHOTGUN/v3/batch_13/B13AMD0622/humann/B13AMD0622_genefamilies.tsv,s3://amili-global-archive/SHOTGUN/v3/batch_13/B13AMD0622/humann/B13AMD0622_reaction_ko.tsv,s3://amili-analysis-lab/Macrogen/sequencing-data/batch_13-231samples/B13AMD0622_1.fastq.gz,s3://amili-analysis-lab/Macrogen/sequencing-data/batch_13-231samples/B13AMD0622_2.fastq.gz
B13AMD0622,BATCH13,,AMDJ-CYRR-SCXH,AMD0622,AMD,SHOTGUN,v3,,s3://amili-global-archive/SHOTGUN/v3/batch_5/B13AMD0622/kneaddata/B13AMD0622_stat.tsv,,,,,,s3://amili-analysis-lab/Macrogen/sequencing-data/batch_13-231samples/B13AMD0622_1.fastq.gz,s3://amili-analysis-lab/Macrogen/sequencing-data/batch_13-231samples/B13AMD0622_2.fastq.gz
B13AMD0623,BATCH13,,AMDJ-299M-6T2P,AMD0623,AMD,SHOTGUN,v3,s3://amili-global-archive/SHOTGUN/v3/batch_13/B13AMD0623/kneaddata/B13AMD0623.fastq,s3://amili-global-archive/SHOTGUN/v3/batch_13/B13AMD0623/kneaddata/B13AMD0623_stat.tsv,s3://amili-global-archive/SHOTGUN/v3/batch_13/B13AMD0623/metaphlan/B13AMD0623_metaphlan.tsv,s3://amili-global-archive/SHOTGUN/v3/batch_13/B13AMD0623/humann/B13AMD0623_pathabundance.tsv,s3://amili-global-archive/SHOTGUN/v3/batch_13/B13AMD0623/humann/B13AMD0623_reaction_ec.tsv,s3://amili-global-archive/SHOTGUN/v3/batch_13/B13AMD0623/humann/B13AMD0623_genefamilies.tsv,s3://amili-global-archive/SHOTGUN/v3/batch_13/B13AMD0623/humann/B13AMD0623_reaction_ko.tsv,s3://amili-analysis-lab/Macrogen/sequencing-data/batch_13-231samples/B13AMD0623_1.fastq.gz,s3://amili-analysis-lab/Macrogen/sequencing-data/batch_13-231samples/B13AMD0623_2.fastq.gz
B13AMD0623,BATCH13,,AMDJ-299M-6T2P,AMD0623,AMD,SHOTGUN,v3,,s3://amili-global-archive/SHOTGUN/v3/batch_5/B13AMD0623/kneaddata/B13AMD0623_stat.tsv,,,,,,s3://amili-analysis-lab/Macrogen/sequencing-data/batch_13-231samples/B13AMD0623_1.fastq.gz,s3://amili-analysis-lab/Macrogen/sequencing-data/batch_13-231samples/B13AMD0623_2.fastq.gz
B13AMD0627,BATCH13,,AMDJ-QZ7V-8B8D,AMD0627,AMD,SHOTGUN,v3,s3://amili-global-archive/SHOTGUN/v3/batch_13/B13AMD0627/kneaddata/B13AMD0627.fastq,s3://amili-global-archive/SHOTGUN/v3/batch_13/B13AMD0627/kneaddata/B13AMD0627_stat.tsv,s3://amili-global-archive/SHOTGUN/v3/batch_13/B13AMD0627/metaphlan/B13AMD0627_metaphlan.tsv,s3://amili-global-archive/SHOTGUN/v3/batch_13/B13AMD0627/humann/B13AMD0627_pathabundance.tsv,s3://amili-global-archive/SHOTGUN/v3/batch_13/B13AMD0627/humann/B13AMD0627_reaction_ec.tsv,s3://amili-global-archive/SHOTGUN/v3/batch_13/B13AMD0627/humann/B13AMD0627_genefamilies.tsv,s3://amili-global-archive/SHOTGUN/v3/batch_13/B13AMD0627/humann/B13AMD0627_reaction_ko.tsv,s3://amili-analysis-lab/Macrogen/sequencing-data/batch_13-231samples/B13AMD0627_1.fastq.gz,s3://amili-analysis-lab/Macrogen/sequencing-data/batch_13-231samples/B13AMD0627_2.fastq.gz
B13AMD0627,BATCH13,,AMDJ-QZ7V-8B8D,AMD0627,AMD,SHOTGUN,v3,,s3://amili-global-archive/SHOTGUN/v3/batch_5/B13AMD0627/kneaddata/B13AMD0627_stat.tsv,,,,,,s3://amili-analysis-lab/Macrogen/sequencing-data/batch_13-231samples/B13AMD0627_1.fastq.gz,s3://amili-analysis-lab/Macrogen/sequencing-data/batch_13-231samples/B13AMD0627_2.fastq.gz
B13AMD0631,BATCH13,,AMDJ-9TPF-EJFS,AMD0631,AMD,SHOTGUN,v3,s3://amili-global-archive/SHOTGUN/v3/batch_13/B13AMD0631/kneaddata/B13AMD0631.fastq,s3://amili-global-archive/SHOTGUN/v3/batch_13/B13AMD0631/kneaddata/B13AMD0631_stat.tsv,s3://amili-global-archive/SHOTGUN/v3/batch_13/B13AMD0631/metaphlan/B13AMD0631_metaphlan.tsv,s3://amili-global-archive/SHOTGUN/v3/batch_13/B13AMD0631/humann/B13AMD0631_pathabundance.tsv,s3://amili-global-archive/SHOTGUN/v3/batch_13/B13AMD0631/humann/B13AMD0631_reaction_ec.tsv,s3://amili-global-archive/SHOTGUN/v3/batch_13/B13AMD0631/humann/B13AMD0631_genefamilies.tsv,s3://amili-global-archive/SHOTGUN/v3/batch_13/B13AMD0631/humann/B13AMD0631_reaction_ko.tsv,s3://amili-analysis-lab/Macrogen/sequencing-data/batch_13-231samples/B13AMD0631_1.fastq.gz,s3://amili-analysis-lab/Macrogen/sequencing-data/batch_13-231samples/B13AMD0631_2.fastq.gz
B13AMD0631,BATCH13,,AMDJ-9TPF-EJFS,AMD0631,AMD,SHOTGUN,v3,,s3://amili-global-archive/SHOTGUN/v3/batch_5/B13AMD0631/kneaddata/B13AMD0631_stat.tsv,,,,,,s3://amili-analysis-lab/Macrogen/sequencing-data/batch_13-231samples/B13AMD0631_1.fastq.gz,s3://amili-analysis-lab/Macrogen/sequencing-data/batch_13-231samples/B13AMD0631_2.fastq.gz
B13AMD0635,BATCH13,,AMDJ-ZAKP-V8GF,AMD0635,AMD,SHOTGUN,v3,s3://amili-global-archive/SHOTGUN/v3/batch_13/B13AMD0635/kneaddata/B13AMD0635.fastq,s3://amili-global-archive/SHOTGUN/v3/batch_13/B13AMD0635/kneaddata/B13AMD0635_stat.tsv,s3://amili-global-archive/SHOTGUN/v3/batch_13/B13AMD0635/metaphlan/B13AMD0635_metaphlan.tsv,s3://amili-global-archive/SHOTGUN/v3/batch_13/B13AMD0635/humann/B13AMD0635_pathabundance.tsv,s3://amili-global-archive/SHOTGUN/v3/batch_13/B13AMD0635/humann/B13AMD0635_reaction_ec.tsv,s3://amili-global-archive/SHOTGUN/v3/batch_13/B13AMD0635/humann/B13AMD0635_genefamilies.tsv,s3://amili-global-archive/SHOTGUN/v3/batch_13/B13AMD0635/humann/B13AMD0635_reaction_ko.tsv,s3://amili-analysis-lab/Macrogen/sequencing-data/batch_13-231samples/B13AMD0635_1.fastq.gz,s3://amili-analysis-lab/Macrogen/sequencing-data/batch_13-231samples/B13AMD0635_2.fastq.gz
B13AMD0635,BATCH13,,AMDJ-ZAKP-V8GF,AMD0635,AMD,SHOTGUN,v3,,s3://amili-global-archive/SHOTGUN/v3/batch_5/B13AMD0635/kneaddata/B13AMD0635_stat.tsv,,,,,,s3://amili-analysis-lab/Macrogen/sequencing-data/batch_13-231samples/B13AMD0635_1.fastq.gz,s3://amili-analysis-lab/Macrogen/sequencing-data/batch_13-231samples/B13AMD0635_2.fastq.gz
B13AMD0637,BATCH13,,AMDJ-CJSJ-3KAD,AMD0637,AMD,SHOTGUN,v3,s3://amili-global-archive/SHOTGUN/v3/batch_13/B13AMD0637/kneaddata/B13AMD0637.fastq,s3://amili-global-archive/SHOTGUN/v3/batch_13/B13AMD0637/kneaddata/B13AMD0637_stat.tsv,s3://amili-global-archive/SHOTGUN/v3/batch_13/B13AMD0637/metaphlan/B13AMD0637_metaphlan.tsv,s3://amili-global-archive/SHOTGUN/v3/batch_13/B13AMD0637/humann/B13AMD0637_pathabundance.tsv,s3://amili-global-archive/SHOTGUN/v3/batch_13/B13AMD0637/humann/B13AMD0637_reaction_ec.tsv,s3://amili-global-archive/SHOTGUN/v3/batch_13/B13AMD0637/humann/B13AMD0637_genefamilies.tsv,s3://amili-global-archive/SHOTGUN/v3/batch_13/B13AMD0637/humann/B13AMD0637_reaction_ko.tsv,s3://amili-analysis-lab/Macrogen/sequencing-data/batch_13-231samples/B13AMD0637_1.fastq.gz,s3://amili-analysis-lab/Macrogen/sequencing-data/batch_13-231samples/B13AMD0637_2.fastq.gz
B13AMD0637,BATCH13,,AMDJ-CJSJ-3KAD,AMD0637,AMD,SHOTGUN,v3,,s3://amili-global-archive/SHOTGUN/v3/batch_5/B13AMD0637/kneaddata/B13AMD0637_stat.tsv,,,,,,s3://amili-analysis-lab/Macrogen/sequencing-data/batch_13-231samples/B13AMD0637_1.fastq.gz,s3://amili-analysis-lab/Macrogen/sequencing-data/batch_13-231samples/B13AMD0637_2.fastq.gz
B13AMD0641,BATCH13,,AMDJ-3DV4-WQDF,AMD0641,AMD,SHOTGUN,v3,s3://amili-global-archive/SHOTGUN/v3/batch_13/B13AMD0641/kneaddata/B13AMD0641.fastq,s3://amili-global-archive/SHOTGUN/v3/batch_13/B13AMD0641/kneaddata/B13AMD0641_stat.tsv,s3://amili-global-archive/SHOTGUN/v3/batch_13/B13AMD0641/metaphlan/B13AMD0641_metaphlan.tsv,s3://amili-global-archive/SHOTGUN/v3/batch_13/B13AMD0641/humann/B13AMD0641_pathabundance.tsv,s3://amili-global-archive/SHOTGUN/v3/batch_13/B13AMD0641/humann/B13AMD0641_reaction_ec.tsv,s3://amili-global-archive/SHOTGUN/v3/batch_13/B13AMD0641/humann/B13AMD0641_genefamilies.tsv,s3://amili-global-archive/SHOTGUN/v3/batch_13/B13AMD0641/humann/B13AMD0641_reaction_ko.tsv,s3://amili-analysis-lab/Macrogen/sequencing-data/batch_13-231samples/B13AMD0641_1.fastq.gz,s3://amili-analysis-lab/Macrogen/sequencing-data/batch_13-231samples/B13AMD0641_2.fastq.gz
B13AMD0641,BATCH13,,AMDJ-3DV4-WQDF,AMD0641,AMD,SHOTGUN,v3,,s3://amili-global-archive/SHOTGUN/v3/batch_5/B13AMD0641/kneaddata/B13AMD0641_stat.tsv,,,,,,s3://amili-analysis-lab/Macrogen/sequencing-data/batch_13-231samples/B13AMD0641_1.fastq.gz,s3://amili-analysis-lab/Macrogen/sequencing-data/batch_13-231samples/B13AMD0641_2.fastq.gz
B13AMD0644,BATCH13,,AMDJ-RWP5-3EB6,AMD0644,AMD,SHOTGUN,v3,s3://amili-global-archive/SHOTGUN/v3/batch_13/B13AMD0644/kneaddata/B13AMD0644.fastq,s3://amili-global-archive/SHOTGUN/v3/batch_13/B13AMD0644/kneaddata/B13AMD0644_stat.tsv,s3://amili-global-archive/SHOTGUN/v3/batch_13/B13AMD0644/metaphlan/B13AMD0644_metaphlan.tsv,s3://amili-global-archive/SHOTGUN/v3/batch_13/B13AMD0644/humann/B13AMD0644_pathabundance.tsv,s3://amili-global-archive/SHOTGUN/v3/batch_13/B13AMD0644/humann/B13AMD0644_reaction_ec.tsv,s3://amili-global-archive/SHOTGUN/v3/batch_13/B13AMD0644/humann/B13AMD0644_genefamilies.tsv,s3://amili-global-archive/SHOTGUN/v3/batch_13/B13AMD0644/humann/B13AMD0644_reaction_ko.tsv,s3://amili-analysis-lab/Macrogen/sequencing-data/batch_13-231samples/B13AMD0644_1.fastq.gz,s3://amili-analysis-lab/Macrogen/sequencing-data/batch_13-231samples/B13AMD0644_2.fastq.gz
B13AMD0644,BATCH13,,AMDJ-RWP5-3EB6,AMD0644,AMD,SHOTGUN,v3,,s3://amili-global-archive/SHOTGUN/v3/batch_5/B13AMD0644/kneaddata/B13AMD0644_stat.tsv,,,,,,s3://amili-analysis-lab/Macrogen/sequencing-data/batch_13-231samples/B13AMD0644_1.fastq.gz,s3://amili-analysis-lab/Macrogen/sequencing-data/batch_13-231samples/B13AMD0644_2.fastq.gz
B13AMD0646,BATCH13,,AMDJ-T387-8NDU,AMD0646,AMD,SHOTGUN,v3,s3://amili-global-archive/SHOTGUN/v3/batch_13/B13AMD0646/kneaddata/B13AMD0646.fastq,s3://amili-global-archive/SHOTGUN/v3/batch_13/B13AMD0646/kneaddata/B13AMD0646_stat.tsv,s3://amili-global-archive/SHOTGUN/v3/batch_13/B13AMD0646/metaphlan/B13AMD0646_metaphlan.tsv,s3://amili-global-archive/SHOTGUN/v3/batch_13/B13AMD0646/humann/B13AMD0646_pathabundance.tsv,s3://amili-global-archive/SHOTGUN/v3/batch_13/B13AMD0646/humann/B13AMD0646_reaction_ec.tsv,s3://amili-global-archive/SHOTGUN/v3/batch_13/B13AMD0646/humann/B13AMD0646_genefamilies.tsv,s3://amili-global-archive/SHOTGUN/v3/batch_13/B13AMD0646/humann/B13AMD0646_reaction_ko.tsv,s3://amili-analysis-lab/Macrogen/sequencing-data/batch_13-231samples/B13AMD0646_1.fastq.gz,s3://amili-analysis-lab/Macrogen/sequencing-data/batch_13-231samples/B13AMD0646_2.fastq.gz
B13AMD0647,BATCH13,,AMDJ-6NDK-9JK9,AMD0647,AMD,SHOTGUN,v3,s3://amili-global-archive/SHOTGUN/v3/batch_13/B13AMD0647/kneaddata/B13AMD0647.fastq,s3://amili-global-archive/SHOTGUN/v3/batch_13/B13AMD0647/kneaddata/B13AMD0647_stat.tsv,s3://amili-global-archive/SHOTGUN/v3/batch_13/B13AMD0647/metaphlan/B13AMD0647_metaphlan.tsv,s3://amili-global-archive/SHOTGUN/v3/batch_13/B13AMD0647/humann/B13AMD0647_pathabundance.tsv,s3://amili-global-archive/SHOTGUN/v3/batch_13/B13AMD0647/humann/B13AMD0647_reaction_ec.tsv,s3://amili-global-archive/SHOTGUN/v3/batch_13/B13AMD0647/humann/B13AMD0647_genefamilies.tsv,s3://amili-global-archive/SHOTGUN/v3/batch_13/B13AMD0647/humann/B13AMD0647_reaction_ko.tsv,s3://amili-analysis-lab/Macrogen/sequencing-data/batch_13-231samples/B13AMD0647_1.fastq.gz,s3://amili-analysis-lab/Macrogen/sequencing-data/batch_13-231samples/B13AMD0647_2.fastq.gz
B13AMD0647,BATCH13,,AMDJ-6NDK-9JK9,AMD0647,AMD,SHOTGUN,v3,,s3://amili-global-archive/SHOTGUN/v3/batch_5/B13AMD0647/kneaddata/B13AMD0647_stat.tsv,,,,,,s3://amili-analysis-lab/Macrogen/sequencing-data/batch_13-231samples/B13AMD0647_1.fastq.gz,s3://amili-analysis-lab/Macrogen/sequencing-data/batch_13-231samples/B13AMD0647_2.fastq.gz
B13AMD0650,BATCH13,,AMDJ-ZXKR-SUVF,AMD0650,AMD,SHOTGUN,v3,s3://amili-global-archive/SHOTGUN/v3/batch_13-231samples/B13AMD0650/kneaddata/B13AMD0650.fastq,s3://amili-global-archive/SHOTGUN/v3/batch_13-231samples/B13AMD0650/kneaddata/B13AMD0650_stat.tsv,s3://amili-global-archive/SHOTGUN/v3/batch_13-231samples/B13AMD0650/metaphlan/B13AMD0650_metaphlan.tsv,s3://amili-global-archive/SHOTGUN/v3/batch_13-231samples/B13AMD0650/humann/B13AMD0650_pathabundance.tsv,s3://amili-global-archive/SHOTGUN/v3/batch_13-231samples/B13AMD0650/humann/B13AMD0650_reaction_ec.tsv,s3://amili-global-archive/SHOTGUN/v3/batch_13-231samples/B13AMD0650/humann/B13AMD0650_genefamilies.tsv,s3://amili-global-archive/SHOTGUN/v3/batch_13-231samples/B13AMD0650/humann/B13AMD0650_reaction_ko.tsv,s3://amili-analysis-lab/Macrogen/sequencing-data/batch_13-231samples/B13AMD0650_1.fastq.gz,s3://amili-analysis-lab/Macrogen/sequencing-data/batch_13-231samples/B13AMD0650_2.fastq.gz
B13AMD0650,BATCH13,,AMDJ-ZXKR-SUVF,AMD0650,AMD,SHOTGUN,v3,s3://amili-global-archive/SHOTGUN/v3/batch_13/B13AMD0650/kneaddata/B13AMD0650.fastq,s3://amili-global-archive/SHOTGUN/v3/batch_13/B13AMD0650/kneaddata/B13AMD0650_stat.tsv,s3://amili-global-archive/SHOTGUN/v3/batch_13/B13AMD0650/metaphlan/B13AMD0650_metaphlan.tsv,s3://amili-global-archive/SHOTGUN/v3/batch_13/B13AMD0650/humann/B13AMD0650_pathabundance.tsv,s3://amili-global-archive/SHOTGUN/v3/batch_13/B13AMD0650/humann/B13AMD0650_reaction_ec.tsv,s3://amili-global-archive/SHOTGUN/v3/batch_13/B13AMD0650/humann/B13AMD0650_genefamilies.tsv,s3://amili-global-archive/SHOTGUN/v3/batch_13/B13AMD0650/humann/B13AMD0650_reaction_ko.tsv,s3://amili-analysis-lab/Macrogen/sequencing-data/batch_13-231samples/B13AMD0650_1.fastq.gz,s3://amili-analysis-lab/Macrogen/sequencing-data/batch_13-231samples/B13AMD0650_2.fastq.gz
B13AMD0650,BATCH13,,AMDJ-ZXKR-SUVF,AMD0650,AMD,SHOTGUN,v3,,s3://amili-global-archive/SHOTGUN/v3/batch_5/B13AMD0650/kneaddata/B13AMD0650_stat.tsv,,,,,,s3://amili-analysis-lab/Macrogen/sequencing-data/batch_13-231samples/B13AMD0650_1.fastq.gz,s3://amili-analysis-lab/Macrogen/sequencing-data/batch_13-231samples/B13AMD0650_2.fastq.gz
B13AMD0651,BATCH13,,AMDJ-D4GG-GMYY,AMD0651,AMD,SHOTGUN,v3,s3://amili-global-archive/SHOTGUN/v3/batch_13/B13AMD0651/kneaddata/B13AMD0651.fastq,s3://amili-global-archive/SHOTGUN/v3/batch_13/B13AMD0651/kneaddata/B13AMD0651_stat.tsv,s3://amili-global-archive/SHOTGUN/v3/batch_13/B13AMD0651/metaphlan/B13AMD0651_metaphlan.tsv,s3://amili-global-archive/SHOTGUN/v3/batch_13/B13AMD0651/humann/B13AMD0651_pathabundance.tsv,s3://amili-global-archive/SHOTGUN/v3/batch_13/B13AMD0651/humann/B13AMD0651_reaction_ec.tsv,s3://amili-global-archive/SHOTGUN/v3/batch_13/B13AMD0651/humann/B13AMD0651_genefamilies.tsv,s3://amili-global-archive/SHOTGUN/v3/batch_13/B13AMD0651/humann/B13AMD0651_reaction_ko.tsv,s3://amili-analysis-lab/Macrogen/sequencing-data/batch_13-231samples/B13AMD0651_1.fastq.gz,s3://amili-analysis-lab/Macrogen/sequencing-data/batch_13-231samples/B13AMD0651_2.fastq.gz
B13AMD0651,BATCH13,,AMDJ-D4GG-GMYY,AMD0651,AMD,SHOTGUN,v3,,s3://amili-global-archive/SHOTGUN/v3/batch_5/B13AMD0651/kneaddata/B13AMD0651_stat.tsv,,,,,,s3://amili-analysis-lab/Macrogen/sequencing-data/batch_13-231samples/B13AMD0651_1.fastq.gz,s3://amili-analysis-lab/Macrogen/sequencing-data/batch_13-231samples/B13AMD0651_2.fastq.gz
B13AMD0652,BATCH13,,AMDJ-9FBV-DM8A,AMD0652,AMD,SHOTGUN,v3,s3://amili-global-archive/SHOTGUN/v3/batch_13/B13AMD0652/kneaddata/B13AMD0652.fastq,s3://amili-global-archive/SHOTGUN/v3/batch_13/B13AMD0652/kneaddata/B13AMD0652_stat.tsv,s3://amili-global-archive/SHOTGUN/v3/batch_13/B13AMD0652/metaphlan/B13AMD0652_metaphlan.tsv,s3://amili-global-archive/SHOTGUN/v3/batch_13/B13AMD0652/humann/B13AMD0652_pathabundance.tsv,s3://amili-global-archive/SHOTGUN/v3/batch_13/B13AMD0652/humann/B13AMD0652_reaction_ec.tsv,s3://amili-global-archive/SHOTGUN/v3/batch_13/B13AMD0652/humann/B13AMD0652_genefamilies.tsv,s3://amili-global-archive/SHOTGUN/v3/batch_13/B13AMD0652/humann/B13AMD0652_reaction_ko.tsv,s3://amili-analysis-lab/Macrogen/sequencing-data/batch_13-231samples/B13AMD0652_1.fastq.gz,s3://amili-analysis-lab/Macrogen/sequencing-data/batch_13-231samples/B13AMD0652_2.fastq.gz
B13AMD0652,BATCH13,,AMDJ-9FBV-DM8A,AMD0652,AMD,SHOTGUN,v3,,s3://amili-global-archive/SHOTGUN/v3/batch_5/B13AMD0652/kneaddata/B13AMD0652_stat.tsv,,,,,,s3://amili-analysis-lab/Macrogen/sequencing-data/batch_13-231samples/B13AMD0652_1.fastq.gz,s3://amili-analysis-lab/Macrogen/sequencing-data/batch_13-231samples/B13AMD0652_2.fastq.gz
B13AMD0653,BATCH13,,AMDJ-8B24-NE6U,AMD0653,AMD,SHOTGUN,v3,s3://amili-global-archive/SHOTGUN/v3/batch_13/B13AMD0653/kneaddata/B13AMD0653.fastq,s3://amili-global-archive/SHOTGUN/v3/batch_13/B13AMD0653/kneaddata/B13AMD0653_stat.tsv,s3://amili-global-archive/SHOTGUN/v3/batch_13/B13AMD0653/metaphlan/B13AMD0653_metaphlan.tsv,s3://amili-global-archive/SHOTGUN/v3/batch_13/B13AMD0653/humann/B13AMD0653_pathabundance.tsv,s3://amili-global-archive/SHOTGUN/v3/batch_13/B13AMD0653/humann/B13AMD0653_reaction_ec.tsv,s3://amili-global-archive/SHOTGUN/v3/batch_13/B13AMD0653/humann/B13AMD0653_genefamilies.tsv,s3://amili-global-archive/SHOTGUN/v3/batch_13/B13AMD0653/humann/B13AMD0653_reaction_ko.tsv,s3://amili-analysis-lab/Macrogen/sequencing-data/batch_13-231samples/B13AMD0653_1.fastq.gz,s3://amili-analysis-lab/Macrogen/sequencing-data/batch_13-231samples/B13AMD0653_2.fastq.gz
B13AMD0653,BATCH13,,AMDJ-8B24-NE6U,AMD0653,AMD,SHOTGUN,v3,,s3://amili-global-archive/SHOTGUN/v3/batch_5/B13AMD0653/kneaddata/B13AMD0653_stat.tsv,,,,,,s3://amili-analysis-lab/Macrogen/sequencing-data/batch_13-231samples/B13AMD0653_1.fastq.gz,s3://amili-analysis-lab/Macrogen/sequencing-data/batch_13-231samples/B13AMD0653_2.fastq.gz
B13AMD0654,BATCH13,,AMDJ-NQEN-EPZG,AMD0654,AMD,SHOTGUN,v3,s3://amili-global-archive/SHOTGUN/v3/batch_13-231samples/B13AMD0654/kneaddata/B13AMD0654.fastq,s3://amili-global-archive/SHOTGUN/v3/batch_13-231samples/B13AMD0654/kneaddata/B13AMD0654_stat.tsv,s3://amili-global-archive/SHOTGUN/v3/batch_13-231samples/B13AMD0654/metaphlan/B13AMD0654_metaphlan.tsv,s3://amili-global-archive/SHOTGUN/v3/batch_13-231samples/B13AMD0654/humann/B13AMD0654_pathabundance.tsv,s3://amili-global-archive/SHOTGUN/v3/batch_13-231samples/B13AMD0654/humann/B13AMD0654_reaction_ec.tsv,s3://amili-global-archive/SHOTGUN/v3/batch_13-231samples/B13AMD0654/humann/B13AMD0654_genefamilies.tsv,s3://amili-global-archive/SHOTGUN/v3/batch_13-231samples/B13AMD0654/humann/B13AMD0654_reaction_ko.tsv,s3://amili-analysis-lab/Macrogen/sequencing-data/batch_13-231samples/B13AMD0654_1.fastq.gz,s3://amili-analysis-lab/Macrogen/sequencing-data/batch_13-231samples/B13AMD0654_2.fastq.gz
B13AMD0654,BATCH13,,AMDJ-NQEN-EPZG,AMD0654,AMD,SHOTGUN,v3,s3://amili-global-archive/SHOTGUN/v3/batch_13/B13AMD0654/kneaddata/B13AMD0654.fastq,s3://amili-global-archive/SHOTGUN/v3/batch_13/B13AMD0654/kneaddata/B13AMD0654_stat.tsv,s3://amili-global-archive/SHOTGUN/v3/batch_13/B13AMD0654/metaphlan/B13AMD0654_metaphlan.tsv,s3://amili-global-archive/SHOTGUN/v3/batch_13/B13AMD0654/humann/B13AMD0654_pathabundance.tsv,s3://amili-global-archive/SHOTGUN/v3/batch_13/B13AMD0654/humann/B13AMD0654_reaction_ec.tsv,s3://amili-global-archive/SHOTGUN/v3/batch_13/B13AMD0654/humann/B13AMD0654_genefamilies.tsv,s3://amili-global-archive/SHOTGUN/v3/batch_13/B13AMD0654/humann/B13AMD0654_reaction_ko.tsv,s3://amili-analysis-lab/Macrogen/sequencing-data/batch_13-231samples/B13AMD0654_1.fastq.gz,s3://amili-analysis-lab/Macrogen/sequencing-data/batch_13-231samples/B13AMD0654_2.fastq.gz
B13AMD0654,BATCH13,,AMDJ-NQEN-EPZG,AMD0654,AMD,SHOTGUN,v3,,s3://amili-global-archive/SHOTGUN/v3/batch_5/B13AMD0654/kneaddata/B13AMD0654_stat.tsv,,,,,,s3://amili-analysis-lab/Macrogen/sequencing-data/batch_13-231samples/B13AMD0654_1.fastq.gz,s3://amili-analysis-lab/Macrogen/sequencing-data/batch_13-231samples/B13AMD0654_2.fastq.gz
B13AMD0657,BATCH13,,AMDJ-KWR9-JDPH,AMD0657,AMD,SHOTGUN,v3,s3://amili-global-archive/SHOTGUN/v3/batch_13/B13AMD0657/kneaddata/B13AMD0657.fastq,s3://amili-global-archive/SHOTGUN/v3/batch_13/B13AMD0657/kneaddata/B13AMD0657_stat.tsv,s3://amili-global-archive/SHOTGUN/v3/batch_13/B13AMD0657/metaphlan/B13AMD0657_metaphlan.tsv,s3://amili-global-archive/SHOTGUN/v3/batch_13/B13AMD0657/humann/B13AMD0657_pathabundance.tsv,s3://amili-global-archive/SHOTGUN/v3/batch_13/B13AMD0657/humann/B13AMD0657_reaction_ec.tsv,s3://amili-global-archive/SHOTGUN/v3/batch_13/B13AMD0657/humann/B13AMD0657_genefamilies.tsv,s3://amili-global-archive/SHOTGUN/v3/batch_13/B13AMD0657/humann/B13AMD0657_reaction_ko.tsv,s3://amili-analysis-lab/Macrogen/sequencing-data/batch_13-231samples/B13AMD0657_1.fastq.gz,s3://amili-analysis-lab/Macrogen/sequencing-data/batch_13-231samples/B13AMD0657_2.fastq.gz
B13AMD0660,BATCH13,,AMDJ-4CDA-8HB5,AMD0660,AMD,SHOTGUN,v3,s3://amili-global-archive/SHOTGUN/v3/batch_13/B13AMD0660/kneaddata/B13AMD0660.fastq,s3://amili-global-archive/SHOTGUN/v3/batch_13/B13AMD0660/kneaddata/B13AMD0660_stat.tsv,s3://amili-global-archive/SHOTGUN/v3/batch_13/B13AMD0660/metaphlan/B13AMD0660_metaphlan.tsv,s3://amili-global-archive/SHOTGUN/v3/batch_13/B13AMD0660/humann/B13AMD0660_pathabundance.tsv,s3://amili-global-archive/SHOTGUN/v3/batch_13/B13AMD0660/humann/B13AMD0660_reaction_ec.tsv,s3://amili-global-archive/SHOTGUN/v3/batch_13/B13AMD0660/humann/B13AMD0660_genefamilies.tsv,s3://amili-global-archive/SHOTGUN/v3/batch_13/B13AMD0660/humann/B13AMD0660_reaction_ko.tsv,s3://amili-analysis-lab/Macrogen/sequencing-data/batch_13-231samples/B13AMD0660_1.fastq.gz,s3://amili-analysis-lab/Macrogen/sequencing-data/batch_13-231samples/B13AMD0660_2.fastq.gz
B13AMD0660,BATCH13,,AMDJ-4CDA-8HB5,AMD0660,AMD,SHOTGUN,v3,,s3://amili-global-archive/SHOTGUN/v3/batch_5/B13AMD0660/kneaddata/B13AMD0660_stat.tsv,,,,,,s3://amili-analysis-lab/Macrogen/sequencing-data/batch_13-231samples/B13AMD0660_1.fastq.gz,s3://amili-analysis-lab/Macrogen/sequencing-data/batch_13-231samples/B13AMD0660_2.fastq.gz
B13AMD0663,BATCH13,,AMDJ-8Y48-4ZFU,AMD0663,AMD,SHOTGUN,v3,s3://amili-global-archive/SHOTGUN/v3/batch_13/B13AMD0663/kneaddata/B13AMD0663.fastq,s3://amili-global-archive/SHOTGUN/v3/batch_13/B13AMD0663/kneaddata/B13AMD0663_stat.tsv,s3://amili-global-archive/SHOTGUN/v3/batch_13/B13AMD0663/metaphlan/B13AMD0663_metaphlan.tsv,s3://amili-global-archive/SHOTGUN/v3/batch_13/B13AMD0663/humann/B13AMD0663_pathabundance.tsv,s3://amili-global-archive/SHOTGUN/v3/batch_13/B13AMD0663/humann/B13AMD0663_reaction_ec.tsv,s3://amili-global-archive/SHOTGUN/v3/batch_13/B13AMD0663/humann/B13AMD0663_genefamilies.tsv,s3://amili-global-archive/SHOTGUN/v3/batch_13/B13AMD0663/humann/B13AMD0663_reaction_ko.tsv,s3://amili-analysis-lab/Macrogen/sequencing-data/batch_13-231samples/B13AMD0663_1.fastq.gz,s3://amili-analysis-lab/Macrogen/sequencing-data/batch_13-231samples/B13AMD0663_2.fastq.gz
B13AMD0663,BATCH13,,AMDJ-8Y48-4ZFU,AMD0663,AMD,SHOTGUN,v3,,s3://amili-global-archive/SHOTGUN/v3/batch_5/B13AMD0663/kneaddata/B13AMD0663_stat.tsv,,,,,,s3://amili-analysis-lab/Macrogen/sequencing-data/batch_13-231samples/B13AMD0663_1.fastq.gz,s3://amili-analysis-lab/Macrogen/sequencing-data/batch_13-231samples/B13AMD0663_2.fastq.gz
B13AMD0664,BATCH13,,AMDJ-BXC9-EDBG,AMD0664,AMD,SHOTGUN,v3,s3://amili-global-archive/SHOTGUN/v3/batch_13-231samples/B13AMD0664/kneaddata/B13AMD0664.fastq,s3://amili-global-archive/SHOTGUN/v3/batch_13-231samples/B13AMD0664/kneaddata/B13AMD0664_stat.tsv,s3://amili-global-archive/SHOTGUN/v3/batch_13-231samples/B13AMD0664/metaphlan/B13AMD0664_metaphlan.tsv,s3://amili-global-archive/SHOTGUN/v3/batch_13-231samples/B13AMD0664/humann/B13AMD0664_pathabundance.tsv,s3://amili-global-archive/SHOTGUN/v3/batch_13-231samples/B13AMD0664/humann/B13AMD0664_reaction_ec.tsv,s3://amili-global-archive/SHOTGUN/v3/batch_13-231samples/B13AMD0664/humann/B13AMD0664_genefamilies.tsv,s3://amili-global-archive/SHOTGUN/v3/batch_13-231samples/B13AMD0664/humann/B13AMD0664_reaction_ko.tsv,s3://amili-analysis-lab/Macrogen/sequencing-data/batch_13-231samples/B13AMD0664_1.fastq.gz,s3://amili-analysis-lab/Macrogen/sequencing-data/batch_13-231samples/B13AMD0664_2.fastq.gz
B13AMD0664,BATCH13,,AMDJ-BXC9-EDBG,AMD0664,AMD,SHOTGUN,v3,s3://amili-global-archive/SHOTGUN/v3/batch_13/B13AMD0664/kneaddata/B13AMD0664.fastq,s3://amili-global-archive/SHOTGUN/v3/batch_13/B13AMD0664/kneaddata/B13AMD0664_stat.tsv,s3://amili-global-archive/SHOTGUN/v3/batch_13/B13AMD0664/metaphlan/B13AMD0664_metaphlan.tsv,s3://amili-global-archive/SHOTGUN/v3/batch_13/B13AMD0664/humann/B13AMD0664_pathabundance.tsv,s3://amili-global-archive/SHOTGUN/v3/batch_13/B13AMD0664/humann/B13AMD0664_reaction_ec.tsv,s3://amili-global-archive/SHOTGUN/v3/batch_13/B13AMD0664/humann/B13AMD0664_genefamilies.tsv,s3://amili-global-archive/SHOTGUN/v3/batch_13/B13AMD0664/humann/B13AMD0664_reaction_ko.tsv,s3://amili-analysis-lab/Macrogen/sequencing-data/batch_13-231samples/B13AMD0664_1.fastq.gz,s3://amili-analysis-lab/Macrogen/sequencing-data/batch_13-231samples/B13AMD0664_2.fastq.gz
B13AMD0664,BATCH13,,AMDJ-BXC9-EDBG,AMD0664,AMD,SHOTGUN,v3,,s3://amili-global-archive/SHOTGUN/v3/batch_5/B13AMD0664/kneaddata/B13AMD0664_stat.tsv,,,,,,s3://amili-analysis-lab/Macrogen/sequencing-data/batch_13-231samples/B13AMD0664_1.fastq.gz,s3://amili-analysis-lab/Macrogen/sequencing-data/batch_13-231samples/B13AMD0664_2.fastq.gz
B13AMD0665,BATCH13,,AMDJ-2XGP-YE7K,AMD0665,AMD,SHOTGUN,v3,s3://amili-global-archive/SHOTGUN/v3/batch_13/B13AMD0665/kneaddata/B13AMD0665.fastq,s3://amili-global-archive/SHOTGUN/v3/batch_13/B13AMD0665/kneaddata/B13AMD0665_stat.tsv,s3://amili-global-archive/SHOTGUN/v3/batch_13/B13AMD0665/metaphlan/B13AMD0665_metaphlan.tsv,s3://amili-global-archive/SHOTGUN/v3/batch_13/B13AMD0665/humann/B13AMD0665_pathabundance.tsv,s3://amili-global-archive/SHOTGUN/v3/batch_13/B13AMD0665/humann/B13AMD0665_reaction_ec.tsv,s3://amili-global-archive/SHOTGUN/v3/batch_13/B13AMD0665/humann/B13AMD0665_genefamilies.tsv,s3://amili-global-archive/SHOTGUN/v3/batch_13/B13AMD0665/humann/B13AMD0665_reaction_ko.tsv,s3://amili-analysis-lab/Macrogen/sequencing-data/batch_13-231samples/B13AMD0665_1.fastq.gz,s3://amili-analysis-lab/Macrogen/sequencing-data/batch_13-231samples/B13AMD0665_2.fastq.gz
B13AMD0665,BATCH13,,AMDJ-2XGP-YE7K,AMD0665,AMD,SHOTGUN,v3,,s3://amili-global-archive/SHOTGUN/v3/batch_5/B13AMD0665/kneaddata/B13AMD0665_stat.tsv,,,,,,s3://amili-analysis-lab/Macrogen/sequencing-data/batch_13-231samples/B13AMD0665_1.fastq.gz,s3://amili-analysis-lab/Macrogen/sequencing-data/batch_13-231samples/B13AMD0665_2.fastq.gz
B13AMD0668,BATCH13,,AMDJ-KU9R-NNJB,AMD0668,AMD,SHOTGUN,v3,s3://amili-global-archive/SHOTGUN/v3/Batch13/B13AMD0668/kneaddata/B13AMD0668.fastq,s3://amili-global-archive/SHOTGUN/v3/Batch13/B13AMD0668/kneaddata/B13AMD0668_stat.tsv,s3://amili-global-archive/SHOTGUN/v3/Batch13/B13AMD0668/metaphlan/B13AMD0668_metaphlan.tsv,s3://amili-global-archive/SHOTGUN/v3/Batch13/B13AMD0668/humann/B13AMD0668_pathabundance.tsv,s3://amili-global-archive/SHOTGUN/v3/Batch13/B13AMD0668/humann/B13AMD0668_reaction_ec.tsv,s3://amili-global-archive/SHOTGUN/v3/Batch13/B13AMD0668/humann/B13AMD0668_genefamilies.tsv,s3://amili-global-archive/SHOTGUN/v3/Batch13/B13AMD0668/humann/B13AMD0668_reaction_ko.tsv,s3://amili-analysis-lab/Macrogen/sequencing-data/batch_13-231samples/B13AMD0668_1.fastq.gz,s3://amili-analysis-lab/Macrogen/sequencing-data/batch_13-231samples/B13AMD0668_2.fastq.gz
B13AMD0668,BATCH13,,AMDJ-KU9R-NNJB,AMD0668,AMD,SHOTGUN,v3,s3://amili-global-archive/SHOTGUN/v3/batch_13/B13AMD0668/kneaddata/B13AMD0668.fastq,s3://amili-global-archive/SHOTGUN/v3/batch_13/B13AMD0668/kneaddata/B13AMD0668_stat.tsv,s3://amili-global-archive/SHOTGUN/v3/batch_13/B13AMD0668/metaphlan/B13AMD0668_metaphlan.tsv,s3://amili-global-archive/SHOTGUN/v3/batch_13/B13AMD0668/humann/B13AMD0668_pathabundance.tsv,s3://amili-global-archive/SHOTGUN/v3/batch_13/B13AMD0668/humann/B13AMD0668_reaction_ec.tsv,s3://amili-global-archive/SHOTGUN/v3/batch_13/B13AMD0668/humann/B13AMD0668_genefamilies.tsv,s3://amili-global-archive/SHOTGUN/v3/batch_13/B13AMD0668/humann/B13AMD0668_reaction_ko.tsv,s3://amili-analysis-lab/Macrogen/sequencing-data/batch_13-231samples/B13AMD0668_1.fastq.gz,s3://amili-analysis-lab/Macrogen/sequencing-data/batch_13-231samples/B13AMD0668_2.fastq.gz
B13AMD0673,BATCH13,,AMDJ-HXGE-ADN6,AMD0673,AMD,SHOTGUN,v3,s3://amili-global-archive/SHOTGUN/v3/batch_13/B13AMD0673/kneaddata/B13AMD0673.fastq,s3://amili-global-archive/SHOTGUN/v3/batch_13/B13AMD0673/kneaddata/B13AMD0673_stat.tsv,s3://amili-global-archive/SHOTGUN/v3/batch_13/B13AMD0673/metaphlan/B13AMD0673_metaphlan.tsv,s3://amili-global-archive/SHOTGUN/v3/batch_13/B13AMD0673/humann/B13AMD0673_pathabundance.tsv,s3://amili-global-archive/SHOTGUN/v3/batch_13/B13AMD0673/humann/B13AMD0673_reaction_ec.tsv,s3://amili-global-archive/SHOTGUN/v3/batch_13/B13AMD0673/humann/B13AMD0673_genefamilies.tsv,s3://amili-global-archive/SHOTGUN/v3/batch_13/B13AMD0673/humann/B13AMD0673_reaction_ko.tsv,s3://amili-analysis-lab/Macrogen/sequencing-data/batch_13-231samples/B13AMD0673_1.fastq.gz,s3://amili-analysis-lab/Macrogen/sequencing-data/batch_13-231samples/B13AMD0673_2.fastq.gz
B13AMD0673,BATCH13,,AMDJ-HXGE-ADN6,AMD0673,AMD,SHOTGUN,v3,,s3://amili-global-archive/SHOTGUN/v3/batch_5/B13AMD0673/kneaddata/B13AMD0673_stat.tsv,,,,,,s3://amili-analysis-lab/Macrogen/sequencing-data/batch_13-231samples/B13AMD0673_1.fastq.gz,s3://amili-analysis-lab/Macrogen/sequencing-data/batch_13-231samples/B13AMD0673_2.fastq.gz
B13AMD0678,BATCH13,,AMDJ-ZDNW-F2HT,AMD0678,AMD,SHOTGUN,v3,s3://amili-global-archive/SHOTGUN/v3/batch_13/B13AMD0678/kneaddata/B13AMD0678.fastq,s3://amili-global-archive/SHOTGUN/v3/batch_13/B13AMD0678/kneaddata/B13AMD0678_stat.tsv,s3://amili-global-archive/SHOTGUN/v3/batch_13/B13AMD0678/metaphlan/B13AMD0678_metaphlan.tsv,s3://amili-global-archive/SHOTGUN/v3/batch_13/B13AMD0678/humann/B13AMD0678_pathabundance.tsv,s3://amili-global-archive/SHOTGUN/v3/batch_13/B13AMD0678/humann/B13AMD0678_reaction_ec.tsv,s3://amili-global-archive/SHOTGUN/v3/batch_13/B13AMD0678/humann/B13AMD0678_genefamilies.tsv,s3://amili-global-archive/SHOTGUN/v3/batch_13/B13AMD0678/humann/B13AMD0678_reaction_ko.tsv,s3://amili-analysis-lab/Macrogen/sequencing-data/batch_13-231samples/B13AMD0678_1.fastq.gz,s3://amili-analysis-lab/Macrogen/sequencing-data/batch_13-231samples/B13AMD0678_2.fastq.gz
B13AMD0678,BATCH13,,AMDJ-ZDNW-F2HT,AMD0678,AMD,SHOTGUN,v3,,s3://amili-global-archive/SHOTGUN/v3/batch_5/B13AMD0678/kneaddata/B13AMD0678_stat.tsv,,,,,,s3://amili-analysis-lab/Macrogen/sequencing-data/batch_13-231samples/B13AMD0678_1.fastq.gz,s3://amili-analysis-lab/Macrogen/sequencing-data/batch_13-231samples/B13AMD0678_2.fastq.gz
B13AMD0682,BATCH13,,AMDJ-XYYV-87YJ,AMD0682,AMD,SHOTGUN,v3,s3://amili-global-archive/SHOTGUN/v3/batch_13/B13AMD0682/kneaddata/B13AMD0682.fastq,s3://amili-global-archive/SHOTGUN/v3/batch_13/B13AMD0682/kneaddata/B13AMD0682_stat.tsv,s3://amili-global-archive/SHOTGUN/v3/batch_13/B13AMD0682/metaphlan/B13AMD0682_metaphlan.tsv,s3://amili-global-archive/SHOTGUN/v3/batch_13/B13AMD0682/humann/B13AMD0682_pathabundance.tsv,s3://amili-global-archive/SHOTGUN/v3/batch_13/B13AMD0682/humann/B13AMD0682_reaction_ec.tsv,s3://amili-global-archive/SHOTGUN/v3/batch_13/B13AMD0682/humann/B13AMD0682_genefamilies.tsv,s3://amili-global-archive/SHOTGUN/v3/batch_13/B13AMD0682/humann/B13AMD0682_reaction_ko.tsv,s3://amili-analysis-lab/Macrogen/sequencing-data/batch_13-231samples/B13AMD0682_1.fastq.gz,s3://amili-analysis-lab/Macrogen/sequencing-data/batch_13-231samples/B13AMD0682_2.fastq.gz
B13AMD0682,BATCH13,,AMDJ-XYYV-87YJ,AMD0682,AMD,SHOTGUN,v3,,s3://amili-global-archive/SHOTGUN/v3/batch_5/B13AMD0682/kneaddata/B13AMD0682_stat.tsv,,,,,,s3://amili-analysis-lab/Macrogen/sequencing-data/batch_13-231samples/B13AMD0682_1.fastq.gz,s3://amili-analysis-lab/Macrogen/sequencing-data/batch_13-231samples/B13AMD0682_2.fastq.gz
B13AMD0688,BATCH13,,AMDJ-2YHZ-6RAZ,AMD0688,AMD,SHOTGUN,v3,s3://amili-global-archive/SHOTGUN/v3/batch_13/B13AMD0688/kneaddata/B13AMD0688.fastq,s3://amili-global-archive/SHOTGUN/v3/batch_13/B13AMD0688/kneaddata/B13AMD0688_stat.tsv,s3://amili-global-archive/SHOTGUN/v3/batch_13/B13AMD0688/metaphlan/B13AMD0688_metaphlan.tsv,s3://amili-global-archive/SHOTGUN/v3/batch_13/B13AMD0688/humann/B13AMD0688_pathabundance.tsv,s3://amili-global-archive/SHOTGUN/v3/batch_13/B13AMD0688/humann/B13AMD0688_reaction_ec.tsv,s3://amili-global-archive/SHOTGUN/v3/batch_13/B13AMD0688/humann/B13AMD0688_genefamilies.tsv,s3://amili-global-archive/SHOTGUN/v3/batch_13/B13AMD0688/humann/B13AMD0688_reaction_ko.tsv,s3://amili-analysis-lab/Macrogen/sequencing-data/batch_13-231samples/B13AMD0688_1.fastq.gz,s3://amili-analysis-lab/Macrogen/sequencing-data/batch_13-231samples/B13AMD0688_2.fastq.gz
B13AMD0688,BATCH13,,AMDJ-2YHZ-6RAZ,AMD0688,AMD,SHOTGUN,v3,,s3://amili-global-archive/SHOTGUN/v3/batch_5/B13AMD0688/kneaddata/B13AMD0688_stat.tsv,,,,,,s3://amili-analysis-lab/Macrogen/sequencing-data/batch_13-231samples/B13AMD0688_1.fastq.gz,s3://amili-analysis-lab/Macrogen/sequencing-data/batch_13-231samples/B13AMD0688_2.fastq.gz
B13AMD0695,BATCH13,,AMDJ-QQ2G-N52B,AMD0695,AMD,SHOTGUN,v3,s3://amili-global-archive/SHOTGUN/v3/batch_13/B13AMD0695/kneaddata/B13AMD0695.fastq,s3://amili-global-archive/SHOTGUN/v3/batch_13/B13AMD0695/kneaddata/B13AMD0695_stat.tsv,s3://amili-global-archive/SHOTGUN/v3/batch_13/B13AMD0695/metaphlan/B13AMD0695_metaphlan.tsv,s3://amili-global-archive/SHOTGUN/v3/batch_13/B13AMD0695/humann/B13AMD0695_pathabundance.tsv,s3://amili-global-archive/SHOTGUN/v3/batch_13/B13AMD0695/humann/B13AMD0695_reaction_ec.tsv,s3://amili-global-archive/SHOTGUN/v3/batch_13/B13AMD0695/humann/B13AMD0695_genefamilies.tsv,s3://amili-global-archive/SHOTGUN/v3/batch_13/B13AMD0695/humann/B13AMD0695_reaction_ko.tsv,s3://amili-analysis-lab/Macrogen/sequencing-data/batch_13-231samples/B13AMD0695_1.fastq.gz,s3://amili-analysis-lab/Macrogen/sequencing-data/batch_13-231samples/B13AMD0695_2.fastq.gz
B13AMD0695,BATCH13,,AMDJ-QQ2G-N52B,AMD0695,AMD,SHOTGUN,v3,,s3://amili-global-archive/SHOTGUN/v3/batch_5/B13AMD0695/kneaddata/B13AMD0695_stat.tsv,,,,,,s3://amili-analysis-lab/Macrogen/sequencing-data/batch_13-231samples/B13AMD0695_1.fastq.gz,s3://amili-analysis-lab/Macrogen/sequencing-data/batch_13-231samples/B13AMD0695_2.fastq.gz
B13AMD0697,BATCH13,,AMDJ-J27V-2WHX,AMD0697,AMD,SHOTGUN,v3,s3://amili-global-archive/SHOTGUN/v3/batch_13/B13AMD0697/kneaddata/B13AMD0697.fastq,s3://amili-global-archive/SHOTGUN/v3/batch_13/B13AMD0697/kneaddata/B13AMD0697_stat.tsv,s3://amili-global-archive/SHOTGUN/v3/batch_13/B13AMD0697/metaphlan/B13AMD0697_metaphlan.tsv,s3://amili-global-archive/SHOTGUN/v3/batch_13/B13AMD0697/humann/B13AMD0697_pathabundance.tsv,s3://amili-global-archive/SHOTGUN/v3/batch_13/B13AMD0697/humann/B13AMD0697_reaction_ec.tsv,s3://amili-global-archive/SHOTGUN/v3/batch_13/B13AMD0697/humann/B13AMD0697_genefamilies.tsv,s3://amili-global-archive/SHOTGUN/v3/batch_13/B13AMD0697/humann/B13AMD0697_reaction_ko.tsv,s3://amili-analysis-lab/Macrogen/sequencing-data/batch_13-231samples/B13AMD0697_1.fastq.gz,s3://amili-analysis-lab/Macrogen/sequencing-data/batch_13-231samples/B13AMD0697_2.fastq.gz
B13AMD0697,BATCH13,,AMDJ-J27V-2WHX,AMD0697,AMD,SHOTGUN,v3,,s3://amili-global-archive/SHOTGUN/v3/batch_5/B13AMD0697/kneaddata/B13AMD0697_stat.tsv,,,,,,s3://amili-analysis-lab/Macrogen/sequencing-data/batch_13-231samples/B13AMD0697_1.fastq.gz,s3://amili-analysis-lab/Macrogen/sequencing-data/batch_13-231samples/B13AMD0697_2.fastq.gz
B13AMD0699,BATCH13,,AMDJ-GSSE-Q88H,AMD0699,AMD,SHOTGUN,v3,s3://amili-global-archive/SHOTGUN/v3/batch_13/B13AMD0699/kneaddata/B13AMD0699.fastq,s3://amili-global-archive/SHOTGUN/v3/batch_13/B13AMD0699/kneaddata/B13AMD0699_stat.tsv,s3://amili-global-archive/SHOTGUN/v3/batch_13/B13AMD0699/metaphlan/B13AMD0699_metaphlan.tsv,s3://amili-global-archive/SHOTGUN/v3/batch_13/B13AMD0699/humann/B13AMD0699_pathabundance.tsv,s3://amili-global-archive/SHOTGUN/v3/batch_13/B13AMD0699/humann/B13AMD0699_reaction_ec.tsv,s3://amili-global-archive/SHOTGUN/v3/batch_13/B13AMD0699/humann/B13AMD0699_genefamilies.tsv,s3://amili-global-archive/SHOTGUN/v3/batch_13/B13AMD0699/humann/B13AMD0699_reaction_ko.tsv,s3://amili-analysis-lab/Macrogen/sequencing-data/batch_13-231samples/B13AMD0699_1.fastq.gz,s3://amili-analysis-lab/Macrogen/sequencing-data/batch_13-231samples/B13AMD0699_2.fastq.gz
B13AMD0699,BATCH13,,AMDJ-GSSE-Q88H,AMD0699,AMD,SHOTGUN,v3,,s3://amili-global-archive/SHOTGUN/v3/batch_5/B13AMD0699/kneaddata/B13AMD0699_stat.tsv,,,,,,s3://amili-analysis-lab/Macrogen/sequencing-data/batch_13-231samples/B13AMD0699_1.fastq.gz,s3://amili-analysis-lab/Macrogen/sequencing-data/batch_13-231samples/B13AMD0699_2.fastq.gz
B13AMD0701,BATCH13,,AMDJ-H3XZ-NFW6,AMD0701,AMD,SHOTGUN,v3,s3://amili-global-archive/SHOTGUN/v3/batch_13/B13AMD0701/kneaddata/B13AMD0701.fastq,s3://amili-global-archive/SHOTGUN/v3/batch_13/B13AMD0701/kneaddata/B13AMD0701_stat.tsv,s3://amili-global-archive/SHOTGUN/v3/batch_13/B13AMD0701/metaphlan/B13AMD0701_metaphlan.tsv,s3://amili-global-archive/SHOTGUN/v3/batch_13/B13AMD0701/humann/B13AMD0701_pathabundance.tsv,s3://amili-global-archive/SHOTGUN/v3/batch_13/B13AMD0701/humann/B13AMD0701_reaction_ec.tsv,s3://amili-global-archive/SHOTGUN/v3/batch_13/B13AMD0701/humann/B13AMD0701_genefamilies.tsv,s3://amili-global-archive/SHOTGUN/v3/batch_13/B13AMD0701/humann/B13AMD0701_reaction_ko.tsv,s3://amili-analysis-lab/Macrogen/sequencing-data/batch_13-231samples/B13AMD0701_1.fastq.gz,s3://amili-analysis-lab/Macrogen/sequencing-data/batch_13-231samples/B13AMD0701_2.fastq.gz
B13AMD0701,BATCH13,,AMDJ-H3XZ-NFW6,AMD0701,AMD,SHOTGUN,v3,,s3://amili-global-archive/SHOTGUN/v3/batch_5/B13AMD0701/kneaddata/B13AMD0701_stat.tsv,,,,,,s3://amili-analysis-lab/Macrogen/sequencing-data/batch_13-231samples/B13AMD0701_1.fastq.gz,s3://amili-analysis-lab/Macrogen/sequencing-data/batch_13-231samples/B13AMD0701_2.fastq.gz
B13AMD0704,BATCH13,,AMDJ-BHAF-5NE2,AMD0704,AMD,SHOTGUN,v3,s3://amili-global-archive/SHOTGUN/v3/batch_13/B13AMD0704/kneaddata/B13AMD0704.fastq,s3://amili-global-archive/SHOTGUN/v3/batch_13/B13AMD0704/kneaddata/B13AMD0704_stat.tsv,s3://amili-global-archive/SHOTGUN/v3/batch_13/B13AMD0704/metaphlan/B13AMD0704_metaphlan.tsv,s3://amili-global-archive/SHOTGUN/v3/batch_13/B13AMD0704/humann/B13AMD0704_pathabundance.tsv,s3://amili-global-archive/SHOTGUN/v3/batch_13/B13AMD0704/humann/B13AMD0704_reaction_ec.tsv,s3://amili-global-archive/SHOTGUN/v3/batch_13/B13AMD0704/humann/B13AMD0704_genefamilies.tsv,s3://amili-global-archive/SHOTGUN/v3/batch_13/B13AMD0704/humann/B13AMD0704_reaction_ko.tsv,s3://amili-analysis-lab/Macrogen/sequencing-data/batch_13-231samples/B13AMD0704_1.fastq.gz,s3://amili-analysis-lab/Macrogen/sequencing-data/batch_13-231samples/B13AMD0704_2.fastq.gz
B13AMD0704,BATCH13,,AMDJ-BHAF-5NE2,AMD0704,AMD,SHOTGUN,v3,,s3://amili-global-archive/SHOTGUN/v3/batch_5/B13AMD0704/kneaddata/B13AMD0704_stat.tsv,,,,,,s3://amili-analysis-lab/Macrogen/sequencing-data/batch_13-231samples/B13AMD0704_1.fastq.gz,s3://amili-analysis-lab/Macrogen/sequencing-data/batch_13-231samples/B13AMD0704_2.fastq.gz
B13AMD0707,BATCH13,,AMDJ-Y9M3-SAKW,AMD0707,AMD,SHOTGUN,v3,s3://amili-global-archive/SHOTGUN/v3/batch_13/B13AMD0707/kneaddata/B13AMD0707.fastq,s3://amili-global-archive/SHOTGUN/v3/batch_13/B13AMD0707/kneaddata/B13AMD0707_stat.tsv,s3://amili-global-archive/SHOTGUN/v3/batch_13/B13AMD0707/metaphlan/B13AMD0707_metaphlan.tsv,s3://amili-global-archive/SHOTGUN/v3/batch_13/B13AMD0707/humann/B13AMD0707_pathabundance.tsv,s3://amili-global-archive/SHOTGUN/v3/batch_13/B13AMD0707/humann/B13AMD0707_reaction_ec.tsv,s3://amili-global-archive/SHOTGUN/v3/batch_13/B13AMD0707/humann/B13AMD0707_genefamilies.tsv,s3://amili-global-archive/SHOTGUN/v3/batch_13/B13AMD0707/humann/B13AMD0707_reaction_ko.tsv,s3://amili-analysis-lab/Macrogen/sequencing-data/batch_13-231samples/B13AMD0707_1.fastq.gz,s3://amili-analysis-lab/Macrogen/sequencing-data/batch_13-231samples/B13AMD0707_2.fastq.gz
B13AMD0707,BATCH13,,AMDJ-Y9M3-SAKW,AMD0707,AMD,SHOTGUN,v3,,s3://amili-global-archive/SHOTGUN/v3/batch_5/B13AMD0707/kneaddata/B13AMD0707_stat.tsv,,,,,,s3://amili-analysis-lab/Macrogen/sequencing-data/batch_13-231samples/B13AMD0707_1.fastq.gz,s3://amili-analysis-lab/Macrogen/sequencing-data/batch_13-231samples/B13AMD0707_2.fastq.gz
B13AMD0709,BATCH13,,AMDJ-6AN2-B38S,AMD0709,AMD,SHOTGUN,v3,s3://amili-global-archive/SHOTGUN/v3/batch_13/B13AMD0709/kneaddata/B13AMD0709.fastq,s3://amili-global-archive/SHOTGUN/v3/batch_13/B13AMD0709/kneaddata/B13AMD0709_stat.tsv,s3://amili-global-archive/SHOTGUN/v3/batch_13/B13AMD0709/metaphlan/B13AMD0709_metaphlan.tsv,s3://amili-global-archive/SHOTGUN/v3/batch_13/B13AMD0709/humann/B13AMD0709_pathabundance.tsv,s3://amili-global-archive/SHOTGUN/v3/batch_13/B13AMD0709/humann/B13AMD0709_reaction_ec.tsv,s3://amili-global-archive/SHOTGUN/v3/batch_13/B13AMD0709/humann/B13AMD0709_genefamilies.tsv,s3://amili-global-archive/SHOTGUN/v3/batch_13/B13AMD0709/humann/B13AMD0709_reaction_ko.tsv,s3://amili-analysis-lab/Macrogen/sequencing-data/batch_13-231samples/B13AMD0709_1.fastq.gz,s3://amili-analysis-lab/Macrogen/sequencing-data/batch_13-231samples/B13AMD0709_2.fastq.gz
B13AMD0709,BATCH13,,AMDJ-6AN2-B38S,AMD0709,AMD,SHOTGUN,v3,,s3://amili-global-archive/SHOTGUN/v3/batch_5/B13AMD0709/kneaddata/B13AMD0709_stat.tsv,,,,,,s3://amili-analysis-lab/Macrogen/sequencing-data/batch_13-231samples/B13AMD0709_1.fastq.gz,s3://amili-analysis-lab/Macrogen/sequencing-data/batch_13-231samples/B13AMD0709_2.fastq.gz
B13AMD0711,BATCH13,,AMDJ-BB3R-ZKCS,AMD0711,AMD,SHOTGUN,v3,s3://amili-global-archive/SHOTGUN/v3/batch_13/B13AMD0711/kneaddata/B13AMD0711.fastq,s3://amili-global-archive/SHOTGUN/v3/batch_13/B13AMD0711/kneaddata/B13AMD0711_stat.tsv,s3://amili-global-archive/SHOTGUN/v3/batch_13/B13AMD0711/metaphlan/B13AMD0711_metaphlan.tsv,s3://amili-global-archive/SHOTGUN/v3/batch_13/B13AMD0711/humann/B13AMD0711_pathabundance.tsv,s3://amili-global-archive/SHOTGUN/v3/batch_13/B13AMD0711/humann/B13AMD0711_reaction_ec.tsv,s3://amili-global-archive/SHOTGUN/v3/batch_13/B13AMD0711/humann/B13AMD0711_genefamilies.tsv,s3://amili-global-archive/SHOTGUN/v3/batch_13/B13AMD0711/humann/B13AMD0711_reaction_ko.tsv,s3://amili-analysis-lab/Macrogen/sequencing-data/batch_13-231samples/B13AMD0711_1.fastq.gz,s3://amili-analysis-lab/Macrogen/sequencing-data/batch_13-231samples/B13AMD0711_2.fastq.gz
B13AMD0711,BATCH13,,AMDJ-BB3R-ZKCS,AMD0711,AMD,SHOTGUN,v3,,s3://amili-global-archive/SHOTGUN/v3/batch_5/B13AMD0711/kneaddata/B13AMD0711_stat.tsv,,,,,,s3://amili-analysis-lab/Macrogen/sequencing-data/batch_13-231samples/B13AMD0711_1.fastq.gz,s3://amili-analysis-lab/Macrogen/sequencing-data/batch_13-231samples/B13AMD0711_2.fastq.gz
B13AMD0713,BATCH13,,AMDJ-NTH3-NTNN,AMD0713,AMD,SHOTGUN,v3,s3://amili-global-archive/SHOTGUN/v3/batch_13/B13AMD0713/kneaddata/B13AMD0713.fastq,s3://amili-global-archive/SHOTGUN/v3/batch_13/B13AMD0713/kneaddata/B13AMD0713_stat.tsv,s3://amili-global-archive/SHOTGUN/v3/batch_13/B13AMD0713/metaphlan/B13AMD0713_metaphlan.tsv,s3://amili-global-archive/SHOTGUN/v3/batch_13/B13AMD0713/humann/B13AMD0713_pathabundance.tsv,s3://amili-global-archive/SHOTGUN/v3/batch_13/B13AMD0713/humann/B13AMD0713_reaction_ec.tsv,s3://amili-global-archive/SHOTGUN/v3/batch_13/B13AMD0713/humann/B13AMD0713_genefamilies.tsv,s3://amili-global-archive/SHOTGUN/v3/batch_13/B13AMD0713/humann/B13AMD0713_reaction_ko.tsv,s3://amili-analysis-lab/Macrogen/sequencing-data/batch_13-231samples/B13AMD0713_1.fastq.gz,s3://amili-analysis-lab/Macrogen/sequencing-data/batch_13-231samples/B13AMD0713_2.fastq.gz
B13AMD0713,BATCH13,,AMDJ-NTH3-NTNN,AMD0713,AMD,SHOTGUN,v3,,s3://amili-global-archive/SHOTGUN/v3/batch_5/B13AMD0713/kneaddata/B13AMD0713_stat.tsv,,,,,,s3://amili-analysis-lab/Macrogen/sequencing-data/batch_13-231samples/B13AMD0713_1.fastq.gz,s3://amili-analysis-lab/Macrogen/sequencing-data/batch_13-231samples/B13AMD0713_2.fastq.gz
B13AMD0719,BATCH13,,AMDJ-C9AZ-GPPJ,AMD0719,AMD,SHOTGUN,v3,s3://amili-global-archive/SHOTGUN/v3/batch_13/B13AMD0719/kneaddata/B13AMD0719.fastq,s3://amili-global-archive/SHOTGUN/v3/batch_13/B13AMD0719/kneaddata/B13AMD0719_stat.tsv,s3://amili-global-archive/SHOTGUN/v3/batch_13/B13AMD0719/metaphlan/B13AMD0719_metaphlan.tsv,s3://amili-global-archive/SHOTGUN/v3/batch_13/B13AMD0719/humann/B13AMD0719_pathabundance.tsv,s3://amili-global-archive/SHOTGUN/v3/batch_13/B13AMD0719/humann/B13AMD0719_reaction_ec.tsv,s3://amili-global-archive/SHOTGUN/v3/batch_13/B13AMD0719/humann/B13AMD0719_genefamilies.tsv,s3://amili-global-archive/SHOTGUN/v3/batch_13/B13AMD0719/humann/B13AMD0719_reaction_ko.tsv,s3://amili-analysis-lab/Macrogen/sequencing-data/batch_13-231samples/B13AMD0719_1.fastq.gz,s3://amili-analysis-lab/Macrogen/sequencing-data/batch_13-231samples/B13AMD0719_2.fastq.gz
B13AMD0726,BATCH13,,AMDJ-JWEF-VWVS,AMD0726,AMD,SHOTGUN,v3,s3://amili-global-archive/SHOTGUN/v3/batch_13/B13AMD0726/kneaddata/B13AMD0726.fastq,s3://amili-global-archive/SHOTGUN/v3/batch_13/B13AMD0726/kneaddata/B13AMD0726_stat.tsv,s3://amili-global-archive/SHOTGUN/v3/batch_13/B13AMD0726/metaphlan/B13AMD0726_metaphlan.tsv,s3://amili-global-archive/SHOTGUN/v3/batch_13/B13AMD0726/humann/B13AMD0726_pathabundance.tsv,s3://amili-global-archive/SHOTGUN/v3/batch_13/B13AMD0726/humann/B13AMD0726_reaction_ec.tsv,s3://amili-global-archive/SHOTGUN/v3/batch_13/B13AMD0726/humann/B13AMD0726_genefamilies.tsv,s3://amili-global-archive/SHOTGUN/v3/batch_13/B13AMD0726/humann/B13AMD0726_reaction_ko.tsv,s3://amili-analysis-lab/Macrogen/sequencing-data/batch_13-231samples/B13AMD0726_1.fastq.gz,s3://amili-analysis-lab/Macrogen/sequencing-data/batch_13-231samples/B13AMD0726_2.fastq.gz
B13AMD0726,BATCH13,,AMDJ-JWEF-VWVS,AMD0726,AMD,SHOTGUN,v3,,s3://amili-global-archive/SHOTGUN/v3/batch_5/B13AMD0726/kneaddata/B13AMD0726_stat.tsv,,,,,,s3://amili-analysis-lab/Macrogen/sequencing-data/batch_13-231samples/B13AMD0726_1.fastq.gz,s3://amili-analysis-lab/Macrogen/sequencing-data/batch_13-231samples/B13AMD0726_2.fastq.gz
B13AMD0727,BATCH13,,AMDJ-WCZT-PRB3,AMD0727,AMD,SHOTGUN,v3,s3://amili-global-archive/SHOTGUN/v3/batch_13/B13AMD0727/kneaddata/B13AMD0727.fastq,s3://amili-global-archive/SHOTGUN/v3/batch_13/B13AMD0727/kneaddata/B13AMD0727_stat.tsv,s3://amili-global-archive/SHOTGUN/v3/batch_13/B13AMD0727/metaphlan/B13AMD0727_metaphlan.tsv,s3://amili-global-archive/SHOTGUN/v3/batch_13/B13AMD0727/humann/B13AMD0727_pathabundance.tsv,s3://amili-global-archive/SHOTGUN/v3/batch_13/B13AMD0727/humann/B13AMD0727_reaction_ec.tsv,s3://amili-global-archive/SHOTGUN/v3/batch_13/B13AMD0727/humann/B13AMD0727_genefamilies.tsv,s3://amili-global-archive/SHOTGUN/v3/batch_13/B13AMD0727/humann/B13AMD0727_reaction_ko.tsv,s3://amili-analysis-lab/Macrogen/sequencing-data/batch_13-231samples/B13AMD0727_1.fastq.gz,s3://amili-analysis-lab/Macrogen/sequencing-data/batch_13-231samples/B13AMD0727_2.fastq.gz
B13AMD0727,BATCH13,,AMDJ-WCZT-PRB3,AMD0727,AMD,SHOTGUN,v3,,s3://amili-global-archive/SHOTGUN/v3/batch_5/B13AMD0727/kneaddata/B13AMD0727_stat.tsv,,,,,,s3://amili-analysis-lab/Macrogen/sequencing-data/batch_13-231samples/B13AMD0727_1.fastq.gz,s3://amili-analysis-lab/Macrogen/sequencing-data/batch_13-231samples/B13AMD0727_2.fastq.gz
B13AMD0728,BATCH13,,AMDJ-2Y2R-YHVT,AMD0728,AMD,SHOTGUN,v3,s3://amili-global-archive/SHOTGUN/v3/batch_13/B13AMD0728/kneaddata/B13AMD0728.fastq,s3://amili-global-archive/SHOTGUN/v3/batch_13/B13AMD0728/kneaddata/B13AMD0728_stat.tsv,s3://amili-global-archive/SHOTGUN/v3/batch_13/B13AMD0728/metaphlan/B13AMD0728_metaphlan.tsv,s3://amili-global-archive/SHOTGUN/v3/batch_13/B13AMD0728/humann/B13AMD0728_pathabundance.tsv,s3://amili-global-archive/SHOTGUN/v3/batch_13/B13AMD0728/humann/B13AMD0728_reaction_ec.tsv,s3://amili-global-archive/SHOTGUN/v3/batch_13/B13AMD0728/humann/B13AMD0728_genefamilies.tsv,s3://amili-global-archive/SHOTGUN/v3/batch_13/B13AMD0728/humann/B13AMD0728_reaction_ko.tsv,s3://amili-analysis-lab/Macrogen/sequencing-data/batch_13-231samples/B13AMD0728_1.fastq.gz,s3://amili-analysis-lab/Macrogen/sequencing-data/batch_13-231samples/B13AMD0728_2.fastq.gz
B13AMD0728,BATCH13,,AMDJ-2Y2R-YHVT,AMD0728,AMD,SHOTGUN,v3,,s3://amili-global-archive/SHOTGUN/v3/batch_5/B13AMD0728/kneaddata/B13AMD0728_stat.tsv,,,,,,s3://amili-analysis-lab/Macrogen/sequencing-data/batch_13-231samples/B13AMD0728_1.fastq.gz,s3://amili-analysis-lab/Macrogen/sequencing-data/batch_13-231samples/B13AMD0728_2.fastq.gz
B13AMD0730,BATCH13,,AMDJ-F2KY-EXCM,AMD0730,AMD,SHOTGUN,v3,s3://amili-global-archive/SHOTGUN/v3/batch_13/B13AMD0730/kneaddata/B13AMD0730.fastq,s3://amili-global-archive/SHOTGUN/v3/batch_13/B13AMD0730/kneaddata/B13AMD0730_stat.tsv,s3://amili-global-archive/SHOTGUN/v3/batch_13/B13AMD0730/metaphlan/B13AMD0730_metaphlan.tsv,s3://amili-global-archive/SHOTGUN/v3/batch_13/B13AMD0730/humann/B13AMD0730_pathabundance.tsv,s3://amili-global-archive/SHOTGUN/v3/batch_13/B13AMD0730/humann/B13AMD0730_reaction_ec.tsv,s3://amili-global-archive/SHOTGUN/v3/batch_13/B13AMD0730/humann/B13AMD0730_genefamilies.tsv,s3://amili-global-archive/SHOTGUN/v3/batch_13/B13AMD0730/humann/B13AMD0730_reaction_ko.tsv,s3://amili-analysis-lab/Macrogen/sequencing-data/batch_13-231samples/B13AMD0730_1.fastq.gz,s3://amili-analysis-lab/Macrogen/sequencing-data/batch_13-231samples/B13AMD0730_2.fastq.gz
B13AMD0730,BATCH13,,AMDJ-F2KY-EXCM,AMD0730,AMD,SHOTGUN,v3,,s3://amili-global-archive/SHOTGUN/v3/batch_5/B13AMD0730/kneaddata/B13AMD0730_stat.tsv,,,,,,s3://amili-analysis-lab/Macrogen/sequencing-data/batch_13-231samples/B13AMD0730_1.fastq.gz,s3://amili-analysis-lab/Macrogen/sequencing-data/batch_13-231samples/B13AMD0730_2.fastq.gz
B13AMD0734,BATCH13,,AMDJ-9EMG-478W,AMD0734,AMD,SHOTGUN,v3,s3://amili-global-archive/SHOTGUN/v3/batch_13/B13AMD0734/kneaddata/B13AMD0734.fastq,s3://amili-global-archive/SHOTGUN/v3/batch_13/B13AMD0734/kneaddata/B13AMD0734_stat.tsv,s3://amili-global-archive/SHOTGUN/v3/batch_13/B13AMD0734/metaphlan/B13AMD0734_metaphlan.tsv,s3://amili-global-archive/SHOTGUN/v3/batch_13/B13AMD0734/humann/B13AMD0734_pathabundance.tsv,s3://amili-global-archive/SHOTGUN/v3/batch_13/B13AMD0734/humann/B13AMD0734_reaction_ec.tsv,s3://amili-global-archive/SHOTGUN/v3/batch_13/B13AMD0734/humann/B13AMD0734_genefamilies.tsv,s3://amili-global-archive/SHOTGUN/v3/batch_13/B13AMD0734/humann/B13AMD0734_reaction_ko.tsv,s3://amili-analysis-lab/Macrogen/sequencing-data/batch_13-231samples/B13AMD0734_1.fastq.gz,s3://amili-analysis-lab/Macrogen/sequencing-data/batch_13-231samples/B13AMD0734_2.fastq.gz
B13AMD0734,BATCH13,,AMDJ-9EMG-478W,AMD0734,AMD,SHOTGUN,v3,,s3://amili-global-archive/SHOTGUN/v3/batch_5/B13AMD0734/kneaddata/B13AMD0734_stat.tsv,,,,,,s3://amili-analysis-lab/Macrogen/sequencing-data/batch_13-231samples/B13AMD0734_1.fastq.gz,s3://amili-analysis-lab/Macrogen/sequencing-data/batch_13-231samples/B13AMD0734_2.fastq.gz
B13AMD0735,BATCH13,,AMDJ-9VB2-JFHA,AMD0735,AMD,SHOTGUN,v3,s3://amili-global-archive/SHOTGUN/v3/batch_13/B13AMD0735/kneaddata/B13AMD0735.fastq,s3://amili-global-archive/SHOTGUN/v3/batch_13/B13AMD0735/kneaddata/B13AMD0735_stat.tsv,s3://amili-global-archive/SHOTGUN/v3/batch_13/B13AMD0735/metaphlan/B13AMD0735_metaphlan.tsv,s3://amili-global-archive/SHOTGUN/v3/batch_13/B13AMD0735/humann/B13AMD0735_pathabundance.tsv,s3://amili-global-archive/SHOTGUN/v3/batch_13/B13AMD0735/humann/B13AMD0735_reaction_ec.tsv,s3://amili-global-archive/SHOTGUN/v3/batch_13/B13AMD0735/humann/B13AMD0735_genefamilies.tsv,s3://amili-global-archive/SHOTGUN/v3/batch_13/B13AMD0735/humann/B13AMD0735_reaction_ko.tsv,s3://amili-analysis-lab/Macrogen/sequencing-data/batch_13-231samples/B13AMD0735_1.fastq.gz,s3://amili-analysis-lab/Macrogen/sequencing-data/batch_13-231samples/B13AMD0735_2.fastq.gz
B13AMD0735,BATCH13,,AMDJ-9VB2-JFHA,AMD0735,AMD,SHOTGUN,v3,,s3://amili-global-archive/SHOTGUN/v3/batch_5/B13AMD0735/kneaddata/B13AMD0735_stat.tsv,,,,,,s3://amili-analysis-lab/Macrogen/sequencing-data/batch_13-231samples/B13AMD0735_1.fastq.gz,s3://amili-analysis-lab/Macrogen/sequencing-data/batch_13-231samples/B13AMD0735_2.fastq.gz
B13AMD0736,BATCH13,,AMDJ-3V46-AE4Y,AMD0736,AMD,SHOTGUN,v3,s3://amili-global-archive/SHOTGUN/v3/batch_13/B13AMD0736/kneaddata/B13AMD0736.fastq,s3://amili-global-archive/SHOTGUN/v3/batch_13/B13AMD0736/kneaddata/B13AMD0736_stat.tsv,s3://amili-global-archive/SHOTGUN/v3/batch_13/B13AMD0736/metaphlan/B13AMD0736_metaphlan.tsv,s3://amili-global-archive/SHOTGUN/v3/batch_13/B13AMD0736/humann/B13AMD0736_pathabundance.tsv,s3://amili-global-archive/SHOTGUN/v3/batch_13/B13AMD0736/humann/B13AMD0736_reaction_ec.tsv,s3://amili-global-archive/SHOTGUN/v3/batch_13/B13AMD0736/humann/B13AMD0736_genefamilies.tsv,s3://amili-global-archive/SHOTGUN/v3/batch_13/B13AMD0736/humann/B13AMD0736_reaction_ko.tsv,s3://amili-analysis-lab/Macrogen/sequencing-data/batch_13-231samples/B13AMD0736_1.fastq.gz,s3://amili-analysis-lab/Macrogen/sequencing-data/batch_13-231samples/B13AMD0736_2.fastq.gz
B13AMD0736,BATCH13,,AMDJ-3V46-AE4Y,AMD0736,AMD,SHOTGUN,v3,,s3://amili-global-archive/SHOTGUN/v3/batch_5/B13AMD0736/kneaddata/B13AMD0736_stat.tsv,,,,,,s3://amili-analysis-lab/Macrogen/sequencing-data/batch_13-231samples/B13AMD0736_1.fastq.gz,s3://amili-analysis-lab/Macrogen/sequencing-data/batch_13-231samples/B13AMD0736_2.fastq.gz
B13AMD0739,BATCH13,,AMDJ-6D5R-BYJ6,AMD0739,AMD,SHOTGUN,v3,s3://amili-global-archive/SHOTGUN/v3/batch_13-231samples/B13AMD0739/kneaddata/B13AMD0739.fastq,s3://amili-global-archive/SHOTGUN/v3/batch_13-231samples/B13AMD0739/kneaddata/B13AMD0739_stat.tsv,s3://amili-global-archive/SHOTGUN/v3/batch_13-231samples/B13AMD0739/metaphlan/B13AMD0739_metaphlan.tsv,s3://amili-global-archive/SHOTGUN/v3/batch_13-231samples/B13AMD0739/humann/B13AMD0739_pathabundance.tsv,s3://amili-global-archive/SHOTGUN/v3/batch_13-231samples/B13AMD0739/humann/B13AMD0739_reaction_ec.tsv,s3://amili-global-archive/SHOTGUN/v3/batch_13-231samples/B13AMD0739/humann/B13AMD0739_genefamilies.tsv,s3://amili-global-archive/SHOTGUN/v3/batch_13-231samples/B13AMD0739/humann/B13AMD0739_reaction_ko.tsv,s3://amili-analysis-lab/Macrogen/sequencing-data/batch_13-231samples/B13AMD0739_1.fastq.gz,s3://amili-analysis-lab/Macrogen/sequencing-data/batch_13-231samples/B13AMD0739_2.fastq.gz
B13AMD0739,BATCH13,,AMDJ-6D5R-BYJ6,AMD0739,AMD,SHOTGUN,v3,s3://amili-global-archive/SHOTGUN/v3/batch_13/B13AMD0739/kneaddata/B13AMD0739.fastq,s3://amili-global-archive/SHOTGUN/v3/batch_13/B13AMD0739/kneaddata/B13AMD0739_stat.tsv,s3://amili-global-archive/SHOTGUN/v3/batch_13/B13AMD0739/metaphlan/B13AMD0739_metaphlan.tsv,s3://amili-global-archive/SHOTGUN/v3/batch_13/B13AMD0739/humann/B13AMD0739_pathabundance.tsv,s3://amili-global-archive/SHOTGUN/v3/batch_13/B13AMD0739/humann/B13AMD0739_reaction_ec.tsv,s3://amili-global-archive/SHOTGUN/v3/batch_13/B13AMD0739/humann/B13AMD0739_genefamilies.tsv,s3://amili-global-archive/SHOTGUN/v3/batch_13/B13AMD0739/humann/B13AMD0739_reaction_ko.tsv,s3://amili-analysis-lab/Macrogen/sequencing-data/batch_13-231samples/B13AMD0739_1.fastq.gz,s3://amili-analysis-lab/Macrogen/sequencing-data/batch_13-231samples/B13AMD0739_2.fastq.gz
B13AMD0739,BATCH13,,AMDJ-6D5R-BYJ6,AMD0739,AMD,SHOTGUN,v3,,s3://amili-global-archive/SHOTGUN/v3/batch_5/B13AMD0739/kneaddata/B13AMD0739_stat.tsv,,,,,,s3://amili-analysis-lab/Macrogen/sequencing-data/batch_13-231samples/B13AMD0739_1.fastq.gz,s3://amili-analysis-lab/Macrogen/sequencing-data/batch_13-231samples/B13AMD0739_2.fastq.gz
B13AMD0740,BATCH13,,AMDJ-EN7B-39UG,AMD0740,AMD,SHOTGUN,v3,s3://amili-global-archive/SHOTGUN/v3/batch_13/B13AMD0740/kneaddata/B13AMD0740.fastq,s3://amili-global-archive/SHOTGUN/v3/batch_13/B13AMD0740/kneaddata/B13AMD0740_stat.tsv,s3://amili-global-archive/SHOTGUN/v3/batch_13/B13AMD0740/metaphlan/B13AMD0740_metaphlan.tsv,s3://amili-global-archive/SHOTGUN/v3/batch_13/B13AMD0740/humann/B13AMD0740_pathabundance.tsv,s3://amili-global-archive/SHOTGUN/v3/batch_13/B13AMD0740/humann/B13AMD0740_reaction_ec.tsv,s3://amili-global-archive/SHOTGUN/v3/batch_13/B13AMD0740/humann/B13AMD0740_genefamilies.tsv,s3://amili-global-archive/SHOTGUN/v3/batch_13/B13AMD0740/humann/B13AMD0740_reaction_ko.tsv,s3://amili-analysis-lab/Macrogen/sequencing-data/batch_13-231samples/B13AMD0740_1.fastq.gz,s3://amili-analysis-lab/Macrogen/sequencing-data/batch_13-231samples/B13AMD0740_2.fastq.gz
B13AMD0740,BATCH13,,AMDJ-EN7B-39UG,AMD0740,AMD,SHOTGUN,v3,,s3://amili-global-archive/SHOTGUN/v3/batch_5/B13AMD0740/kneaddata/B13AMD0740_stat.tsv,,,,,,s3://amili-analysis-lab/Macrogen/sequencing-data/batch_13-231samples/B13AMD0740_1.fastq.gz,s3://amili-analysis-lab/Macrogen/sequencing-data/batch_13-231samples/B13AMD0740_2.fastq.gz
B16AMD0857,BATCH16,,AMDJ-GS6G-E7DH,AMD0857,AMD,SHOTGUN,v3,s3://amili-global-archive/SHOTGUN/v3/batch_16/B16AMD0857/kneaddata/B16AMD0857.fastq,s3://amili-global-archive/SHOTGUN/v3/batch_16/B16AMD0857/kneaddata/B16AMD0857_stat.tsv,s3://amili-global-archive/SHOTGUN/v3/batch_16/B16AMD0857/metaphlan/B16AMD0857_metaphlan.tsv,,,,,s3://amili-analysis-lab/Macrogen/sequencing-data/batch_16-98samples/B16AMD0857_1.fastq.gz,s3://amili-analysis-lab/Macrogen/sequencing-data/batch_16-98samples/B16AMD0857_2.fastq.gz
B13AMD0751,BATCH13,,AMDJ-QVGX-JNVU,AMD0751,AMD,SHOTGUN,v3,s3://amili-global-archive/SHOTGUN/v3/batch_13/B13AMD0751/kneaddata/B13AMD0751.fastq,s3://amili-global-archive/SHOTGUN/v3/batch_13/B13AMD0751/kneaddata/B13AMD0751_stat.tsv,s3://amili-global-archive/SHOTGUN/v3/batch_13/B13AMD0751/metaphlan/B13AMD0751_metaphlan.tsv,s3://amili-global-archive/SHOTGUN/v3/batch_13/B13AMD0751/humann/B13AMD0751_pathabundance.tsv,s3://amili-global-archive/SHOTGUN/v3/batch_13/B13AMD0751/humann/B13AMD0751_reaction_ec.tsv,s3://amili-global-archive/SHOTGUN/v3/batch_13/B13AMD0751/humann/B13AMD0751_genefamilies.tsv,s3://amili-global-archive/SHOTGUN/v3/batch_13/B13AMD0751/humann/B13AMD0751_reaction_ko.tsv,s3://amili-analysis-lab/Macrogen/sequencing-data/batch_13-231samples/B13AMD0751_1.fastq.gz,s3://amili-analysis-lab/Macrogen/sequencing-data/batch_13-231samples/B13AMD0751_2.fastq.gz
B13AMD0751,BATCH13,,AMDJ-QVGX-JNVU,AMD0751,AMD,SHOTGUN,v3,,s3://amili-global-archive/SHOTGUN/v3/batch_5/B13AMD0751/kneaddata/B13AMD0751_stat.tsv,,,,,,s3://amili-analysis-lab/Macrogen/sequencing-data/batch_13-231samples/B13AMD0751_1.fastq.gz,s3://amili-analysis-lab/Macrogen/sequencing-data/batch_13-231samples/B13AMD0751_2.fastq.gz
B13AMD0755,BATCH13,,AMDJ-4PVE-W2T8,AMD0755,AMD,SHOTGUN,v3,s3://amili-global-archive/SHOTGUN/v3/batch_13/B13AMD0755/kneaddata/B13AMD0755.fastq,s3://amili-global-archive/SHOTGUN/v3/batch_13/B13AMD0755/kneaddata/B13AMD0755_stat.tsv,s3://amili-global-archive/SHOTGUN/v3/batch_13/B13AMD0755/metaphlan/B13AMD0755_metaphlan.tsv,s3://amili-global-archive/SHOTGUN/v3/batch_13/B13AMD0755/humann/B13AMD0755_pathabundance.tsv,s3://amili-global-archive/SHOTGUN/v3/batch_13/B13AMD0755/humann/B13AMD0755_reaction_ec.tsv,s3://amili-global-archive/SHOTGUN/v3/batch_13/B13AMD0755/humann/B13AMD0755_genefamilies.tsv,s3://amili-global-archive/SHOTGUN/v3/batch_13/B13AMD0755/humann/B13AMD0755_reaction_ko.tsv,s3://amili-analysis-lab/Macrogen/sequencing-data/batch_13-231samples/B13AMD0755_1.fastq.gz,s3://amili-analysis-lab/Macrogen/sequencing-data/batch_13-231samples/B13AMD0755_2.fastq.gz
B13AMD0755,BATCH13,,AMDJ-4PVE-W2T8,AMD0755,AMD,SHOTGUN,v3,,s3://amili-global-archive/SHOTGUN/v3/batch_5/B13AMD0755/kneaddata/B13AMD0755_stat.tsv,,,,,,s3://amili-analysis-lab/Macrogen/sequencing-data/batch_13-231samples/B13AMD0755_1.fastq.gz,s3://amili-analysis-lab/Macrogen/sequencing-data/batch_13-231samples/B13AMD0755_2.fastq.gz
B13AMD0757,BATCH13,,AMDJ-9KVM-PJ6T,AMD0757,AMD,SHOTGUN,v3,s3://amili-global-archive/SHOTGUN/v3/batch_13/B13AMD0757/kneaddata/B13AMD0757.fastq,s3://amili-global-archive/SHOTGUN/v3/batch_13/B13AMD0757/kneaddata/B13AMD0757_stat.tsv,s3://amili-global-archive/SHOTGUN/v3/batch_13/B13AMD0757/metaphlan/B13AMD0757_metaphlan.tsv,s3://amili-global-archive/SHOTGUN/v3/batch_13/B13AMD0757/humann/B13AMD0757_pathabundance.tsv,s3://amili-global-archive/SHOTGUN/v3/batch_13/B13AMD0757/humann/B13AMD0757_reaction_ec.tsv,s3://amili-global-archive/SHOTGUN/v3/batch_13/B13AMD0757/humann/B13AMD0757_genefamilies.tsv,s3://amili-global-archive/SHOTGUN/v3/batch_13/B13AMD0757/humann/B13AMD0757_reaction_ko.tsv,s3://amili-analysis-lab/Macrogen/sequencing-data/batch_13-231samples/B13AMD0757_1.fastq.gz,s3://amili-analysis-lab/Macrogen/sequencing-data/batch_13-231samples/B13AMD0757_2.fastq.gz
B13AMD0757,BATCH13,,AMDJ-9KVM-PJ6T,AMD0757,AMD,SHOTGUN,v3,,s3://amili-global-archive/SHOTGUN/v3/batch_5/B13AMD0757/kneaddata/B13AMD0757_stat.tsv,,,,,,s3://amili-analysis-lab/Macrogen/sequencing-data/batch_13-231samples/B13AMD0757_1.fastq.gz,s3://amili-analysis-lab/Macrogen/sequencing-data/batch_13-231samples/B13AMD0757_2.fastq.gz
B23AMD0860,BATCH23,,AMDJ-J4AR-U2R3,AMD0860,AMD,SHOTGUN,v3,s3://amili-global-archive/SHOTGUN/v3/batch_23/B23AMD0860/kneaddata/B23AMD0860.fastq,s3://amili-global-archive/SHOTGUN/v3/batch_23/B23AMD0860/kneaddata/B23AMD0860_stat.tsv,s3://amili-global-archive/SHOTGUN/v3/batch_23/B23AMD0860/metaphlan/B23AMD0860_metaphlan.tsv,,,,,s3://amili-analysis-lab/Macrogen/sequencing-data/batch_23-34Samples/B23AMD0860_1.fastq.gz,s3://amili-analysis-lab/Macrogen/sequencing-data/batch_23-34Samples/B23AMD0860_2.fastq.gz
B13AMD0760,BATCH13,,AMDJ-NZ7W-ZH64,AMD0760,AMD,SHOTGUN,v3,s3://amili-global-archive/SHOTGUN/v3/batch_13/B13AMD0760/kneaddata/B13AMD0760.fastq,s3://amili-global-archive/SHOTGUN/v3/batch_13/B13AMD0760/kneaddata/B13AMD0760_stat.tsv,s3://amili-global-archive/SHOTGUN/v3/batch_13/B13AMD0760/metaphlan/B13AMD0760_metaphlan.tsv,s3://amili-global-archive/SHOTGUN/v3/batch_13/B13AMD0760/humann/B13AMD0760_pathabundance.tsv,s3://amili-global-archive/SHOTGUN/v3/batch_13/B13AMD0760/humann/B13AMD0760_reaction_ec.tsv,s3://amili-global-archive/SHOTGUN/v3/batch_13/B13AMD0760/humann/B13AMD0760_genefamilies.tsv,s3://amili-global-archive/SHOTGUN/v3/batch_13/B13AMD0760/humann/B13AMD0760_reaction_ko.tsv,s3://amili-analysis-lab/Macrogen/sequencing-data/batch_13-231samples/B13AMD0760_1.fastq.gz,s3://amili-analysis-lab/Macrogen/sequencing-data/batch_13-231samples/B13AMD0760_2.fastq.gz
B13AMD0760,BATCH13,,AMDJ-NZ7W-ZH64,AMD0760,AMD,SHOTGUN,v3,,s3://amili-global-archive/SHOTGUN/v3/batch_5/B13AMD0760/kneaddata/B13AMD0760_stat.tsv,,,,,,s3://amili-analysis-lab/Macrogen/sequencing-data/batch_13-231samples/B13AMD0760_1.fastq.gz,s3://amili-analysis-lab/Macrogen/sequencing-data/batch_13-231samples/B13AMD0760_2.fastq.gz
B13AMD0765,BATCH13,,AMDJ-TRFT-9JEH,AMD0765,AMD,SHOTGUN,v3,s3://amili-global-archive/SHOTGUN/v3/batch_13/B13AMD0765/kneaddata/B13AMD0765.fastq,s3://amili-global-archive/SHOTGUN/v3/batch_13/B13AMD0765/kneaddata/B13AMD0765_stat.tsv,s3://amili-global-archive/SHOTGUN/v3/batch_13/B13AMD0765/metaphlan/B13AMD0765_metaphlan.tsv,s3://amili-global-archive/SHOTGUN/v3/batch_13/B13AMD0765/humann/B13AMD0765_pathabundance.tsv,s3://amili-global-archive/SHOTGUN/v3/batch_13/B13AMD0765/humann/B13AMD0765_reaction_ec.tsv,s3://amili-global-archive/SHOTGUN/v3/batch_13/B13AMD0765/humann/B13AMD0765_genefamilies.tsv,s3://amili-global-archive/SHOTGUN/v3/batch_13/B13AMD0765/humann/B13AMD0765_reaction_ko.tsv,s3://amili-analysis-lab/Macrogen/sequencing-data/batch_13-231samples/B13AMD0765_1.fastq.gz,s3://amili-analysis-lab/Macrogen/sequencing-data/batch_13-231samples/B13AMD0765_2.fastq.gz
B13AMD0767,BATCH13,,AMDJ-GQZ2-3KK9,AMD0767,AMD,SHOTGUN,v3,s3://amili-global-archive/SHOTGUN/v3/batch_13/B13AMD0767/kneaddata/B13AMD0767.fastq,s3://amili-global-archive/SHOTGUN/v3/batch_13/B13AMD0767/kneaddata/B13AMD0767_stat.tsv,s3://amili-global-archive/SHOTGUN/v3/batch_13/B13AMD0767/metaphlan/B13AMD0767_metaphlan.tsv,s3://amili-global-archive/SHOTGUN/v3/batch_13/B13AMD0767/humann/B13AMD0767_pathabundance.tsv,s3://amili-global-archive/SHOTGUN/v3/batch_13/B13AMD0767/humann/B13AMD0767_reaction_ec.tsv,s3://amili-global-archive/SHOTGUN/v3/batch_13/B13AMD0767/humann/B13AMD0767_genefamilies.tsv,s3://amili-global-archive/SHOTGUN/v3/batch_13/B13AMD0767/humann/B13AMD0767_reaction_ko.tsv,s3://amili-analysis-lab/Macrogen/sequencing-data/batch_13-231samples/B13AMD0767_1.fastq.gz,s3://amili-analysis-lab/Macrogen/sequencing-data/batch_13-231samples/B13AMD0767_2.fastq.gz
B13AMD0767,BATCH13,,AMDJ-GQZ2-3KK9,AMD0767,AMD,SHOTGUN,v3,,s3://amili-global-archive/SHOTGUN/v3/batch_5/B13AMD0767/kneaddata/B13AMD0767_stat.tsv,,,,,,s3://amili-analysis-lab/Macrogen/sequencing-data/batch_13-231samples/B13AMD0767_1.fastq.gz,s3://amili-analysis-lab/Macrogen/sequencing-data/batch_13-231samples/B13AMD0767_2.fastq.gz
B13AMD0768,BATCH13,,AMDJ-TA7H-JFHA,AMD0768,AMD,SHOTGUN,v3,s3://amili-global-archive/SHOTGUN/v3/batch_13/B13AMD0768/kneaddata/B13AMD0768.fastq,s3://amili-global-archive/SHOTGUN/v3/batch_13/B13AMD0768/kneaddata/B13AMD0768_stat.tsv,s3://amili-global-archive/SHOTGUN/v3/batch_13/B13AMD0768/metaphlan/B13AMD0768_metaphlan.tsv,s3://amili-global-archive/SHOTGUN/v3/batch_13/B13AMD0768/humann/B13AMD0768_pathabundance.tsv,s3://amili-global-archive/SHOTGUN/v3/batch_13/B13AMD0768/humann/B13AMD0768_reaction_ec.tsv,s3://amili-global-archive/SHOTGUN/v3/batch_13/B13AMD0768/humann/B13AMD0768_genefamilies.tsv,s3://amili-global-archive/SHOTGUN/v3/batch_13/B13AMD0768/humann/B13AMD0768_reaction_ko.tsv,s3://amili-analysis-lab/Macrogen/sequencing-data/batch_13-231samples/B13AMD0768_1.fastq.gz,s3://amili-analysis-lab/Macrogen/sequencing-data/batch_13-231samples/B13AMD0768_2.fastq.gz
B13AMD0768,BATCH13,,AMDJ-TA7H-JFHA,AMD0768,AMD,SHOTGUN,v3,,s3://amili-global-archive/SHOTGUN/v3/batch_5/B13AMD0768/kneaddata/B13AMD0768_stat.tsv,,,,,,s3://amili-analysis-lab/Macrogen/sequencing-data/batch_13-231samples/B13AMD0768_1.fastq.gz,s3://amili-analysis-lab/Macrogen/sequencing-data/batch_13-231samples/B13AMD0768_2.fastq.gz
B13AMD0770,BATCH13,,AMDJ-AN6F-6527,AMD0770,AMD,SHOTGUN,v3,s3://amili-global-archive/SHOTGUN/v3/batch13/B13AMD0770/kneaddata/B13AMD0770.fastq,s3://amili-global-archive/SHOTGUN/v3/batch13/B13AMD0770/kneaddata/B13AMD0770_stat.tsv,s3://amili-global-archive/SHOTGUN/v3/batch13/B13AMD0770/metaphlan/B13AMD0770_metaphlan.tsv,s3://amili-global-archive/SHOTGUN/v3/batch13/B13AMD0770/humann/B13AMD0770_pathabundance.tsv,s3://amili-global-archive/SHOTGUN/v3/batch13/B13AMD0770/humann/B13AMD0770_reaction_ec.tsv,s3://amili-global-archive/SHOTGUN/v3/batch13/B13AMD0770/humann/B13AMD0770_genefamilies.tsv,s3://amili-global-archive/SHOTGUN/v3/batch13/B13AMD0770/humann/B13AMD0770_reaction_ko.tsv,s3://amili-analysis-lab/Macrogen/sequencing-data/batch_13-231samples/B13AMD0770_1.fastq.gz,s3://amili-analysis-lab/Macrogen/sequencing-data/batch_13-231samples/B13AMD0770_2.fastq.gz
B13AMD0770,BATCH13,,AMDJ-AN6F-6527,AMD0770,AMD,SHOTGUN,v3,s3://amili-global-archive/SHOTGUN/v3/batch_13/B13AMD0770/kneaddata/B13AMD0770.fastq,s3://amili-global-archive/SHOTGUN/v3/batch_13/B13AMD0770/kneaddata/B13AMD0770_stat.tsv,s3://amili-global-archive/SHOTGUN/v3/batch_13/B13AMD0770/metaphlan/B13AMD0770_metaphlan.tsv,s3://amili-global-archive/SHOTGUN/v3/batch_13/B13AMD0770/humann/B13AMD0770_pathabundance.tsv,s3://amili-global-archive/SHOTGUN/v3/batch_13/B13AMD0770/humann/B13AMD0770_reaction_ec.tsv,s3://amili-global-archive/SHOTGUN/v3/batch_13/B13AMD0770/humann/B13AMD0770_genefamilies.tsv,s3://amili-global-archive/SHOTGUN/v3/batch_13/B13AMD0770/humann/B13AMD0770_reaction_ko.tsv,s3://amili-analysis-lab/Macrogen/sequencing-data/batch_13-231samples/B13AMD0770_1.fastq.gz,s3://amili-analysis-lab/Macrogen/sequencing-data/batch_13-231samples/B13AMD0770_2.fastq.gz
B13AMD0770,BATCH13,,AMDJ-AN6F-6527,AMD0770,AMD,SHOTGUN,v3,,s3://amili-global-archive/SHOTGUN/v3/batch_5/B13AMD0770/kneaddata/B13AMD0770_stat.tsv,,,,,,s3://amili-analysis-lab/Macrogen/sequencing-data/batch_13-231samples/B13AMD0770_1.fastq.gz,s3://amili-analysis-lab/Macrogen/sequencing-data/batch_13-231samples/B13AMD0770_2.fastq.gz
B13AMD0771,BATCH13,,AMDJ-2JP5-QV3Q,AMD0771,AMD,SHOTGUN,v3,s3://amili-global-archive/SHOTGUN/v3/batch_13/B13AMD0771/kneaddata/B13AMD0771.fastq,s3://amili-global-archive/SHOTGUN/v3/batch_13/B13AMD0771/kneaddata/B13AMD0771_stat.tsv,s3://amili-global-archive/SHOTGUN/v3/batch_13/B13AMD0771/metaphlan/B13AMD0771_metaphlan.tsv,s3://amili-global-archive/SHOTGUN/v3/batch_13/B13AMD0771/humann/B13AMD0771_pathabundance.tsv,s3://amili-global-archive/SHOTGUN/v3/batch_13/B13AMD0771/humann/B13AMD0771_reaction_ec.tsv,s3://amili-global-archive/SHOTGUN/v3/batch_13/B13AMD0771/humann/B13AMD0771_genefamilies.tsv,s3://amili-global-archive/SHOTGUN/v3/batch_13/B13AMD0771/humann/B13AMD0771_reaction_ko.tsv,s3://amili-analysis-lab/Macrogen/sequencing-data/batch_13-231samples/B13AMD0771_1.fastq.gz,s3://amili-analysis-lab/Macrogen/sequencing-data/batch_13-231samples/B13AMD0771_2.fastq.gz
B13AMD0771,BATCH13,,AMDJ-2JP5-QV3Q,AMD0771,AMD,SHOTGUN,v3,,s3://amili-global-archive/SHOTGUN/v3/batch_5/B13AMD0771/kneaddata/B13AMD0771_stat.tsv,,,,,,s3://amili-analysis-lab/Macrogen/sequencing-data/batch_13-231samples/B13AMD0771_1.fastq.gz,s3://amili-analysis-lab/Macrogen/sequencing-data/batch_13-231samples/B13AMD0771_2.fastq.gz
B13AMD0773,BATCH13,,AMDJ-CFPX-WBSW,AMD0773,AMD,SHOTGUN,v3,s3://amili-global-archive/SHOTGUN/v3/batch_13/B13AMD0773/kneaddata/B13AMD0773.fastq,s3://amili-global-archive/SHOTGUN/v3/batch_13/B13AMD0773/kneaddata/B13AMD0773_stat.tsv,s3://amili-global-archive/SHOTGUN/v3/batch_13/B13AMD0773/metaphlan/B13AMD0773_metaphlan.tsv,s3://amili-global-archive/SHOTGUN/v3/batch_13/B13AMD0773/humann/B13AMD0773_pathabundance.tsv,s3://amili-global-archive/SHOTGUN/v3/batch_13/B13AMD0773/humann/B13AMD0773_reaction_ec.tsv,s3://amili-global-archive/SHOTGUN/v3/batch_13/B13AMD0773/humann/B13AMD0773_genefamilies.tsv,s3://amili-global-archive/SHOTGUN/v3/batch_13/B13AMD0773/humann/B13AMD0773_reaction_ko.tsv,s3://amili-analysis-lab/Macrogen/sequencing-data/batch_13-231samples/B13AMD0773_1.fastq.gz,s3://amili-analysis-lab/Macrogen/sequencing-data/batch_13-231samples/B13AMD0773_2.fastq.gz
B13AMD0777,BATCH13,,AMDJ-4J6K-WJQB,AMD0777,AMD,SHOTGUN,v3,s3://amili-global-archive/SHOTGUN/v3/batch_13/B13AMD0777/kneaddata/B13AMD0777.fastq,s3://amili-global-archive/SHOTGUN/v3/batch_13/B13AMD0777/kneaddata/B13AMD0777_stat.tsv,s3://amili-global-archive/SHOTGUN/v3/batch_13/B13AMD0777/metaphlan/B13AMD0777_metaphlan.tsv,s3://amili-global-archive/SHOTGUN/v3/batch_13/B13AMD0777/humann/B13AMD0777_pathabundance.tsv,s3://amili-global-archive/SHOTGUN/v3/batch_13/B13AMD0777/humann/B13AMD0777_reaction_ec.tsv,s3://amili-global-archive/SHOTGUN/v3/batch_13/B13AMD0777/humann/B13AMD0777_genefamilies.tsv,s3://amili-global-archive/SHOTGUN/v3/batch_13/B13AMD0777/humann/B13AMD0777_reaction_ko.tsv,s3://amili-analysis-lab/Macrogen/sequencing-data/batch_13-231samples/B13AMD0777_1.fastq.gz,s3://amili-analysis-lab/Macrogen/sequencing-data/batch_13-231samples/B13AMD0777_2.fastq.gz
B13AMD0777,BATCH13,,AMDJ-4J6K-WJQB,AMD0777,AMD,SHOTGUN,v3,,s3://amili-global-archive/SHOTGUN/v3/batch_5/B13AMD0777/kneaddata/B13AMD0777_stat.tsv,,,,,,s3://amili-analysis-lab/Macrogen/sequencing-data/batch_13-231samples/B13AMD0777_1.fastq.gz,s3://amili-analysis-lab/Macrogen/sequencing-data/batch_13-231samples/B13AMD0777_2.fastq.gz
B13AMD0779,BATCH13,,AMDJ-HVJA-2WPF,AMD0779,AMD,SHOTGUN,v3,s3://amili-global-archive/SHOTGUN/v3/batch_13/B13AMD0779/kneaddata/B13AMD0779.fastq,s3://amili-global-archive/SHOTGUN/v3/batch_13/B13AMD0779/kneaddata/B13AMD0779_stat.tsv,s3://amili-global-archive/SHOTGUN/v3/batch_13/B13AMD0779/metaphlan/B13AMD0779_metaphlan.tsv,s3://amili-global-archive/SHOTGUN/v3/batch_13/B13AMD0779/humann/B13AMD0779_pathabundance.tsv,s3://amili-global-archive/SHOTGUN/v3/batch_13/B13AMD0779/humann/B13AMD0779_reaction_ec.tsv,s3://amili-global-archive/SHOTGUN/v3/batch_13/B13AMD0779/humann/B13AMD0779_genefamilies.tsv,s3://amili-global-archive/SHOTGUN/v3/batch_13/B13AMD0779/humann/B13AMD0779_reaction_ko.tsv,s3://amili-analysis-lab/Macrogen/sequencing-data/batch_13-231samples/B13AMD0779_1.fastq.gz,s3://amili-analysis-lab/Macrogen/sequencing-data/batch_13-231samples/B13AMD0779_2.fastq.gz
B13AMD0779,BATCH13,,AMDJ-HVJA-2WPF,AMD0779,AMD,SHOTGUN,v3,,s3://amili-global-archive/SHOTGUN/v3/batch_5/B13AMD0779/kneaddata/B13AMD0779_stat.tsv,,,,,,s3://amili-analysis-lab/Macrogen/sequencing-data/batch_13-231samples/B13AMD0779_1.fastq.gz,s3://amili-analysis-lab/Macrogen/sequencing-data/batch_13-231samples/B13AMD0779_2.fastq.gz
B13AMD0780,BATCH13,,AMDJ-GSY8-X2MX,AMD0780,AMD,SHOTGUN,v3,s3://amili-global-archive/SHOTGUN/v3/batch_13/B13AMD0780/kneaddata/B13AMD0780.fastq,s3://amili-global-archive/SHOTGUN/v3/batch_13/B13AMD0780/kneaddata/B13AMD0780_stat.tsv,s3://amili-global-archive/SHOTGUN/v3/batch_13/B13AMD0780/metaphlan/B13AMD0780_metaphlan.tsv,s3://amili-global-archive/SHOTGUN/v3/batch_13/B13AMD0780/humann/B13AMD0780_pathabundance.tsv,s3://amili-global-archive/SHOTGUN/v3/batch_13/B13AMD0780/humann/B13AMD0780_reaction_ec.tsv,s3://amili-global-archive/SHOTGUN/v3/batch_13/B13AMD0780/humann/B13AMD0780_genefamilies.tsv,s3://amili-global-archive/SHOTGUN/v3/batch_13/B13AMD0780/humann/B13AMD0780_reaction_ko.tsv,s3://amili-analysis-lab/Macrogen/sequencing-data/batch_13-231samples/B13AMD0780_1.fastq.gz,s3://amili-analysis-lab/Macrogen/sequencing-data/batch_13-231samples/B13AMD0780_2.fastq.gz
B13AMD0780,BATCH13,,AMDJ-GSY8-X2MX,AMD0780,AMD,SHOTGUN,v3,,s3://amili-global-archive/SHOTGUN/v3/batch_5/B13AMD0780/kneaddata/B13AMD0780_stat.tsv,,,,,,s3://amili-analysis-lab/Macrogen/sequencing-data/batch_13-231samples/B13AMD0780_1.fastq.gz,s3://amili-analysis-lab/Macrogen/sequencing-data/batch_13-231samples/B13AMD0780_2.fastq.gz
B13AMD0781,BATCH13,,AMDJ-CTEP-JPWC,AMD0781,AMD,SHOTGUN,v3,s3://amili-global-archive/SHOTGUN/v3/batch_13/B13AMD0781/kneaddata/B13AMD0781.fastq,s3://amili-global-archive/SHOTGUN/v3/batch_13/B13AMD0781/kneaddata/B13AMD0781_stat.tsv,s3://amili-global-archive/SHOTGUN/v3/batch_13/B13AMD0781/metaphlan/B13AMD0781_metaphlan.tsv,s3://amili-global-archive/SHOTGUN/v3/batch_13/B13AMD0781/humann/B13AMD0781_pathabundance.tsv,s3://amili-global-archive/SHOTGUN/v3/batch_13/B13AMD0781/humann/B13AMD0781_reaction_ec.tsv,s3://amili-global-archive/SHOTGUN/v3/batch_13/B13AMD0781/humann/B13AMD0781_genefamilies.tsv,s3://amili-global-archive/SHOTGUN/v3/batch_13/B13AMD0781/humann/B13AMD0781_reaction_ko.tsv,s3://amili-analysis-lab/Macrogen/sequencing-data/batch_13-231samples/B13AMD0781_1.fastq.gz,s3://amili-analysis-lab/Macrogen/sequencing-data/batch_13-231samples/B13AMD0781_2.fastq.gz
B13AMD0781,BATCH13,,AMDJ-CTEP-JPWC,AMD0781,AMD,SHOTGUN,v3,,s3://amili-global-archive/SHOTGUN/v3/batch_5/B13AMD0781/kneaddata/B13AMD0781_stat.tsv,,,,,,s3://amili-analysis-lab/Macrogen/sequencing-data/batch_13-231samples/B13AMD0781_1.fastq.gz,s3://amili-analysis-lab/Macrogen/sequencing-data/batch_13-231samples/B13AMD0781_2.fastq.gz
B13AMD0786,BATCH13,,AMDJ-ZB6T-BTHW,AMD0786,AMD,SHOTGUN,v3,s3://amili-global-archive/SHOTGUN/v3/batch_13/B13AMD0786/kneaddata/B13AMD0786.fastq,s3://amili-global-archive/SHOTGUN/v3/batch_13/B13AMD0786/kneaddata/B13AMD0786_stat.tsv,s3://amili-global-archive/SHOTGUN/v3/batch_13/B13AMD0786/metaphlan/B13AMD0786_metaphlan.tsv,s3://amili-global-archive/SHOTGUN/v3/batch_13/B13AMD0786/humann/B13AMD0786_pathabundance.tsv,s3://amili-global-archive/SHOTGUN/v3/batch_13/B13AMD0786/humann/B13AMD0786_reaction_ec.tsv,s3://amili-global-archive/SHOTGUN/v3/batch_13/B13AMD0786/humann/B13AMD0786_genefamilies.tsv,s3://amili-global-archive/SHOTGUN/v3/batch_13/B13AMD0786/humann/B13AMD0786_reaction_ko.tsv,s3://amili-analysis-lab/Macrogen/sequencing-data/batch_13-231samples/B13AMD0786_1.fastq.gz,s3://amili-analysis-lab/Macrogen/sequencing-data/batch_13-231samples/B13AMD0786_2.fastq.gz
B13AMD0786,BATCH13,,AMDJ-ZB6T-BTHW,AMD0786,AMD,SHOTGUN,v3,,s3://amili-global-archive/SHOTGUN/v3/batch_5/B13AMD0786/kneaddata/B13AMD0786_stat.tsv,,,,,,s3://amili-analysis-lab/Macrogen/sequencing-data/batch_13-231samples/B13AMD0786_1.fastq.gz,s3://amili-analysis-lab/Macrogen/sequencing-data/batch_13-231samples/B13AMD0786_2.fastq.gz
B15AMD0420,BATCH15,,AMDJ-HM69-4JB2,AMD0420,AMD,SHOTGUN,v3,s3://amili-global-archive/SHOTGUN/v3/batch_15-16samples/B15AMD0420/kneaddata/B15AMD0420.fastq,s3://amili-global-archive/SHOTGUN/v3/batch_15-16samples/B15AMD0420/kneaddata/B15AMD0420_stat.tsv,s3://amili-global-archive/SHOTGUN/v3/batch_15-16samples/B15AMD0420/metaphlan/B15AMD0420_metaphlan.tsv,s3://amili-global-archive/SHOTGUN/v3/batch_15-16samples/B15AMD0420/humann/B15AMD0420_pathabundance.tsv,s3://amili-global-archive/SHOTGUN/v3/batch_15-16samples/B15AMD0420/humann/B15AMD0420_reaction_ec.tsv,s3://amili-global-archive/SHOTGUN/v3/batch_15-16samples/B15AMD0420/humann/B15AMD0420_genefamilies.tsv,s3://amili-global-archive/SHOTGUN/v3/batch_15-16samples/B15AMD0420/humann/B15AMD0420_reaction_ko.tsv,s3://amili-analysis-lab/Macrogen/sequencing-data/batch_15-16samples/B15AMD0420_1.fastq.gz,s3://amili-analysis-lab/Macrogen/sequencing-data/batch_15-16samples/B15AMD0420_2.fastq.gz
B15AMD0420,BATCH15,,AMDJ-HM69-4JB2,AMD0420,AMD,SHOTGUN,v3,s3://amili-global-archive/SHOTGUN/v3/batch_15/B15AMD0420/kneaddata/B15AMD0420.fastq,s3://amili-global-archive/SHOTGUN/v3/batch_15/B15AMD0420/kneaddata/B15AMD0420_stat.tsv,s3://amili-global-archive/SHOTGUN/v3/batch_15/B15AMD0420/metaphlan/B15AMD0420_metaphlan.tsv,s3://amili-global-archive/SHOTGUN/v3/batch_15/B15AMD0420/humann/B15AMD0420_pathabundance.tsv,s3://amili-global-archive/SHOTGUN/v3/batch_15/B15AMD0420/humann/B15AMD0420_reaction_ec.tsv,s3://amili-global-archive/SHOTGUN/v3/batch_15/B15AMD0420/humann/B15AMD0420_genefamilies.tsv,s3://amili-global-archive/SHOTGUN/v3/batch_15/B15AMD0420/humann/B15AMD0420_reaction_ko.tsv,s3://amili-analysis-lab/Macrogen/sequencing-data/batch_15-16samples/B15AMD0420_1.fastq.gz,s3://amili-analysis-lab/Macrogen/sequencing-data/batch_15-16samples/B15AMD0420_2.fastq.gz
B23AMD0861,BATCH23,,AMDJ-U2M3-9U8R,AMD0861,AMD,SHOTGUN,v3,s3://amili-global-archive/SHOTGUN/v3/batch_23/B23AMD0861/kneaddata/B23AMD0861.fastq,s3://amili-global-archive/SHOTGUN/v3/batch_23/B23AMD0861/kneaddata/B23AMD0861_stat.tsv,s3://amili-global-archive/SHOTGUN/v3/batch_23/B23AMD0861/metaphlan/B23AMD0861_metaphlan.tsv,,,,,s3://amili-analysis-lab/Macrogen/sequencing-data/batch_23-34Samples/B23AMD0861_1.fastq.gz,s3://amili-analysis-lab/Macrogen/sequencing-data/batch_23-34Samples/B23AMD0861_2.fastq.gz
B15AMD0479,BATCH15,,AMDJ-QGVA-597Q,AMD0479,AMD,SHOTGUN,v3,s3://amili-global-archive/SHOTGUN/v3/batch_15-16samples/B15AMD0479/kneaddata/B15AMD0479.fastq,s3://amili-global-archive/SHOTGUN/v3/batch_15-16samples/B15AMD0479/kneaddata/B15AMD0479_stat.tsv,s3://amili-global-archive/SHOTGUN/v3/batch_15-16samples/B15AMD0479/metaphlan/B15AMD0479_metaphlan.tsv,s3://amili-global-archive/SHOTGUN/v3/batch_15-16samples/B15AMD0479/humann/B15AMD0479_pathabundance.tsv,s3://amili-global-archive/SHOTGUN/v3/batch_15-16samples/B15AMD0479/humann/B15AMD0479_reaction_ec.tsv,s3://amili-global-archive/SHOTGUN/v3/batch_15-16samples/B15AMD0479/humann/B15AMD0479_genefamilies.tsv,s3://amili-global-archive/SHOTGUN/v3/batch_15-16samples/B15AMD0479/humann/B15AMD0479_reaction_ko.tsv,s3://amili-analysis-lab/Macrogen/sequencing-data/batch_15-16samples/B15AMD0479_1.fastq.gz,s3://amili-analysis-lab/Macrogen/sequencing-data/batch_15-16samples/B15AMD0479_2.fastq.gz
B15AMD0479,BATCH15,,AMDJ-QGVA-597Q,AMD0479,AMD,SHOTGUN,v3,s3://amili-global-archive/SHOTGUN/v3/batch_15/B15AMD0479/kneaddata/B15AMD0479.fastq,s3://amili-global-archive/SHOTGUN/v3/batch_15/B15AMD0479/kneaddata/B15AMD0479_stat.tsv,s3://amili-global-archive/SHOTGUN/v3/batch_15/B15AMD0479/metaphlan/B15AMD0479_metaphlan.tsv,s3://amili-global-archive/SHOTGUN/v3/batch_15/B15AMD0479/humann/B15AMD0479_pathabundance.tsv,s3://amili-global-archive/SHOTGUN/v3/batch_15/B15AMD0479/humann/B15AMD0479_reaction_ec.tsv,s3://amili-global-archive/SHOTGUN/v3/batch_15/B15AMD0479/humann/B15AMD0479_genefamilies.tsv,s3://amili-global-archive/SHOTGUN/v3/batch_15/B15AMD0479/humann/B15AMD0479_reaction_ko.tsv,s3://amili-analysis-lab/Macrogen/sequencing-data/batch_15-16samples/B15AMD0479_1.fastq.gz,s3://amili-analysis-lab/Macrogen/sequencing-data/batch_15-16samples/B15AMD0479_2.fastq.gz
B15AMD0493,BATCH15,,AMDJ-VAQQ-UUBZ,AMD0493,AMD,SHOTGUN,v3,s3://amili-global-archive/SHOTGUN/v3/Batch15/B15AMD0493/kneaddata/B15AMD0493.fastq,s3://amili-global-archive/SHOTGUN/v3/Batch15/B15AMD0493/kneaddata/B15AMD0493_stat.tsv,s3://amili-global-archive/SHOTGUN/v3/Batch15/B15AMD0493/metaphlan/B15AMD0493_metaphlan.tsv,s3://amili-global-archive/SHOTGUN/v3/Batch15/B15AMD0493/humann/B15AMD0493_pathabundance.tsv,s3://amili-global-archive/SHOTGUN/v3/Batch15/B15AMD0493/humann/B15AMD0493_reaction_ec.tsv,s3://amili-global-archive/SHOTGUN/v3/Batch15/B15AMD0493/humann/B15AMD0493_genefamilies.tsv,s3://amili-global-archive/SHOTGUN/v3/Batch15/B15AMD0493/humann/B15AMD0493_reaction_ko.tsv,s3://amili-analysis-lab/Macrogen/sequencing-data/batch_15-16samples/B15AMD0493_1.fastq.gz,s3://amili-analysis-lab/Macrogen/sequencing-data/batch_15-16samples/B15AMD0493_2.fastq.gz
B15AMD0493,BATCH15,,AMDJ-VAQQ-UUBZ,AMD0493,AMD,SHOTGUN,v3,s3://amili-global-archive/SHOTGUN/v3/batch_15-16samples/B15AMD0493/kneaddata/B15AMD0493.fastq,s3://amili-global-archive/SHOTGUN/v3/batch_15-16samples/B15AMD0493/kneaddata/B15AMD0493_stat.tsv,s3://amili-global-archive/SHOTGUN/v3/batch_15-16samples/B15AMD0493/metaphlan/B15AMD0493_metaphlan.tsv,s3://amili-global-archive/SHOTGUN/v3/batch_15-16samples/B15AMD0493/humann/B15AMD0493_pathabundance.tsv,s3://amili-global-archive/SHOTGUN/v3/batch_15-16samples/B15AMD0493/humann/B15AMD0493_reaction_ec.tsv,s3://amili-global-archive/SHOTGUN/v3/batch_15-16samples/B15AMD0493/humann/B15AMD0493_genefamilies.tsv,s3://amili-global-archive/SHOTGUN/v3/batch_15-16samples/B15AMD0493/humann/B15AMD0493_reaction_ko.tsv,s3://amili-analysis-lab/Macrogen/sequencing-data/batch_15-16samples/B15AMD0493_1.fastq.gz,s3://amili-analysis-lab/Macrogen/sequencing-data/batch_15-16samples/B15AMD0493_2.fastq.gz
B15AMD0493,BATCH15,,AMDJ-VAQQ-UUBZ,AMD0493,AMD,SHOTGUN,v3,s3://amili-global-archive/SHOTGUN/v3/batch_15/B15AMD0493/kneaddata/B15AMD0493.fastq,s3://amili-global-archive/SHOTGUN/v3/batch_15/B15AMD0493/kneaddata/B15AMD0493_stat.tsv,s3://amili-global-archive/SHOTGUN/v3/batch_15/B15AMD0493/metaphlan/B15AMD0493_metaphlan.tsv,s3://amili-global-archive/SHOTGUN/v3/batch_15/B15AMD0493/humann/B15AMD0493_pathabundance.tsv,s3://amili-global-archive/SHOTGUN/v3/batch_15/B15AMD0493/humann/B15AMD0493_reaction_ec.tsv,s3://amili-global-archive/SHOTGUN/v3/batch_15/B15AMD0493/humann/B15AMD0493_genefamilies.tsv,s3://amili-global-archive/SHOTGUN/v3/batch_15/B15AMD0493/humann/B15AMD0493_reaction_ko.tsv,s3://amili-analysis-lab/Macrogen/sequencing-data/batch_15-16samples/B15AMD0493_1.fastq.gz,s3://amili-analysis-lab/Macrogen/sequencing-data/batch_15-16samples/B15AMD0493_2.fastq.gz
B15AMD0804,BATCH15,,AMDJ-3BQ4-BPME,AMD0804,AMD,SHOTGUN,v3,s3://amili-global-archive/SHOTGUN/v3/batch_15-16samples/B15AMD0804/kneaddata/B15AMD0804.fastq,s3://amili-global-archive/SHOTGUN/v3/batch_15-16samples/B15AMD0804/kneaddata/B15AMD0804_stat.tsv,s3://amili-global-archive/SHOTGUN/v3/batch_15-16samples/B15AMD0804/metaphlan/B15AMD0804_metaphlan.tsv,s3://amili-global-archive/SHOTGUN/v3/batch_15-16samples/B15AMD0804/humann/B15AMD0804_pathabundance.tsv,s3://amili-global-archive/SHOTGUN/v3/batch_15-16samples/B15AMD0804/humann/B15AMD0804_reaction_ec.tsv,s3://amili-global-archive/SHOTGUN/v3/batch_15-16samples/B15AMD0804/humann/B15AMD0804_genefamilies.tsv,s3://amili-global-archive/SHOTGUN/v3/batch_15-16samples/B15AMD0804/humann/B15AMD0804_reaction_ko.tsv,s3://amili-analysis-lab/Macrogen/sequencing-data/batch_15-16samples/B15AMD0804_1.fastq.gz,s3://amili-analysis-lab/Macrogen/sequencing-data/batch_15-16samples/B15AMD0804_2.fastq.gz
B15AMD0804,BATCH15,,AMDJ-3BQ4-BPME,AMD0804,AMD,SHOTGUN,v3,s3://amili-global-archive/SHOTGUN/v3/batch_15/B15AMD0804/kneaddata/B15AMD0804.fastq,s3://amili-global-archive/SHOTGUN/v3/batch_15/B15AMD0804/kneaddata/B15AMD0804_stat.tsv,s3://amili-global-archive/SHOTGUN/v3/batch_15/B15AMD0804/metaphlan/B15AMD0804_metaphlan.tsv,s3://amili-global-archive/SHOTGUN/v3/batch_15/B15AMD0804/humann/B15AMD0804_pathabundance.tsv,s3://amili-global-archive/SHOTGUN/v3/batch_15/B15AMD0804/humann/B15AMD0804_reaction_ec.tsv,s3://amili-global-archive/SHOTGUN/v3/batch_15/B15AMD0804/humann/B15AMD0804_genefamilies.tsv,s3://amili-global-archive/SHOTGUN/v3/batch_15/B15AMD0804/humann/B15AMD0804_reaction_ko.tsv,s3://amili-analysis-lab/Macrogen/sequencing-data/batch_15-16samples/B15AMD0804_1.fastq.gz,s3://amili-analysis-lab/Macrogen/sequencing-data/batch_15-16samples/B15AMD0804_2.fastq.gz
B15AMD0473,BATCH15,,AMDJ-GDYT-8Q69,AMD0473,AMD,SHOTGUN,v3,s3://amili-global-archive/SHOTGUN/v3/batch_15-Samples/B15AMD0473/kneaddata/B15AMD0473.fastq,s3://amili-global-archive/SHOTGUN/v3/batch_15-Samples/B15AMD0473/kneaddata/B15AMD0473_stat.tsv,s3://amili-global-archive/SHOTGUN/v3/batch_15-Samples/B15AMD0473/metaphlan/B15AMD0473_metaphlan.tsv,s3://amili-global-archive/SHOTGUN/v3/batch_15-Samples/B15AMD0473/humann/B15AMD0473_pathabundance.tsv,s3://amili-global-archive/SHOTGUN/v3/batch_15-Samples/B15AMD0473/humann/B15AMD0473_reaction_ec.tsv,s3://amili-global-archive/SHOTGUN/v3/batch_15-Samples/B15AMD0473/humann/B15AMD0473_genefamilies.tsv,s3://amili-global-archive/SHOTGUN/v3/batch_15-Samples/B15AMD0473/humann/B15AMD0473_reaction_ko.tsv,s3://amili-analysis-lab/Macrogen/sequencing-data/batch_15-Samples/B15AMD0473_1.fastq.gz,s3://amili-analysis-lab/Macrogen/sequencing-data/batch_15-Samples/B15AMD0473_2.fastq.gz
B15AMD0473,BATCH15,,AMDJ-GDYT-8Q69,AMD0473,AMD,SHOTGUN,v3,s3://amili-global-archive/SHOTGUN/v3/batch_15/B15AMD0473/kneaddata/B15AMD0473.fastq,s3://amili-global-archive/SHOTGUN/v3/batch_15/B15AMD0473/kneaddata/B15AMD0473_stat.tsv,s3://amili-global-archive/SHOTGUN/v3/batch_15/B15AMD0473/metaphlan/B15AMD0473_metaphlan.tsv,s3://amili-global-archive/SHOTGUN/v3/batch_15/B15AMD0473/humann/B15AMD0473_pathabundance.tsv,s3://amili-global-archive/SHOTGUN/v3/batch_15/B15AMD0473/humann/B15AMD0473_reaction_ec.tsv,s3://amili-global-archive/SHOTGUN/v3/batch_15/B15AMD0473/humann/B15AMD0473_genefamilies.tsv,s3://amili-global-archive/SHOTGUN/v3/batch_15/B15AMD0473/humann/B15AMD0473_reaction_ko.tsv,s3://amili-analysis-lab/Macrogen/sequencing-data/batch_15-Samples/B15AMD0473_1.fastq.gz,s3://amili-analysis-lab/Macrogen/sequencing-data/batch_15-Samples/B15AMD0473_2.fastq.gz
B15AMD0489,BATCH15,,AMDJ-8EN5-NF2E,AMD0489,AMD,SHOTGUN,v3,s3://amili-global-archive/SHOTGUN/v3/batch_15-Samples/B15AMD0489/kneaddata/B15AMD0489.fastq,s3://amili-global-archive/SHOTGUN/v3/batch_15-Samples/B15AMD0489/kneaddata/B15AMD0489_stat.tsv,s3://amili-global-archive/SHOTGUN/v3/batch_15-Samples/B15AMD0489/metaphlan/B15AMD0489_metaphlan.tsv,s3://amili-global-archive/SHOTGUN/v3/batch_15-Samples/B15AMD0489/humann/B15AMD0489_pathabundance.tsv,s3://amili-global-archive/SHOTGUN/v3/batch_15-Samples/B15AMD0489/humann/B15AMD0489_reaction_ec.tsv,s3://amili-global-archive/SHOTGUN/v3/batch_15-Samples/B15AMD0489/humann/B15AMD0489_genefamilies.tsv,s3://amili-global-archive/SHOTGUN/v3/batch_15-Samples/B15AMD0489/humann/B15AMD0489_reaction_ko.tsv,s3://amili-analysis-lab/Macrogen/sequencing-data/batch_15-Samples/B15AMD0489_1.fastq.gz,s3://amili-analysis-lab/Macrogen/sequencing-data/batch_15-Samples/B15AMD0489_2.fastq.gz
B15AMD0489,BATCH15,,AMDJ-8EN5-NF2E,AMD0489,AMD,SHOTGUN,v3,s3://amili-global-archive/SHOTGUN/v3/batch_15/B15AMD0489/kneaddata/B15AMD0489.fastq,s3://amili-global-archive/SHOTGUN/v3/batch_15/B15AMD0489/kneaddata/B15AMD0489_stat.tsv,s3://amili-global-archive/SHOTGUN/v3/batch_15/B15AMD0489/metaphlan/B15AMD0489_metaphlan.tsv,s3://amili-global-archive/SHOTGUN/v3/batch_15/B15AMD0489/humann/B15AMD0489_pathabundance.tsv,s3://amili-global-archive/SHOTGUN/v3/batch_15/B15AMD0489/humann/B15AMD0489_reaction_ec.tsv,s3://amili-global-archive/SHOTGUN/v3/batch_15/B15AMD0489/humann/B15AMD0489_genefamilies.tsv,s3://amili-global-archive/SHOTGUN/v3/batch_15/B15AMD0489/humann/B15AMD0489_reaction_ko.tsv,s3://amili-analysis-lab/Macrogen/sequencing-data/batch_15-Samples/B15AMD0489_1.fastq.gz,s3://amili-analysis-lab/Macrogen/sequencing-data/batch_15-Samples/B15AMD0489_2.fastq.gz
B15AMD0502,BATCH15,,AMDJ-YH97-G5F9,AMD0502,AMD,SHOTGUN,v3,s3://amili-global-archive/SHOTGUN/v3/batch_15-Samples/B15AMD0502/kneaddata/B15AMD0502.fastq,s3://amili-global-archive/SHOTGUN/v3/batch_15-Samples/B15AMD0502/kneaddata/B15AMD0502_stat.tsv,s3://amili-global-archive/SHOTGUN/v3/batch_15-Samples/B15AMD0502/metaphlan/B15AMD0502_metaphlan.tsv,s3://amili-global-archive/SHOTGUN/v3/batch_15-Samples/B15AMD0502/humann/B15AMD0502_pathabundance.tsv,s3://amili-global-archive/SHOTGUN/v3/batch_15-Samples/B15AMD0502/humann/B15AMD0502_reaction_ec.tsv,s3://amili-global-archive/SHOTGUN/v3/batch_15-Samples/B15AMD0502/humann/B15AMD0502_genefamilies.tsv,s3://amili-global-archive/SHOTGUN/v3/batch_15-Samples/B15AMD0502/humann/B15AMD0502_reaction_ko.tsv,s3://amili-analysis-lab/Macrogen/sequencing-data/batch_15-Samples/B15AMD0502_1.fastq.gz,s3://amili-analysis-lab/Macrogen/sequencing-data/batch_15-Samples/B15AMD0502_2.fastq.gz
B15AMD0502,BATCH15,,AMDJ-YH97-G5F9,AMD0502,AMD,SHOTGUN,v3,s3://amili-global-archive/SHOTGUN/v3/batch_15/B15AMD0502/kneaddata/B15AMD0502.fastq,s3://amili-global-archive/SHOTGUN/v3/batch_15/B15AMD0502/kneaddata/B15AMD0502_stat.tsv,s3://amili-global-archive/SHOTGUN/v3/batch_15/B15AMD0502/metaphlan/B15AMD0502_metaphlan.tsv,s3://amili-global-archive/SHOTGUN/v3/batch_15/B15AMD0502/humann/B15AMD0502_pathabundance.tsv,s3://amili-global-archive/SHOTGUN/v3/batch_15/B15AMD0502/humann/B15AMD0502_reaction_ec.tsv,s3://amili-global-archive/SHOTGUN/v3/batch_15/B15AMD0502/humann/B15AMD0502_genefamilies.tsv,s3://amili-global-archive/SHOTGUN/v3/batch_15/B15AMD0502/humann/B15AMD0502_reaction_ko.tsv,s3://amili-analysis-lab/Macrogen/sequencing-data/batch_15-Samples/B15AMD0502_1.fastq.gz,s3://amili-analysis-lab/Macrogen/sequencing-data/batch_15-Samples/B15AMD0502_2.fastq.gz
B15AMD0523,BATCH15,,AMDJ-84WV-XUVT,AMD0523,AMD,SHOTGUN,v3,s3://amili-global-archive/SHOTGUN/v3/batch_15-Samples/B15AMD0523/kneaddata/B15AMD0523.fastq,s3://amili-global-archive/SHOTGUN/v3/batch_15-Samples/B15AMD0523/kneaddata/B15AMD0523_stat.tsv,s3://amili-global-archive/SHOTGUN/v3/batch_15-Samples/B15AMD0523/metaphlan/B15AMD0523_metaphlan.tsv,s3://amili-global-archive/SHOTGUN/v3/batch_15-Samples/B15AMD0523/humann/B15AMD0523_pathabundance.tsv,s3://amili-global-archive/SHOTGUN/v3/batch_15-Samples/B15AMD0523/humann/B15AMD0523_reaction_ec.tsv,s3://amili-global-archive/SHOTGUN/v3/batch_15-Samples/B15AMD0523/humann/B15AMD0523_genefamilies.tsv,s3://amili-global-archive/SHOTGUN/v3/batch_15-Samples/B15AMD0523/humann/B15AMD0523_reaction_ko.tsv,s3://amili-analysis-lab/Macrogen/sequencing-data/batch_15-Samples/B15AMD0523_1.fastq.gz,s3://amili-analysis-lab/Macrogen/sequencing-data/batch_15-Samples/B15AMD0523_2.fastq.gz
B15AMD0523,BATCH15,,AMDJ-84WV-XUVT,AMD0523,AMD,SHOTGUN,v3,s3://amili-global-archive/SHOTGUN/v3/batch_15/B15AMD0523/kneaddata/B15AMD0523.fastq,s3://amili-global-archive/SHOTGUN/v3/batch_15/B15AMD0523/kneaddata/B15AMD0523_stat.tsv,s3://amili-global-archive/SHOTGUN/v3/batch_15/B15AMD0523/metaphlan/B15AMD0523_metaphlan.tsv,s3://amili-global-archive/SHOTGUN/v3/batch_15/B15AMD0523/humann/B15AMD0523_pathabundance.tsv,s3://amili-global-archive/SHOTGUN/v3/batch_15/B15AMD0523/humann/B15AMD0523_reaction_ec.tsv,s3://amili-global-archive/SHOTGUN/v3/batch_15/B15AMD0523/humann/B15AMD0523_genefamilies.tsv,s3://amili-global-archive/SHOTGUN/v3/batch_15/B15AMD0523/humann/B15AMD0523_reaction_ko.tsv,s3://amili-analysis-lab/Macrogen/sequencing-data/batch_15-Samples/B15AMD0523_1.fastq.gz,s3://amili-analysis-lab/Macrogen/sequencing-data/batch_15-Samples/B15AMD0523_2.fastq.gz
B15AMD0620,BATCH15,,AMDJ-25UP-495S,AMD0620,AMD,SHOTGUN,v3,s3://amili-global-archive/SHOTGUN/v3/batch_15-Samples/B15AMD0620/kneaddata/B15AMD0620.fastq,s3://amili-global-archive/SHOTGUN/v3/batch_15-Samples/B15AMD0620/kneaddata/B15AMD0620_stat.tsv,s3://amili-global-archive/SHOTGUN/v3/batch_15-Samples/B15AMD0620/metaphlan/B15AMD0620_metaphlan.tsv,s3://amili-global-archive/SHOTGUN/v3/batch_15-Samples/B15AMD0620/humann/B15AMD0620_pathabundance.tsv,s3://amili-global-archive/SHOTGUN/v3/batch_15-Samples/B15AMD0620/humann/B15AMD0620_reaction_ec.tsv,s3://amili-global-archive/SHOTGUN/v3/batch_15-Samples/B15AMD0620/humann/B15AMD0620_genefamilies.tsv,s3://amili-global-archive/SHOTGUN/v3/batch_15-Samples/B15AMD0620/humann/B15AMD0620_reaction_ko.tsv,s3://amili-analysis-lab/Macrogen/sequencing-data/batch_15-Samples/B15AMD0620_1.fastq.gz,s3://amili-analysis-lab/Macrogen/sequencing-data/batch_15-Samples/B15AMD0620_2.fastq.gz
B15AMD0620,BATCH15,,AMDJ-25UP-495S,AMD0620,AMD,SHOTGUN,v3,s3://amili-global-archive/SHOTGUN/v3/batch_15/B15AMD0620/kneaddata/B15AMD0620.fastq,s3://amili-global-archive/SHOTGUN/v3/batch_15/B15AMD0620/kneaddata/B15AMD0620_stat.tsv,s3://amili-global-archive/SHOTGUN/v3/batch_15/B15AMD0620/metaphlan/B15AMD0620_metaphlan.tsv,s3://amili-global-archive/SHOTGUN/v3/batch_15/B15AMD0620/humann/B15AMD0620_pathabundance.tsv,s3://amili-global-archive/SHOTGUN/v3/batch_15/B15AMD0620/humann/B15AMD0620_reaction_ec.tsv,s3://amili-global-archive/SHOTGUN/v3/batch_15/B15AMD0620/humann/B15AMD0620_genefamilies.tsv,s3://amili-global-archive/SHOTGUN/v3/batch_15/B15AMD0620/humann/B15AMD0620_reaction_ko.tsv,s3://amili-analysis-lab/Macrogen/sequencing-data/batch_15-Samples/B15AMD0620_1.fastq.gz,s3://amili-analysis-lab/Macrogen/sequencing-data/batch_15-Samples/B15AMD0620_2.fastq.gz
B15AMD0778,BATCH15,,AMDJ-DU34-XGK6,AMD0778,AMD,SHOTGUN,v3,s3://amili-global-archive/SHOTGUN/v3/batch_15-Samples/B15AMD0778/kneaddata/B15AMD0778.fastq,s3://amili-global-archive/SHOTGUN/v3/batch_15-Samples/B15AMD0778/kneaddata/B15AMD0778_stat.tsv,s3://amili-global-archive/SHOTGUN/v3/batch_15-Samples/B15AMD0778/metaphlan/B15AMD0778_metaphlan.tsv,s3://amili-global-archive/SHOTGUN/v3/batch_15-Samples/B15AMD0778/humann/B15AMD0778_pathabundance.tsv,s3://amili-global-archive/SHOTGUN/v3/batch_15-Samples/B15AMD0778/humann/B15AMD0778_reaction_ec.tsv,s3://amili-global-archive/SHOTGUN/v3/batch_15-Samples/B15AMD0778/humann/B15AMD0778_genefamilies.tsv,s3://amili-global-archive/SHOTGUN/v3/batch_15-Samples/B15AMD0778/humann/B15AMD0778_reaction_ko.tsv,s3://amili-analysis-lab/Macrogen/sequencing-data/batch_15-Samples/B15AMD0778_1.fastq.gz,s3://amili-analysis-lab/Macrogen/sequencing-data/batch_15-Samples/B15AMD0778_2.fastq.gz
B15AMD0778,BATCH15,,AMDJ-DU34-XGK6,AMD0778,AMD,SHOTGUN,v3,s3://amili-global-archive/SHOTGUN/v3/batch_15/B15AMD0778/kneaddata/B15AMD0778.fastq,s3://amili-global-archive/SHOTGUN/v3/batch_15/B15AMD0778/kneaddata/B15AMD0778_stat.tsv,s3://amili-global-archive/SHOTGUN/v3/batch_15/B15AMD0778/metaphlan/B15AMD0778_metaphlan.tsv,s3://amili-global-archive/SHOTGUN/v3/batch_15/B15AMD0778/humann/B15AMD0778_pathabundance.tsv,s3://amili-global-archive/SHOTGUN/v3/batch_15/B15AMD0778/humann/B15AMD0778_reaction_ec.tsv,s3://amili-global-archive/SHOTGUN/v3/batch_15/B15AMD0778/humann/B15AMD0778_genefamilies.tsv,s3://amili-global-archive/SHOTGUN/v3/batch_15/B15AMD0778/humann/B15AMD0778_reaction_ko.tsv,s3://amili-analysis-lab/Macrogen/sequencing-data/batch_15-Samples/B15AMD0778_1.fastq.gz,s3://amili-analysis-lab/Macrogen/sequencing-data/batch_15-Samples/B15AMD0778_2.fastq.gz
B15AMD0787,BATCH15,,AMDJ-MYYE-H8AF,AMD0787,AMD,SHOTGUN,v3,s3://amili-global-archive/SHOTGUN/v3/batch_15-Samples/B15AMD0787/kneaddata/B15AMD0787.fastq,s3://amili-global-archive/SHOTGUN/v3/batch_15-Samples/B15AMD0787/kneaddata/B15AMD0787_stat.tsv,s3://amili-global-archive/SHOTGUN/v3/batch_15-Samples/B15AMD0787/metaphlan/B15AMD0787_metaphlan.tsv,s3://amili-global-archive/SHOTGUN/v3/batch_15-Samples/B15AMD0787/humann/B15AMD0787_pathabundance.tsv,s3://amili-global-archive/SHOTGUN/v3/batch_15-Samples/B15AMD0787/humann/B15AMD0787_reaction_ec.tsv,s3://amili-global-archive/SHOTGUN/v3/batch_15-Samples/B15AMD0787/humann/B15AMD0787_genefamilies.tsv,s3://amili-global-archive/SHOTGUN/v3/batch_15-Samples/B15AMD0787/humann/B15AMD0787_reaction_ko.tsv,s3://amili-analysis-lab/Macrogen/sequencing-data/batch_15-Samples/B15AMD0787_1.fastq.gz,s3://amili-analysis-lab/Macrogen/sequencing-data/batch_15-Samples/B15AMD0787_2.fastq.gz
B15AMD0787,BATCH15,,AMDJ-MYYE-H8AF,AMD0787,AMD,SHOTGUN,v3,s3://amili-global-archive/SHOTGUN/v3/batch_15/B15AMD0787/kneaddata/B15AMD0787.fastq,s3://amili-global-archive/SHOTGUN/v3/batch_15/B15AMD0787/kneaddata/B15AMD0787_stat.tsv,s3://amili-global-archive/SHOTGUN/v3/batch_15/B15AMD0787/metaphlan/B15AMD0787_metaphlan.tsv,s3://amili-global-archive/SHOTGUN/v3/batch_15/B15AMD0787/humann/B15AMD0787_pathabundance.tsv,s3://amili-global-archive/SHOTGUN/v3/batch_15/B15AMD0787/humann/B15AMD0787_reaction_ec.tsv,s3://amili-global-archive/SHOTGUN/v3/batch_15/B15AMD0787/humann/B15AMD0787_genefamilies.tsv,s3://amili-global-archive/SHOTGUN/v3/batch_15/B15AMD0787/humann/B15AMD0787_reaction_ko.tsv,s3://amili-analysis-lab/Macrogen/sequencing-data/batch_15-Samples/B15AMD0787_1.fastq.gz,s3://amili-analysis-lab/Macrogen/sequencing-data/batch_15-Samples/B15AMD0787_2.fastq.gz
B15AMD0799,BATCH15,,AMDJ-4FJK-UQJ4,AMD0799,AMD,SHOTGUN,v3,s3://amili-global-archive/SHOTGUN/v3/batch_15-Samples/B15AMD0799/kneaddata/B15AMD0799.fastq,s3://amili-global-archive/SHOTGUN/v3/batch_15-Samples/B15AMD0799/kneaddata/B15AMD0799_stat.tsv,s3://amili-global-archive/SHOTGUN/v3/batch_15-Samples/B15AMD0799/metaphlan/B15AMD0799_metaphlan.tsv,s3://amili-global-archive/SHOTGUN/v3/batch_15-Samples/B15AMD0799/humann/B15AMD0799_pathabundance.tsv,s3://amili-global-archive/SHOTGUN/v3/batch_15-Samples/B15AMD0799/humann/B15AMD0799_reaction_ec.tsv,s3://amili-global-archive/SHOTGUN/v3/batch_15-Samples/B15AMD0799/humann/B15AMD0799_genefamilies.tsv,s3://amili-global-archive/SHOTGUN/v3/batch_15-Samples/B15AMD0799/humann/B15AMD0799_reaction_ko.tsv,s3://amili-analysis-lab/Macrogen/sequencing-data/batch_15-Samples/B15AMD0799_1.fastq.gz,s3://amili-analysis-lab/Macrogen/sequencing-data/batch_15-Samples/B15AMD0799_2.fastq.gz
B15AMD0799,BATCH15,,AMDJ-4FJK-UQJ4,AMD0799,AMD,SHOTGUN,v3,s3://amili-global-archive/SHOTGUN/v3/batch_15/B15AMD0799/kneaddata/B15AMD0799.fastq,s3://amili-global-archive/SHOTGUN/v3/batch_15/B15AMD0799/kneaddata/B15AMD0799_stat.tsv,s3://amili-global-archive/SHOTGUN/v3/batch_15/B15AMD0799/metaphlan/B15AMD0799_metaphlan.tsv,s3://amili-global-archive/SHOTGUN/v3/batch_15/B15AMD0799/humann/B15AMD0799_pathabundance.tsv,s3://amili-global-archive/SHOTGUN/v3/batch_15/B15AMD0799/humann/B15AMD0799_reaction_ec.tsv,s3://amili-global-archive/SHOTGUN/v3/batch_15/B15AMD0799/humann/B15AMD0799_genefamilies.tsv,s3://amili-global-archive/SHOTGUN/v3/batch_15/B15AMD0799/humann/B15AMD0799_reaction_ko.tsv,s3://amili-analysis-lab/Macrogen/sequencing-data/batch_15-Samples/B15AMD0799_1.fastq.gz,s3://amili-analysis-lab/Macrogen/sequencing-data/batch_15-Samples/B15AMD0799_2.fastq.gz
B15AMD0802,BATCH15,,AMDJ-6AS2-D34P,AMD0802,AMD,SHOTGUN,v3,s3://amili-global-archive/SHOTGUN/v3/batch_15-Samples/B15AMD0802/kneaddata/B15AMD0802.fastq,s3://amili-global-archive/SHOTGUN/v3/batch_15-Samples/B15AMD0802/kneaddata/B15AMD0802_stat.tsv,s3://amili-global-archive/SHOTGUN/v3/batch_15-Samples/B15AMD0802/metaphlan/B15AMD0802_metaphlan.tsv,s3://amili-global-archive/SHOTGUN/v3/batch_15-Samples/B15AMD0802/humann/B15AMD0802_pathabundance.tsv,s3://amili-global-archive/SHOTGUN/v3/batch_15-Samples/B15AMD0802/humann/B15AMD0802_reaction_ec.tsv,s3://amili-global-archive/SHOTGUN/v3/batch_15-Samples/B15AMD0802/humann/B15AMD0802_genefamilies.tsv,s3://amili-global-archive/SHOTGUN/v3/batch_15-Samples/B15AMD0802/humann/B15AMD0802_reaction_ko.tsv,s3://amili-analysis-lab/Macrogen/sequencing-data/batch_15-Samples/B15AMD0802_1.fastq.gz,s3://amili-analysis-lab/Macrogen/sequencing-data/batch_15-Samples/B15AMD0802_2.fastq.gz
B15AMD0802,BATCH15,,AMDJ-6AS2-D34P,AMD0802,AMD,SHOTGUN,v3,s3://amili-global-archive/SHOTGUN/v3/batch_15/B15AMD0802/kneaddata/B15AMD0802.fastq,s3://amili-global-archive/SHOTGUN/v3/batch_15/B15AMD0802/kneaddata/B15AMD0802_stat.tsv,s3://amili-global-archive/SHOTGUN/v3/batch_15/B15AMD0802/metaphlan/B15AMD0802_metaphlan.tsv,s3://amili-global-archive/SHOTGUN/v3/batch_15/B15AMD0802/humann/B15AMD0802_pathabundance.tsv,s3://amili-global-archive/SHOTGUN/v3/batch_15/B15AMD0802/humann/B15AMD0802_reaction_ec.tsv,s3://amili-global-archive/SHOTGUN/v3/batch_15/B15AMD0802/humann/B15AMD0802_genefamilies.tsv,s3://amili-global-archive/SHOTGUN/v3/batch_15/B15AMD0802/humann/B15AMD0802_reaction_ko.tsv,s3://amili-analysis-lab/Macrogen/sequencing-data/batch_15-Samples/B15AMD0802_1.fastq.gz,s3://amili-analysis-lab/Macrogen/sequencing-data/batch_15-Samples/B15AMD0802_2.fastq.gz
B15AMD0803,BATCH15,,AMDJ-QJS3-AUDU,AMD0803,AMD,SHOTGUN,v3,s3://amili-global-archive/SHOTGUN/v3/batch_15-Samples/B15AMD0803/kneaddata/B15AMD0803.fastq,s3://amili-global-archive/SHOTGUN/v3/batch_15-Samples/B15AMD0803/kneaddata/B15AMD0803_stat.tsv,s3://amili-global-archive/SHOTGUN/v3/batch_15-Samples/B15AMD0803/metaphlan/B15AMD0803_metaphlan.tsv,s3://amili-global-archive/SHOTGUN/v3/batch_15-Samples/B15AMD0803/humann/B15AMD0803_pathabundance.tsv,s3://amili-global-archive/SHOTGUN/v3/batch_15-Samples/B15AMD0803/humann/B15AMD0803_reaction_ec.tsv,s3://amili-global-archive/SHOTGUN/v3/batch_15-Samples/B15AMD0803/humann/B15AMD0803_genefamilies.tsv,s3://amili-global-archive/SHOTGUN/v3/batch_15-Samples/B15AMD0803/humann/B15AMD0803_reaction_ko.tsv,s3://amili-analysis-lab/Macrogen/sequencing-data/batch_15-Samples/B15AMD0803_1.fastq.gz,s3://amili-analysis-lab/Macrogen/sequencing-data/batch_15-Samples/B15AMD0803_2.fastq.gz
B15AMD0803,BATCH15,,AMDJ-QJS3-AUDU,AMD0803,AMD,SHOTGUN,v3,s3://amili-global-archive/SHOTGUN/v3/batch_15/B15AMD0803/kneaddata/B15AMD0803.fastq,s3://amili-global-archive/SHOTGUN/v3/batch_15/B15AMD0803/kneaddata/B15AMD0803_stat.tsv,s3://amili-global-archive/SHOTGUN/v3/batch_15/B15AMD0803/metaphlan/B15AMD0803_metaphlan.tsv,s3://amili-global-archive/SHOTGUN/v3/batch_15/B15AMD0803/humann/B15AMD0803_pathabundance.tsv,s3://amili-global-archive/SHOTGUN/v3/batch_15/B15AMD0803/humann/B15AMD0803_reaction_ec.tsv,s3://amili-global-archive/SHOTGUN/v3/batch_15/B15AMD0803/humann/B15AMD0803_genefamilies.tsv,s3://amili-global-archive/SHOTGUN/v3/batch_15/B15AMD0803/humann/B15AMD0803_reaction_ko.tsv,s3://amili-analysis-lab/Macrogen/sequencing-data/batch_15-Samples/B15AMD0803_1.fastq.gz,s3://amili-analysis-lab/Macrogen/sequencing-data/batch_15-Samples/B15AMD0803_2.fastq.gz
B15AMD0807,BATCH15,,AMDJ-24PJ-9P4Z,AMD0807,AMD,SHOTGUN,v3,s3://amili-global-archive/SHOTGUN/v3/batch_15-Samples/B15AMD0807/kneaddata/B15AMD0807.fastq,s3://amili-global-archive/SHOTGUN/v3/batch_15-Samples/B15AMD0807/kneaddata/B15AMD0807_stat.tsv,s3://amili-global-archive/SHOTGUN/v3/batch_15-Samples/B15AMD0807/metaphlan/B15AMD0807_metaphlan.tsv,s3://amili-global-archive/SHOTGUN/v3/batch_15-Samples/B15AMD0807/humann/B15AMD0807_pathabundance.tsv,s3://amili-global-archive/SHOTGUN/v3/batch_15-Samples/B15AMD0807/humann/B15AMD0807_reaction_ec.tsv,s3://amili-global-archive/SHOTGUN/v3/batch_15-Samples/B15AMD0807/humann/B15AMD0807_genefamilies.tsv,s3://amili-global-archive/SHOTGUN/v3/batch_15-Samples/B15AMD0807/humann/B15AMD0807_reaction_ko.tsv,s3://amili-analysis-lab/Macrogen/sequencing-data/batch_15-Samples/B15AMD0807_1.fastq.gz,s3://amili-analysis-lab/Macrogen/sequencing-data/batch_15-Samples/B15AMD0807_2.fastq.gz
B15AMD0807,BATCH15,,AMDJ-24PJ-9P4Z,AMD0807,AMD,SHOTGUN,v3,s3://amili-global-archive/SHOTGUN/v3/batch_15/B15AMD0807/kneaddata/B15AMD0807.fastq,s3://amili-global-archive/SHOTGUN/v3/batch_15/B15AMD0807/kneaddata/B15AMD0807_stat.tsv,s3://amili-global-archive/SHOTGUN/v3/batch_15/B15AMD0807/metaphlan/B15AMD0807_metaphlan.tsv,s3://amili-global-archive/SHOTGUN/v3/batch_15/B15AMD0807/humann/B15AMD0807_pathabundance.tsv,s3://amili-global-archive/SHOTGUN/v3/batch_15/B15AMD0807/humann/B15AMD0807_reaction_ec.tsv,s3://amili-global-archive/SHOTGUN/v3/batch_15/B15AMD0807/humann/B15AMD0807_genefamilies.tsv,s3://amili-global-archive/SHOTGUN/v3/batch_15/B15AMD0807/humann/B15AMD0807_reaction_ko.tsv,s3://amili-analysis-lab/Macrogen/sequencing-data/batch_15-Samples/B15AMD0807_1.fastq.gz,s3://amili-analysis-lab/Macrogen/sequencing-data/batch_15-Samples/B15AMD0807_2.fastq.gz
B15AMD0816,BATCH15,,AMDJ-H7YU-6N7A,AMD0816,AMD,SHOTGUN,v3,s3://amili-global-archive/SHOTGUN/v3/batch_15-Samples/B15AMD0816/kneaddata/B15AMD0816.fastq,s3://amili-global-archive/SHOTGUN/v3/batch_15-Samples/B15AMD0816/kneaddata/B15AMD0816_stat.tsv,s3://amili-global-archive/SHOTGUN/v3/batch_15-Samples/B15AMD0816/metaphlan/B15AMD0816_metaphlan.tsv,s3://amili-global-archive/SHOTGUN/v3/batch_15-Samples/B15AMD0816/humann/B15AMD0816_pathabundance.tsv,s3://amili-global-archive/SHOTGUN/v3/batch_15-Samples/B15AMD0816/humann/B15AMD0816_reaction_ec.tsv,s3://amili-global-archive/SHOTGUN/v3/batch_15-Samples/B15AMD0816/humann/B15AMD0816_genefamilies.tsv,s3://amili-global-archive/SHOTGUN/v3/batch_15-Samples/B15AMD0816/humann/B15AMD0816_reaction_ko.tsv,s3://amili-analysis-lab/Macrogen/sequencing-data/batch_15-Samples/B15AMD0816_1.fastq.gz,s3://amili-analysis-lab/Macrogen/sequencing-data/batch_15-Samples/B15AMD0816_2.fastq.gz
B15AMD0816,BATCH15,,AMDJ-H7YU-6N7A,AMD0816,AMD,SHOTGUN,v3,s3://amili-global-archive/SHOTGUN/v3/batch_15/B15AMD0816/kneaddata/B15AMD0816.fastq,s3://amili-global-archive/SHOTGUN/v3/batch_15/B15AMD0816/kneaddata/B15AMD0816_stat.tsv,s3://amili-global-archive/SHOTGUN/v3/batch_15/B15AMD0816/metaphlan/B15AMD0816_metaphlan.tsv,s3://amili-global-archive/SHOTGUN/v3/batch_15/B15AMD0816/humann/B15AMD0816_pathabundance.tsv,s3://amili-global-archive/SHOTGUN/v3/batch_15/B15AMD0816/humann/B15AMD0816_reaction_ec.tsv,s3://amili-global-archive/SHOTGUN/v3/batch_15/B15AMD0816/humann/B15AMD0816_genefamilies.tsv,s3://amili-global-archive/SHOTGUN/v3/batch_15/B15AMD0816/humann/B15AMD0816_reaction_ko.tsv,s3://amili-analysis-lab/Macrogen/sequencing-data/batch_15-Samples/B15AMD0816_1.fastq.gz,s3://amili-analysis-lab/Macrogen/sequencing-data/batch_15-Samples/B15AMD0816_2.fastq.gz
B15AMD0819,BATCH15,,AMDJ-MWT7-4GYZ,AMD0819,AMD,SHOTGUN,v3,s3://amili-global-archive/SHOTGUN/v3/batch_15-Samples/B15AMD0819/kneaddata/B15AMD0819.fastq,s3://amili-global-archive/SHOTGUN/v3/batch_15-Samples/B15AMD0819/kneaddata/B15AMD0819_stat.tsv,s3://amili-global-archive/SHOTGUN/v3/batch_15-Samples/B15AMD0819/metaphlan/B15AMD0819_metaphlan.tsv,s3://amili-global-archive/SHOTGUN/v3/batch_15-Samples/B15AMD0819/humann/B15AMD0819_pathabundance.tsv,s3://amili-global-archive/SHOTGUN/v3/batch_15-Samples/B15AMD0819/humann/B15AMD0819_reaction_ec.tsv,s3://amili-global-archive/SHOTGUN/v3/batch_15-Samples/B15AMD0819/humann/B15AMD0819_genefamilies.tsv,s3://amili-global-archive/SHOTGUN/v3/batch_15-Samples/B15AMD0819/humann/B15AMD0819_reaction_ko.tsv,s3://amili-analysis-lab/Macrogen/sequencing-data/batch_15-Samples/B15AMD0819_1.fastq.gz,s3://amili-analysis-lab/Macrogen/sequencing-data/batch_15-Samples/B15AMD0819_2.fastq.gz
B15AMD0819,BATCH15,,AMDJ-MWT7-4GYZ,AMD0819,AMD,SHOTGUN,v3,s3://amili-global-archive/SHOTGUN/v3/batch_15/B15AMD0819/kneaddata/B15AMD0819.fastq,s3://amili-global-archive/SHOTGUN/v3/batch_15/B15AMD0819/kneaddata/B15AMD0819_stat.tsv,s3://amili-global-archive/SHOTGUN/v3/batch_15/B15AMD0819/metaphlan/B15AMD0819_metaphlan.tsv,s3://amili-global-archive/SHOTGUN/v3/batch_15/B15AMD0819/humann/B15AMD0819_pathabundance.tsv,s3://amili-global-archive/SHOTGUN/v3/batch_15/B15AMD0819/humann/B15AMD0819_reaction_ec.tsv,s3://amili-global-archive/SHOTGUN/v3/batch_15/B15AMD0819/humann/B15AMD0819_genefamilies.tsv,s3://amili-global-archive/SHOTGUN/v3/batch_15/B15AMD0819/humann/B15AMD0819_reaction_ko.tsv,s3://amili-analysis-lab/Macrogen/sequencing-data/batch_15-Samples/B15AMD0819_1.fastq.gz,s3://amili-analysis-lab/Macrogen/sequencing-data/batch_15-Samples/B15AMD0819_2.fastq.gz
B15AMD0829,BATCH15,,AMDJ-SNWC-GKWN,AMD0829,AMD,SHOTGUN,v3,s3://amili-global-archive/SHOTGUN/v3/batch_15-Samples/B15AMD0829/kneaddata/B15AMD0829.fastq,s3://amili-global-archive/SHOTGUN/v3/batch_15-Samples/B15AMD0829/kneaddata/B15AMD0829_stat.tsv,s3://amili-global-archive/SHOTGUN/v3/batch_15-Samples/B15AMD0829/metaphlan/B15AMD0829_metaphlan.tsv,s3://amili-global-archive/SHOTGUN/v3/batch_15-Samples/B15AMD0829/humann/B15AMD0829_pathabundance.tsv,s3://amili-global-archive/SHOTGUN/v3/batch_15-Samples/B15AMD0829/humann/B15AMD0829_reaction_ec.tsv,s3://amili-global-archive/SHOTGUN/v3/batch_15-Samples/B15AMD0829/humann/B15AMD0829_genefamilies.tsv,s3://amili-global-archive/SHOTGUN/v3/batch_15-Samples/B15AMD0829/humann/B15AMD0829_reaction_ko.tsv,s3://amili-analysis-lab/Macrogen/sequencing-data/batch_15-Samples/B15AMD0829_1.fastq.gz,s3://amili-analysis-lab/Macrogen/sequencing-data/batch_15-Samples/B15AMD0829_2.fastq.gz
B15AMD0829,BATCH15,,AMDJ-SNWC-GKWN,AMD0829,AMD,SHOTGUN,v3,s3://amili-global-archive/SHOTGUN/v3/batch_15/B15AMD0829/kneaddata/B15AMD0829.fastq,s3://amili-global-archive/SHOTGUN/v3/batch_15/B15AMD0829/kneaddata/B15AMD0829_stat.tsv,s3://amili-global-archive/SHOTGUN/v3/batch_15/B15AMD0829/metaphlan/B15AMD0829_metaphlan.tsv,s3://amili-global-archive/SHOTGUN/v3/batch_15/B15AMD0829/humann/B15AMD0829_pathabundance.tsv,s3://amili-global-archive/SHOTGUN/v3/batch_15/B15AMD0829/humann/B15AMD0829_reaction_ec.tsv,s3://amili-global-archive/SHOTGUN/v3/batch_15/B15AMD0829/humann/B15AMD0829_genefamilies.tsv,s3://amili-global-archive/SHOTGUN/v3/batch_15/B15AMD0829/humann/B15AMD0829_reaction_ko.tsv,s3://amili-analysis-lab/Macrogen/sequencing-data/batch_15-Samples/B15AMD0829_1.fastq.gz,s3://amili-analysis-lab/Macrogen/sequencing-data/batch_15-Samples/B15AMD0829_2.fastq.gz
B15AMD0830,BATCH15,,AMDJ-3T27-HBTB,AMD0830,AMD,SHOTGUN,v3,s3://amili-global-archive/SHOTGUN/v3/batch_15-Samples/B15AMD0830/kneaddata/B15AMD0830.fastq,s3://amili-global-archive/SHOTGUN/v3/batch_15-Samples/B15AMD0830/kneaddata/B15AMD0830_stat.tsv,s3://amili-global-archive/SHOTGUN/v3/batch_15-Samples/B15AMD0830/metaphlan/B15AMD0830_metaphlan.tsv,s3://amili-global-archive/SHOTGUN/v3/batch_15-Samples/B15AMD0830/humann/B15AMD0830_pathabundance.tsv,s3://amili-global-archive/SHOTGUN/v3/batch_15-Samples/B15AMD0830/humann/B15AMD0830_reaction_ec.tsv,s3://amili-global-archive/SHOTGUN/v3/batch_15-Samples/B15AMD0830/humann/B15AMD0830_genefamilies.tsv,s3://amili-global-archive/SHOTGUN/v3/batch_15-Samples/B15AMD0830/humann/B15AMD0830_reaction_ko.tsv,s3://amili-analysis-lab/Macrogen/sequencing-data/batch_15-Samples/B15AMD0830_1.fastq.gz,s3://amili-analysis-lab/Macrogen/sequencing-data/batch_15-Samples/B15AMD0830_2.fastq.gz
B15AMD0830,BATCH15,,AMDJ-3T27-HBTB,AMD0830,AMD,SHOTGUN,v3,s3://amili-global-archive/SHOTGUN/v3/batch_15/B15AMD0830/kneaddata/B15AMD0830.fastq,s3://amili-global-archive/SHOTGUN/v3/batch_15/B15AMD0830/kneaddata/B15AMD0830_stat.tsv,s3://amili-global-archive/SHOTGUN/v3/batch_15/B15AMD0830/metaphlan/B15AMD0830_metaphlan.tsv,s3://amili-global-archive/SHOTGUN/v3/batch_15/B15AMD0830/humann/B15AMD0830_pathabundance.tsv,s3://amili-global-archive/SHOTGUN/v3/batch_15/B15AMD0830/humann/B15AMD0830_reaction_ec.tsv,s3://amili-global-archive/SHOTGUN/v3/batch_15/B15AMD0830/humann/B15AMD0830_genefamilies.tsv,s3://amili-global-archive/SHOTGUN/v3/batch_15/B15AMD0830/humann/B15AMD0830_reaction_ko.tsv,s3://amili-analysis-lab/Macrogen/sequencing-data/batch_15-Samples/B15AMD0830_1.fastq.gz,s3://amili-analysis-lab/Macrogen/sequencing-data/batch_15-Samples/B15AMD0830_2.fastq.gz
B15AMD0838,BATCH15,,AMDJ-DGWN-CQKK,AMD0838,AMD,SHOTGUN,v3,s3://amili-global-archive/SHOTGUN/v3/batch_15-Samples/B15AMD0838/kneaddata/B15AMD0838.fastq,s3://amili-global-archive/SHOTGUN/v3/batch_15-Samples/B15AMD0838/kneaddata/B15AMD0838_stat.tsv,s3://amili-global-archive/SHOTGUN/v3/batch_15-Samples/B15AMD0838/metaphlan/B15AMD0838_metaphlan.tsv,s3://amili-global-archive/SHOTGUN/v3/batch_15-Samples/B15AMD0838/humann/B15AMD0838_pathabundance.tsv,s3://amili-global-archive/SHOTGUN/v3/batch_15-Samples/B15AMD0838/humann/B15AMD0838_reaction_ec.tsv,s3://amili-global-archive/SHOTGUN/v3/batch_15-Samples/B15AMD0838/humann/B15AMD0838_genefamilies.tsv,s3://amili-global-archive/SHOTGUN/v3/batch_15-Samples/B15AMD0838/humann/B15AMD0838_reaction_ko.tsv,s3://amili-analysis-lab/Macrogen/sequencing-data/batch_15-Samples/B15AMD0838_1.fastq.gz,s3://amili-analysis-lab/Macrogen/sequencing-data/batch_15-Samples/B15AMD0838_2.fastq.gz
B15AMD0838,BATCH15,,AMDJ-DGWN-CQKK,AMD0838,AMD,SHOTGUN,v3,s3://amili-global-archive/SHOTGUN/v3/batch_15/B15AMD0838/kneaddata/B15AMD0838.fastq,s3://amili-global-archive/SHOTGUN/v3/batch_15/B15AMD0838/kneaddata/B15AMD0838_stat.tsv,s3://amili-global-archive/SHOTGUN/v3/batch_15/B15AMD0838/metaphlan/B15AMD0838_metaphlan.tsv,s3://amili-global-archive/SHOTGUN/v3/batch_15/B15AMD0838/humann/B15AMD0838_pathabundance.tsv,s3://amili-global-archive/SHOTGUN/v3/batch_15/B15AMD0838/humann/B15AMD0838_reaction_ec.tsv,s3://amili-global-archive/SHOTGUN/v3/batch_15/B15AMD0838/humann/B15AMD0838_genefamilies.tsv,s3://amili-global-archive/SHOTGUN/v3/batch_15/B15AMD0838/humann/B15AMD0838_reaction_ko.tsv,s3://amili-analysis-lab/Macrogen/sequencing-data/batch_15-Samples/B15AMD0838_1.fastq.gz,s3://amili-analysis-lab/Macrogen/sequencing-data/batch_15-Samples/B15AMD0838_2.fastq.gz
B15AMD0842,BATCH15,,AMDJ-76AR-432C,AMD0842,AMD,SHOTGUN,v3,s3://amili-global-archive/SHOTGUN/v3/batch_15-Samples/B15AMD0842/kneaddata/B15AMD0842.fastq,s3://amili-global-archive/SHOTGUN/v3/batch_15-Samples/B15AMD0842/kneaddata/B15AMD0842_stat.tsv,s3://amili-global-archive/SHOTGUN/v3/batch_15-Samples/B15AMD0842/metaphlan/B15AMD0842_metaphlan.tsv,s3://amili-global-archive/SHOTGUN/v3/batch_15-Samples/B15AMD0842/humann/B15AMD0842_pathabundance.tsv,s3://amili-global-archive/SHOTGUN/v3/batch_15-Samples/B15AMD0842/humann/B15AMD0842_reaction_ec.tsv,s3://amili-global-archive/SHOTGUN/v3/batch_15-Samples/B15AMD0842/humann/B15AMD0842_genefamilies.tsv,s3://amili-global-archive/SHOTGUN/v3/batch_15-Samples/B15AMD0842/humann/B15AMD0842_reaction_ko.tsv,s3://amili-analysis-lab/Macrogen/sequencing-data/batch_15-Samples/B15AMD0842_1.fastq.gz,s3://amili-analysis-lab/Macrogen/sequencing-data/batch_15-Samples/B15AMD0842_2.fastq.gz
B15AMD0842,BATCH15,,AMDJ-76AR-432C,AMD0842,AMD,SHOTGUN,v3,s3://amili-global-archive/SHOTGUN/v3/batch_15/B15AMD0842/kneaddata/B15AMD0842.fastq,s3://amili-global-archive/SHOTGUN/v3/batch_15/B15AMD0842/kneaddata/B15AMD0842_stat.tsv,s3://amili-global-archive/SHOTGUN/v3/batch_15/B15AMD0842/metaphlan/B15AMD0842_metaphlan.tsv,s3://amili-global-archive/SHOTGUN/v3/batch_15/B15AMD0842/humann/B15AMD0842_pathabundance.tsv,s3://amili-global-archive/SHOTGUN/v3/batch_15/B15AMD0842/humann/B15AMD0842_reaction_ec.tsv,s3://amili-global-archive/SHOTGUN/v3/batch_15/B15AMD0842/humann/B15AMD0842_genefamilies.tsv,s3://amili-global-archive/SHOTGUN/v3/batch_15/B15AMD0842/humann/B15AMD0842_reaction_ko.tsv,s3://amili-analysis-lab/Macrogen/sequencing-data/batch_15-Samples/B15AMD0842_1.fastq.gz,s3://amili-analysis-lab/Macrogen/sequencing-data/batch_15-Samples/B15AMD0842_2.fastq.gz
B15AMD0847,BATCH15,,AMDJ-RFEM-SJYB,AMD0847,AMD,SHOTGUN,v3,s3://amili-global-archive/SHOTGUN/v3/batch_15-Samples/B15AMD0847/kneaddata/B15AMD0847.fastq,s3://amili-global-archive/SHOTGUN/v3/batch_15-Samples/B15AMD0847/kneaddata/B15AMD0847_stat.tsv,s3://amili-global-archive/SHOTGUN/v3/batch_15-Samples/B15AMD0847/metaphlan/B15AMD0847_metaphlan.tsv,s3://amili-global-archive/SHOTGUN/v3/batch_15-Samples/B15AMD0847/humann/B15AMD0847_pathabundance.tsv,s3://amili-global-archive/SHOTGUN/v3/batch_15-Samples/B15AMD0847/humann/B15AMD0847_reaction_ec.tsv,s3://amili-global-archive/SHOTGUN/v3/batch_15-Samples/B15AMD0847/humann/B15AMD0847_genefamilies.tsv,s3://amili-global-archive/SHOTGUN/v3/batch_15-Samples/B15AMD0847/humann/B15AMD0847_reaction_ko.tsv,s3://amili-analysis-lab/Macrogen/sequencing-data/batch_15-Samples/B15AMD0847_1.fastq.gz,s3://amili-analysis-lab/Macrogen/sequencing-data/batch_15-Samples/B15AMD0847_2.fastq.gz
B15AMD0847,BATCH15,,AMDJ-RFEM-SJYB,AMD0847,AMD,SHOTGUN,v3,s3://amili-global-archive/SHOTGUN/v3/batch_15/B15AMD0847/kneaddata/B15AMD0847.fastq,s3://amili-global-archive/SHOTGUN/v3/batch_15/B15AMD0847/kneaddata/B15AMD0847_stat.tsv,s3://amili-global-archive/SHOTGUN/v3/batch_15/B15AMD0847/metaphlan/B15AMD0847_metaphlan.tsv,s3://amili-global-archive/SHOTGUN/v3/batch_15/B15AMD0847/humann/B15AMD0847_pathabundance.tsv,s3://amili-global-archive/SHOTGUN/v3/batch_15/B15AMD0847/humann/B15AMD0847_reaction_ec.tsv,s3://amili-global-archive/SHOTGUN/v3/batch_15/B15AMD0847/humann/B15AMD0847_genefamilies.tsv,s3://amili-global-archive/SHOTGUN/v3/batch_15/B15AMD0847/humann/B15AMD0847_reaction_ko.tsv,s3://amili-analysis-lab/Macrogen/sequencing-data/batch_15-Samples/B15AMD0847_1.fastq.gz,s3://amili-analysis-lab/Macrogen/sequencing-data/batch_15-Samples/B15AMD0847_2.fastq.gz
B15AMD0851,BATCH15,,AMDJ-USZB-KEFC,AMD0851,AMD,SHOTGUN,v3,s3://amili-global-archive/SHOTGUN/v3/batch_15-Samples/B15AMD0851/kneaddata/B15AMD0851.fastq,s3://amili-global-archive/SHOTGUN/v3/batch_15-Samples/B15AMD0851/kneaddata/B15AMD0851_stat.tsv,s3://amili-global-archive/SHOTGUN/v3/batch_15-Samples/B15AMD0851/metaphlan/B15AMD0851_metaphlan.tsv,s3://amili-global-archive/SHOTGUN/v3/batch_15-Samples/B15AMD0851/humann/B15AMD0851_pathabundance.tsv,s3://amili-global-archive/SHOTGUN/v3/batch_15-Samples/B15AMD0851/humann/B15AMD0851_reaction_ec.tsv,s3://amili-global-archive/SHOTGUN/v3/batch_15-Samples/B15AMD0851/humann/B15AMD0851_genefamilies.tsv,s3://amili-global-archive/SHOTGUN/v3/batch_15-Samples/B15AMD0851/humann/B15AMD0851_reaction_ko.tsv,s3://amili-analysis-lab/Macrogen/sequencing-data/batch_15-Samples/B15AMD0851_1.fastq.gz,s3://amili-analysis-lab/Macrogen/sequencing-data/batch_15-Samples/B15AMD0851_2.fastq.gz
B15AMD0851,BATCH15,,AMDJ-USZB-KEFC,AMD0851,AMD,SHOTGUN,v3,s3://amili-global-archive/SHOTGUN/v3/batch_15/B15AMD0851/kneaddata/B15AMD0851.fastq,s3://amili-global-archive/SHOTGUN/v3/batch_15/B15AMD0851/kneaddata/B15AMD0851_stat.tsv,s3://amili-global-archive/SHOTGUN/v3/batch_15/B15AMD0851/metaphlan/B15AMD0851_metaphlan.tsv,s3://amili-global-archive/SHOTGUN/v3/batch_15/B15AMD0851/humann/B15AMD0851_pathabundance.tsv,s3://amili-global-archive/SHOTGUN/v3/batch_15/B15AMD0851/humann/B15AMD0851_reaction_ec.tsv,s3://amili-global-archive/SHOTGUN/v3/batch_15/B15AMD0851/humann/B15AMD0851_genefamilies.tsv,s3://amili-global-archive/SHOTGUN/v3/batch_15/B15AMD0851/humann/B15AMD0851_reaction_ko.tsv,s3://amili-analysis-lab/Macrogen/sequencing-data/batch_15-Samples/B15AMD0851_1.fastq.gz,s3://amili-analysis-lab/Macrogen/sequencing-data/batch_15-Samples/B15AMD0851_2.fastq.gz
B16AMD0691,BATCH16,,AMDJ-FGND-F9XV,AMD0691,AMD,SHOTGUN,v3,s3://amili-global-archive/SHOTGUN/v3/batch_16-98samples/B16AMD0691/kneaddata/B16AMD0691.fastq,s3://amili-global-archive/SHOTGUN/v3/batch_16-98samples/B16AMD0691/kneaddata/B16AMD0691_stat.tsv,s3://amili-global-archive/SHOTGUN/v3/batch_16-98samples/B16AMD0691/metaphlan/B16AMD0691_metaphlan.tsv,s3://amili-global-archive/SHOTGUN/v3/batch_16-98samples/B16AMD0691/humann/B16AMD0691_pathabundance.tsv,s3://amili-global-archive/SHOTGUN/v3/batch_16-98samples/B16AMD0691/humann/B16AMD0691_reaction_ec.tsv,s3://amili-global-archive/SHOTGUN/v3/batch_16-98samples/B16AMD0691/humann/B16AMD0691_genefamilies.tsv,s3://amili-global-archive/SHOTGUN/v3/batch_16-98samples/B16AMD0691/humann/B16AMD0691_reaction_ko.tsv,s3://amili-analysis-lab/Macrogen/sequencing-data/batch_16-98samples/B16AMD0691_1.fastq.gz,s3://amili-analysis-lab/Macrogen/sequencing-data/batch_16-98samples/B16AMD0691_2.fastq.gz
B16AMD0691,BATCH16,,AMDJ-FGND-F9XV,AMD0691,AMD,SHOTGUN,v3,s3://amili-global-archive/SHOTGUN/v3/batch_16/B16AMD0691/kneaddata/B16AMD0691.fastq,s3://amili-global-archive/SHOTGUN/v3/batch_16/B16AMD0691/kneaddata/B16AMD0691_stat.tsv,s3://amili-global-archive/SHOTGUN/v3/batch_16/B16AMD0691/metaphlan/B16AMD0691_metaphlan.tsv,,,,,s3://amili-analysis-lab/Macrogen/sequencing-data/batch_16-98samples/B16AMD0691_1.fastq.gz,s3://amili-analysis-lab/Macrogen/sequencing-data/batch_16-98samples/B16AMD0691_2.fastq.gz
B16AMD0733,BATCH16,,AMDJ-8HPG-YQ62,AMD0733,AMD,SHOTGUN,v3,s3://amili-global-archive/SHOTGUN/v3/batch_16-98samples/B16AMD0733/kneaddata/B16AMD0733.fastq,s3://amili-global-archive/SHOTGUN/v3/batch_16-98samples/B16AMD0733/kneaddata/B16AMD0733_stat.tsv,s3://amili-global-archive/SHOTGUN/v3/batch_16-98samples/B16AMD0733/metaphlan/B16AMD0733_metaphlan.tsv,s3://amili-global-archive/SHOTGUN/v3/batch_16-98samples/B16AMD0733/humann/B16AMD0733_pathabundance.tsv,s3://amili-global-archive/SHOTGUN/v3/batch_16-98samples/B16AMD0733/humann/B16AMD0733_reaction_ec.tsv,s3://amili-global-archive/SHOTGUN/v3/batch_16-98samples/B16AMD0733/humann/B16AMD0733_genefamilies.tsv,s3://amili-global-archive/SHOTGUN/v3/batch_16-98samples/B16AMD0733/humann/B16AMD0733_reaction_ko.tsv,s3://amili-analysis-lab/Macrogen/sequencing-data/batch_16-98samples/B16AMD0733_1.fastq.gz,s3://amili-analysis-lab/Macrogen/sequencing-data/batch_16-98samples/B16AMD0733_2.fastq.gz
B16AMD0733,BATCH16,,AMDJ-8HPG-YQ62,AMD0733,AMD,SHOTGUN,v3,s3://amili-global-archive/SHOTGUN/v3/batch_16/B16AMD0733/kneaddata/B16AMD0733.fastq,s3://amili-global-archive/SHOTGUN/v3/batch_16/B16AMD0733/kneaddata/B16AMD0733_stat.tsv,s3://amili-global-archive/SHOTGUN/v3/batch_16/B16AMD0733/metaphlan/B16AMD0733_metaphlan.tsv,s3://amili-global-archive/SHOTGUN/v3/batch_16/B16AMD0733/humann/B16AMD0733_pathabundance.tsv,s3://amili-global-archive/SHOTGUN/v3/batch_16/B16AMD0733/humann/B16AMD0733_reaction_ec.tsv,s3://amili-global-archive/SHOTGUN/v3/batch_16/B16AMD0733/humann/B16AMD0733_genefamilies.tsv,s3://amili-global-archive/SHOTGUN/v3/batch_16/B16AMD0733/humann/B16AMD0733_reaction_ko.tsv,s3://amili-analysis-lab/Macrogen/sequencing-data/batch_16-98samples/B16AMD0733_1.fastq.gz,s3://amili-analysis-lab/Macrogen/sequencing-data/batch_16-98samples/B16AMD0733_2.fastq.gz
B16AMD0785,BATCH16,,AMDJ-UHSG-XZ5F,AMD0785,AMD,SHOTGUN,v3,s3://amili-global-archive/SHOTGUN/v3/batch_16-98samples/B16AMD0785/kneaddata/B16AMD0785.fastq,s3://amili-global-archive/SHOTGUN/v3/batch_16-98samples/B16AMD0785/kneaddata/B16AMD0785_stat.tsv,s3://amili-global-archive/SHOTGUN/v3/batch_16-98samples/B16AMD0785/metaphlan/B16AMD0785_metaphlan.tsv,s3://amili-global-archive/SHOTGUN/v3/batch_16-98samples/B16AMD0785/humann/B16AMD0785_pathabundance.tsv,s3://amili-global-archive/SHOTGUN/v3/batch_16-98samples/B16AMD0785/humann/B16AMD0785_reaction_ec.tsv,s3://amili-global-archive/SHOTGUN/v3/batch_16-98samples/B16AMD0785/humann/B16AMD0785_genefamilies.tsv,s3://amili-global-archive/SHOTGUN/v3/batch_16-98samples/B16AMD0785/humann/B16AMD0785_reaction_ko.tsv,s3://amili-analysis-lab/Macrogen/sequencing-data/batch_16-98samples/B16AMD0785_1.fastq.gz,s3://amili-analysis-lab/Macrogen/sequencing-data/batch_16-98samples/B16AMD0785_2.fastq.gz
B16AMD0785,BATCH16,,AMDJ-UHSG-XZ5F,AMD0785,AMD,SHOTGUN,v3,s3://amili-global-archive/SHOTGUN/v3/batch_16/B16AMD0785/kneaddata/B16AMD0785.fastq,s3://amili-global-archive/SHOTGUN/v3/batch_16/B16AMD0785/kneaddata/B16AMD0785_stat.tsv,s3://amili-global-archive/SHOTGUN/v3/batch_16/B16AMD0785/metaphlan/B16AMD0785_metaphlan.tsv,,,,,s3://amili-analysis-lab/Macrogen/sequencing-data/batch_16-98samples/B16AMD0785_1.fastq.gz,s3://amili-analysis-lab/Macrogen/sequencing-data/batch_16-98samples/B16AMD0785_2.fastq.gz
B16AMD0791,BATCH16,,AMDJ-U78W-5U5M,AMD0791,AMD,SHOTGUN,v3,s3://amili-global-archive/SHOTGUN/v3/batch_16-98samples/B16AMD0791/kneaddata/B16AMD0791.fastq,s3://amili-global-archive/SHOTGUN/v3/batch_16-98samples/B16AMD0791/kneaddata/B16AMD0791_stat.tsv,s3://amili-global-archive/SHOTGUN/v3/batch_16-98samples/B16AMD0791/metaphlan/B16AMD0791_metaphlan.tsv,s3://amili-global-archive/SHOTGUN/v3/batch_16-98samples/B16AMD0791/humann/B16AMD0791_pathabundance.tsv,s3://amili-global-archive/SHOTGUN/v3/batch_16-98samples/B16AMD0791/humann/B16AMD0791_reaction_ec.tsv,s3://amili-global-archive/SHOTGUN/v3/batch_16-98samples/B16AMD0791/humann/B16AMD0791_genefamilies.tsv,s3://amili-global-archive/SHOTGUN/v3/batch_16-98samples/B16AMD0791/humann/B16AMD0791_reaction_ko.tsv,s3://amili-analysis-lab/Macrogen/sequencing-data/batch_16-98samples/B16AMD0791_1.fastq.gz,s3://amili-analysis-lab/Macrogen/sequencing-data/batch_16-98samples/B16AMD0791_2.fastq.gz
B16AMD0791,BATCH16,,AMDJ-U78W-5U5M,AMD0791,AMD,SHOTGUN,v3,s3://amili-global-archive/SHOTGUN/v3/batch_16/B16AMD0791/kneaddata/B16AMD0791.fastq,s3://amili-global-archive/SHOTGUN/v3/batch_16/B16AMD0791/kneaddata/B16AMD0791_stat.tsv,s3://amili-global-archive/SHOTGUN/v3/batch_16/B16AMD0791/metaphlan/B16AMD0791_metaphlan.tsv,s3://amili-global-archive/SHOTGUN/v3/batch_16/B16AMD0791/humann/B16AMD0791_pathabundance.tsv,s3://amili-global-archive/SHOTGUN/v3/batch_16/B16AMD0791/humann/B16AMD0791_reaction_ec.tsv,s3://amili-global-archive/SHOTGUN/v3/batch_16/B16AMD0791/humann/B16AMD0791_genefamilies.tsv,s3://amili-global-archive/SHOTGUN/v3/batch_16/B16AMD0791/humann/B16AMD0791_reaction_ko.tsv,s3://amili-analysis-lab/Macrogen/sequencing-data/batch_16-98samples/B16AMD0791_1.fastq.gz,s3://amili-analysis-lab/Macrogen/sequencing-data/batch_16-98samples/B16AMD0791_2.fastq.gz
B16AMD0800,BATCH16,,AMDJ-UTGS-KEGY,AMD0800,AMD,SHOTGUN,v3,s3://amili-global-archive/SHOTGUN/v3/batch_16-98samples/B16AMD0800/kneaddata/B16AMD0800.fastq,s3://amili-global-archive/SHOTGUN/v3/batch_16-98samples/B16AMD0800/kneaddata/B16AMD0800_stat.tsv,s3://amili-global-archive/SHOTGUN/v3/batch_16-98samples/B16AMD0800/metaphlan/B16AMD0800_metaphlan.tsv,s3://amili-global-archive/SHOTGUN/v3/batch_16-98samples/B16AMD0800/humann/B16AMD0800_pathabundance.tsv,s3://amili-global-archive/SHOTGUN/v3/batch_16-98samples/B16AMD0800/humann/B16AMD0800_reaction_ec.tsv,s3://amili-global-archive/SHOTGUN/v3/batch_16-98samples/B16AMD0800/humann/B16AMD0800_genefamilies.tsv,s3://amili-global-archive/SHOTGUN/v3/batch_16-98samples/B16AMD0800/humann/B16AMD0800_reaction_ko.tsv,s3://amili-analysis-lab/Macrogen/sequencing-data/batch_16-98samples/B16AMD0800_1.fastq.gz,s3://amili-analysis-lab/Macrogen/sequencing-data/batch_16-98samples/B16AMD0800_2.fastq.gz
B16AMD0800,BATCH16,,AMDJ-UTGS-KEGY,AMD0800,AMD,SHOTGUN,v3,s3://amili-global-archive/SHOTGUN/v3/batch_16/B16AMD0800/kneaddata/B16AMD0800.fastq,s3://amili-global-archive/SHOTGUN/v3/batch_16/B16AMD0800/kneaddata/B16AMD0800_stat.tsv,s3://amili-global-archive/SHOTGUN/v3/batch_16/B16AMD0800/metaphlan/B16AMD0800_metaphlan.tsv,,,,,s3://amili-analysis-lab/Macrogen/sequencing-data/batch_16-98samples/B16AMD0800_1.fastq.gz,s3://amili-analysis-lab/Macrogen/sequencing-data/batch_16-98samples/B16AMD0800_2.fastq.gz
B16AMD0813,BATCH16,,AMDJ-F4M8-NFWJ,AMD0813,AMD,SHOTGUN,v3,s3://amili-global-archive/SHOTGUN/v3/batch_16-98samples/B16AMD0813/kneaddata/B16AMD0813.fastq,s3://amili-global-archive/SHOTGUN/v3/batch_16-98samples/B16AMD0813/kneaddata/B16AMD0813_stat.tsv,s3://amili-global-archive/SHOTGUN/v3/batch_16-98samples/B16AMD0813/metaphlan/B16AMD0813_metaphlan.tsv,s3://amili-global-archive/SHOTGUN/v3/batch_16-98samples/B16AMD0813/humann/B16AMD0813_pathabundance.tsv,s3://amili-global-archive/SHOTGUN/v3/batch_16-98samples/B16AMD0813/humann/B16AMD0813_reaction_ec.tsv,s3://amili-global-archive/SHOTGUN/v3/batch_16-98samples/B16AMD0813/humann/B16AMD0813_genefamilies.tsv,s3://amili-global-archive/SHOTGUN/v3/batch_16-98samples/B16AMD0813/humann/B16AMD0813_reaction_ko.tsv,s3://amili-analysis-lab/Macrogen/sequencing-data/batch_16-98samples/B16AMD0813_1.fastq.gz,s3://amili-analysis-lab/Macrogen/sequencing-data/batch_16-98samples/B16AMD0813_2.fastq.gz
B16AMD0813,BATCH16,,AMDJ-F4M8-NFWJ,AMD0813,AMD,SHOTGUN,v3,s3://amili-global-archive/SHOTGUN/v3/batch_16/B16AMD0813/kneaddata/B16AMD0813.fastq,s3://amili-global-archive/SHOTGUN/v3/batch_16/B16AMD0813/kneaddata/B16AMD0813_stat.tsv,s3://amili-global-archive/SHOTGUN/v3/batch_16/B16AMD0813/metaphlan/B16AMD0813_metaphlan.tsv,,,,,s3://amili-analysis-lab/Macrogen/sequencing-data/batch_16-98samples/B16AMD0813_1.fastq.gz,s3://amili-analysis-lab/Macrogen/sequencing-data/batch_16-98samples/B16AMD0813_2.fastq.gz
B16AMD0845,BATCH16,,AMDJ-VMS8-7QC3,AMD0845,AMD,SHOTGUN,v3,s3://amili-global-archive/SHOTGUN/v3/batch_16-98samples/B16AMD0845/kneaddata/B16AMD0845.fastq,s3://amili-global-archive/SHOTGUN/v3/batch_16-98samples/B16AMD0845/kneaddata/B16AMD0845_stat.tsv,s3://amili-global-archive/SHOTGUN/v3/batch_16-98samples/B16AMD0845/metaphlan/B16AMD0845_metaphlan.tsv,s3://amili-global-archive/SHOTGUN/v3/batch_16-98samples/B16AMD0845/humann/B16AMD0845_pathabundance.tsv,s3://amili-global-archive/SHOTGUN/v3/batch_16-98samples/B16AMD0845/humann/B16AMD0845_reaction_ec.tsv,s3://amili-global-archive/SHOTGUN/v3/batch_16-98samples/B16AMD0845/humann/B16AMD0845_genefamilies.tsv,s3://amili-global-archive/SHOTGUN/v3/batch_16-98samples/B16AMD0845/humann/B16AMD0845_reaction_ko.tsv,s3://amili-analysis-lab/Macrogen/sequencing-data/batch_16-98samples/B16AMD0845_1.fastq.gz,s3://amili-analysis-lab/Macrogen/sequencing-data/batch_16-98samples/B16AMD0845_2.fastq.gz
B16AMD0845,BATCH16,,AMDJ-VMS8-7QC3,AMD0845,AMD,SHOTGUN,v3,s3://amili-global-archive/SHOTGUN/v3/batch_16/B16AMD0845/kneaddata/B16AMD0845.fastq,s3://amili-global-archive/SHOTGUN/v3/batch_16/B16AMD0845/kneaddata/B16AMD0845_stat.tsv,s3://amili-global-archive/SHOTGUN/v3/batch_16/B16AMD0845/metaphlan/B16AMD0845_metaphlan.tsv,,,,,s3://amili-analysis-lab/Macrogen/sequencing-data/batch_16-98samples/B16AMD0845_1.fastq.gz,s3://amili-analysis-lab/Macrogen/sequencing-data/batch_16-98samples/B16AMD0845_2.fastq.gz
B16AMD0850,BATCH16,,AMDJ-3JFZ-2P5V,AMD0850,AMD,SHOTGUN,v3,s3://amili-global-archive/SHOTGUN/v3/batch_16-98samples/B16AMD0850/kneaddata/B16AMD0850.fastq,s3://amili-global-archive/SHOTGUN/v3/batch_16-98samples/B16AMD0850/kneaddata/B16AMD0850_stat.tsv,s3://amili-global-archive/SHOTGUN/v3/batch_16-98samples/B16AMD0850/metaphlan/B16AMD0850_metaphlan.tsv,s3://amili-global-archive/SHOTGUN/v3/batch_16-98samples/B16AMD0850/humann/B16AMD0850_pathabundance.tsv,s3://amili-global-archive/SHOTGUN/v3/batch_16-98samples/B16AMD0850/humann/B16AMD0850_reaction_ec.tsv,s3://amili-global-archive/SHOTGUN/v3/batch_16-98samples/B16AMD0850/humann/B16AMD0850_genefamilies.tsv,s3://amili-global-archive/SHOTGUN/v3/batch_16-98samples/B16AMD0850/humann/B16AMD0850_reaction_ko.tsv,s3://amili-analysis-lab/Macrogen/sequencing-data/batch_16-98samples/B16AMD0850_1.fastq.gz,s3://amili-analysis-lab/Macrogen/sequencing-data/batch_16-98samples/B16AMD0850_2.fastq.gz
B16AMD0850,BATCH16,,AMDJ-3JFZ-2P5V,AMD0850,AMD,SHOTGUN,v3,s3://amili-global-archive/SHOTGUN/v3/batch_16/B16AMD0850/kneaddata/B16AMD0850.fastq,s3://amili-global-archive/SHOTGUN/v3/batch_16/B16AMD0850/kneaddata/B16AMD0850_stat.tsv,s3://amili-global-archive/SHOTGUN/v3/batch_16/B16AMD0850/metaphlan/B16AMD0850_metaphlan.tsv,s3://amili-global-archive/SHOTGUN/v3/batch_16/B16AMD0850/humann/B16AMD0850_pathabundance.tsv,s3://amili-global-archive/SHOTGUN/v3/batch_16/B16AMD0850/humann/B16AMD0850_reaction_ec.tsv,s3://amili-global-archive/SHOTGUN/v3/batch_16/B16AMD0850/humann/B16AMD0850_genefamilies.tsv,s3://amili-global-archive/SHOTGUN/v3/batch_16/B16AMD0850/humann/B16AMD0850_reaction_ko.tsv,s3://amili-analysis-lab/Macrogen/sequencing-data/batch_16-98samples/B16AMD0850_1.fastq.gz,s3://amili-analysis-lab/Macrogen/sequencing-data/batch_16-98samples/B16AMD0850_2.fastq.gz
B16AMD0857,BATCH16,,AMDJ-GS6G-E7DH,AMD0857,AMD,SHOTGUN,v3,s3://amili-global-archive/SHOTGUN/v3/batch_16-98samples/B16AMD0857/kneaddata/B16AMD0857.fastq,s3://amili-global-archive/SHOTGUN/v3/batch_16-98samples/B16AMD0857/kneaddata/B16AMD0857_stat.tsv,s3://amili-global-archive/SHOTGUN/v3/batch_16-98samples/B16AMD0857/metaphlan/B16AMD0857_metaphlan.tsv,s3://amili-global-archive/SHOTGUN/v3/batch_16-98samples/B16AMD0857/humann/B16AMD0857_pathabundance.tsv,s3://amili-global-archive/SHOTGUN/v3/batch_16-98samples/B16AMD0857/humann/B16AMD0857_reaction_ec.tsv,s3://amili-global-archive/SHOTGUN/v3/batch_16-98samples/B16AMD0857/humann/B16AMD0857_genefamilies.tsv,s3://amili-global-archive/SHOTGUN/v3/batch_16-98samples/B16AMD0857/humann/B16AMD0857_reaction_ko.tsv,s3://amili-analysis-lab/Macrogen/sequencing-data/batch_16-98samples/B16AMD0857_1.fastq.gz,s3://amili-analysis-lab/Macrogen/sequencing-data/batch_16-98samples/B16AMD0857_2.fastq.gz
B16AMD0858,BATCH16,,AMDJ-3XX7-H9R9,AMD0858,AMD,SHOTGUN,v3,s3://amili-global-archive/SHOTGUN/v3/batch_16-98samples/B16AMD0858/kneaddata/B16AMD0858.fastq,s3://amili-global-archive/SHOTGUN/v3/batch_16-98samples/B16AMD0858/kneaddata/B16AMD0858_stat.tsv,s3://amili-global-archive/SHOTGUN/v3/batch_16-98samples/B16AMD0858/metaphlan/B16AMD0858_metaphlan.tsv,s3://amili-global-archive/SHOTGUN/v3/batch_16-98samples/B16AMD0858/humann/B16AMD0858_pathabundance.tsv,s3://amili-global-archive/SHOTGUN/v3/batch_16-98samples/B16AMD0858/humann/B16AMD0858_reaction_ec.tsv,s3://amili-global-archive/SHOTGUN/v3/batch_16-98samples/B16AMD0858/humann/B16AMD0858_genefamilies.tsv,s3://amili-global-archive/SHOTGUN/v3/batch_16-98samples/B16AMD0858/humann/B16AMD0858_reaction_ko.tsv,s3://amili-analysis-lab/Macrogen/sequencing-data/batch_16-98samples/B16AMD0858_1.fastq.gz,s3://amili-analysis-lab/Macrogen/sequencing-data/batch_16-98samples/B16AMD0858_2.fastq.gz
B16AMD0858,BATCH16,,AMDJ-3XX7-H9R9,AMD0858,AMD,SHOTGUN,v3,s3://amili-global-archive/SHOTGUN/v3/batch_16/B16AMD0858/kneaddata/B16AMD0858.fastq,s3://amili-global-archive/SHOTGUN/v3/batch_16/B16AMD0858/kneaddata/B16AMD0858_stat.tsv,s3://amili-global-archive/SHOTGUN/v3/batch_16/B16AMD0858/metaphlan/B16AMD0858_metaphlan.tsv,,,,,s3://amili-analysis-lab/Macrogen/sequencing-data/batch_16-98samples/B16AMD0858_1.fastq.gz,s3://amili-analysis-lab/Macrogen/sequencing-data/batch_16-98samples/B16AMD0858_2.fastq.gz
B16AMD0863,BATCH16,,AMDJ-J49U-TZDF,AMD0863,AMD,SHOTGUN,v3,s3://amili-global-archive/SHOTGUN/v3/batch_16-98samples/B16AMD0863/kneaddata/B16AMD0863.fastq,s3://amili-global-archive/SHOTGUN/v3/batch_16-98samples/B16AMD0863/kneaddata/B16AMD0863_stat.tsv,s3://amili-global-archive/SHOTGUN/v3/batch_16-98samples/B16AMD0863/metaphlan/B16AMD0863_metaphlan.tsv,s3://amili-global-archive/SHOTGUN/v3/batch_16-98samples/B16AMD0863/humann/B16AMD0863_pathabundance.tsv,s3://amili-global-archive/SHOTGUN/v3/batch_16-98samples/B16AMD0863/humann/B16AMD0863_reaction_ec.tsv,s3://amili-global-archive/SHOTGUN/v3/batch_16-98samples/B16AMD0863/humann/B16AMD0863_genefamilies.tsv,s3://amili-global-archive/SHOTGUN/v3/batch_16-98samples/B16AMD0863/humann/B16AMD0863_reaction_ko.tsv,s3://amili-analysis-lab/Macrogen/sequencing-data/batch_16-98samples/B16AMD0863_1.fastq.gz,s3://amili-analysis-lab/Macrogen/sequencing-data/batch_16-98samples/B16AMD0863_2.fastq.gz
B16AMD0863,BATCH16,,AMDJ-J49U-TZDF,AMD0863,AMD,SHOTGUN,v3,s3://amili-global-archive/SHOTGUN/v3/batch_16/B16AMD0863/kneaddata/B16AMD0863.fastq,s3://amili-global-archive/SHOTGUN/v3/batch_16/B16AMD0863/kneaddata/B16AMD0863_stat.tsv,s3://amili-global-archive/SHOTGUN/v3/batch_16/B16AMD0863/metaphlan/B16AMD0863_metaphlan.tsv,s3://amili-global-archive/SHOTGUN/v3/batch_16/B16AMD0863/humann/B16AMD0863_pathabundance.tsv,s3://amili-global-archive/SHOTGUN/v3/batch_16/B16AMD0863/humann/B16AMD0863_reaction_ec.tsv,s3://amili-global-archive/SHOTGUN/v3/batch_16/B16AMD0863/humann/B16AMD0863_genefamilies.tsv,s3://amili-global-archive/SHOTGUN/v3/batch_16/B16AMD0863/humann/B16AMD0863_reaction_ko.tsv,s3://amili-analysis-lab/Macrogen/sequencing-data/batch_16-98samples/B16AMD0863_1.fastq.gz,s3://amili-analysis-lab/Macrogen/sequencing-data/batch_16-98samples/B16AMD0863_2.fastq.gz
B16AMD0864,BATCH16,,AMDJ-VJBU-TUX4,AMD0864,AMD,SHOTGUN,v3,,s3://amili-global-archive/SHOTGUN/v3/batch13/B16AMD0864/kneaddata/B16AMD0864_stat.tsv,,,,,,s3://amili-analysis-lab/Macrogen/sequencing-data/batch_16-98samples/B16AMD0864_1.fastq.gz,s3://amili-analysis-lab/Macrogen/sequencing-data/batch_16-98samples/B16AMD0864_2.fastq.gz
B16AMD0864,BATCH16,,AMDJ-VJBU-TUX4,AMD0864,AMD,SHOTGUN,v3,s3://amili-global-archive/SHOTGUN/v3/batch_16-98samples/B16AMD0864/kneaddata/B16AMD0864.fastq,s3://amili-global-archive/SHOTGUN/v3/batch_16-98samples/B16AMD0864/kneaddata/B16AMD0864_stat.tsv,s3://amili-global-archive/SHOTGUN/v3/batch_16-98samples/B16AMD0864/metaphlan/B16AMD0864_metaphlan.tsv,s3://amili-global-archive/SHOTGUN/v3/batch_16-98samples/B16AMD0864/humann/B16AMD0864_pathabundance.tsv,s3://amili-global-archive/SHOTGUN/v3/batch_16-98samples/B16AMD0864/humann/B16AMD0864_reaction_ec.tsv,s3://amili-global-archive/SHOTGUN/v3/batch_16-98samples/B16AMD0864/humann/B16AMD0864_genefamilies.tsv,s3://amili-global-archive/SHOTGUN/v3/batch_16-98samples/B16AMD0864/humann/B16AMD0864_reaction_ko.tsv,s3://amili-analysis-lab/Macrogen/sequencing-data/batch_16-98samples/B16AMD0864_1.fastq.gz,s3://amili-analysis-lab/Macrogen/sequencing-data/batch_16-98samples/B16AMD0864_2.fastq.gz
B16AMD0864,BATCH16,,AMDJ-VJBU-TUX4,AMD0864,AMD,SHOTGUN,v3,s3://amili-global-archive/SHOTGUN/v3/batch_16/B16AMD0864/kneaddata/B16AMD0864.fastq,s3://amili-global-archive/SHOTGUN/v3/batch_16/B16AMD0864/kneaddata/B16AMD0864_stat.tsv,s3://amili-global-archive/SHOTGUN/v3/batch_16/B16AMD0864/metaphlan/B16AMD0864_metaphlan.tsv,s3://amili-global-archive/SHOTGUN/v3/batch_16/B16AMD0864/humann/B16AMD0864_pathabundance.tsv,s3://amili-global-archive/SHOTGUN/v3/batch_16/B16AMD0864/humann/B16AMD0864_reaction_ec.tsv,s3://amili-global-archive/SHOTGUN/v3/batch_16/B16AMD0864/humann/B16AMD0864_genefamilies.tsv,s3://amili-global-archive/SHOTGUN/v3/batch_16/B16AMD0864/humann/B16AMD0864_reaction_ko.tsv,s3://amili-analysis-lab/Macrogen/sequencing-data/batch_16-98samples/B16AMD0864_1.fastq.gz,s3://amili-analysis-lab/Macrogen/sequencing-data/batch_16-98samples/B16AMD0864_2.fastq.gz
B16AMD0865,BATCH16,,AMDJ-656S-MJEA,AMD0865,AMD,SHOTGUN,v3,s3://amili-global-archive/SHOTGUN/v3/batch_16-98samples/B16AMD0865/kneaddata/B16AMD0865.fastq,s3://amili-global-archive/SHOTGUN/v3/batch_16-98samples/B16AMD0865/kneaddata/B16AMD0865_stat.tsv,s3://amili-global-archive/SHOTGUN/v3/batch_16-98samples/B16AMD0865/metaphlan/B16AMD0865_metaphlan.tsv,s3://amili-global-archive/SHOTGUN/v3/batch_16-98samples/B16AMD0865/humann/B16AMD0865_pathabundance.tsv,s3://amili-global-archive/SHOTGUN/v3/batch_16-98samples/B16AMD0865/humann/B16AMD0865_reaction_ec.tsv,s3://amili-global-archive/SHOTGUN/v3/batch_16-98samples/B16AMD0865/humann/B16AMD0865_genefamilies.tsv,s3://amili-global-archive/SHOTGUN/v3/batch_16-98samples/B16AMD0865/humann/B16AMD0865_reaction_ko.tsv,s3://amili-analysis-lab/Macrogen/sequencing-data/batch_16-98samples/B16AMD0865_1.fastq.gz,s3://amili-analysis-lab/Macrogen/sequencing-data/batch_16-98samples/B16AMD0865_2.fastq.gz
B16AMD0865,BATCH16,,AMDJ-656S-MJEA,AMD0865,AMD,SHOTGUN,v3,s3://amili-global-archive/SHOTGUN/v3/batch_16/B16AMD0865/kneaddata/B16AMD0865.fastq,s3://amili-global-archive/SHOTGUN/v3/batch_16/B16AMD0865/kneaddata/B16AMD0865_stat.tsv,s3://amili-global-archive/SHOTGUN/v3/batch_16/B16AMD0865/metaphlan/B16AMD0865_metaphlan.tsv,,,,,s3://amili-analysis-lab/Macrogen/sequencing-data/batch_16-98samples/B16AMD0865_1.fastq.gz,s3://amili-analysis-lab/Macrogen/sequencing-data/batch_16-98samples/B16AMD0865_2.fastq.gz
B23AMD0156,BATCH23,,AMDJ-T8Y2-9WU7,AMD0156,AMD,SHOTGUN,v3,s3://amili-global-archive/SHOTGUN/v3/batch_23-34Samples/B23AMD0156/kneaddata/B23AMD0156.fastq,s3://amili-global-archive/SHOTGUN/v3/batch_23-34Samples/B23AMD0156/kneaddata/B23AMD0156_stat.tsv,s3://amili-global-archive/SHOTGUN/v3/batch_23-34Samples/B23AMD0156/metaphlan/B23AMD0156_metaphlan.tsv,s3://amili-global-archive/SHOTGUN/v3/batch_23-34Samples/B23AMD0156/humann/B23AMD0156_pathabundance.tsv,s3://amili-global-archive/SHOTGUN/v3/batch_23-34Samples/B23AMD0156/humann/B23AMD0156_reaction_ec.tsv,s3://amili-global-archive/SHOTGUN/v3/batch_23-34Samples/B23AMD0156/humann/B23AMD0156_genefamilies.tsv,s3://amili-global-archive/SHOTGUN/v3/batch_23-34Samples/B23AMD0156/humann/B23AMD0156_reaction_ko.tsv,s3://amili-analysis-lab/Macrogen/sequencing-data/batch_23-34Samples/B23AMD0156_1.fastq.gz,s3://amili-analysis-lab/Macrogen/sequencing-data/batch_23-34Samples/B23AMD0156_2.fastq.gz
B23AMD0156,BATCH23,,AMDJ-T8Y2-9WU7,AMD0156,AMD,SHOTGUN,v3,s3://amili-global-archive/SHOTGUN/v3/batch_23/B23AMD0156/kneaddata/B23AMD0156.fastq,s3://amili-global-archive/SHOTGUN/v3/batch_23/B23AMD0156/kneaddata/B23AMD0156_stat.tsv,s3://amili-global-archive/SHOTGUN/v3/batch_23/B23AMD0156/metaphlan/B23AMD0156_metaphlan.tsv,s3://amili-global-archive/SHOTGUN/v3/batch_23/B23AMD0156/humann/B23AMD0156_pathabundance.tsv,s3://amili-global-archive/SHOTGUN/v3/batch_23/B23AMD0156/humann/B23AMD0156_reaction_ec.tsv,s3://amili-global-archive/SHOTGUN/v3/batch_23/B23AMD0156/humann/B23AMD0156_genefamilies.tsv,s3://amili-global-archive/SHOTGUN/v3/batch_23/B23AMD0156/humann/B23AMD0156_reaction_ko.tsv,s3://amili-analysis-lab/Macrogen/sequencing-data/batch_23-34Samples/B23AMD0156_1.fastq.gz,s3://amili-analysis-lab/Macrogen/sequencing-data/batch_23-34Samples/B23AMD0156_2.fastq.gz
B23AMD0833,BATCH23,,AMDJ-6JST-NUHZ,AMD0833,AMD,SHOTGUN,v3,s3://amili-global-archive/SHOTGUN/v3/batch_23-34Samples/B23AMD0833/kneaddata/B23AMD0833.fastq,s3://amili-global-archive/SHOTGUN/v3/batch_23-34Samples/B23AMD0833/kneaddata/B23AMD0833_stat.tsv,s3://amili-global-archive/SHOTGUN/v3/batch_23-34Samples/B23AMD0833/metaphlan/B23AMD0833_metaphlan.tsv,s3://amili-global-archive/SHOTGUN/v3/batch_23-34Samples/B23AMD0833/humann/B23AMD0833_pathabundance.tsv,s3://amili-global-archive/SHOTGUN/v3/batch_23-34Samples/B23AMD0833/humann/B23AMD0833_reaction_ec.tsv,s3://amili-global-archive/SHOTGUN/v3/batch_23-34Samples/B23AMD0833/humann/B23AMD0833_genefamilies.tsv,s3://amili-global-archive/SHOTGUN/v3/batch_23-34Samples/B23AMD0833/humann/B23AMD0833_reaction_ko.tsv,s3://amili-analysis-lab/Macrogen/sequencing-data/batch_23-34Samples/B23AMD0833_1.fastq.gz,s3://amili-analysis-lab/Macrogen/sequencing-data/batch_23-34Samples/B23AMD0833_2.fastq.gz
B23AMD0833,BATCH23,,AMDJ-6JST-NUHZ,AMD0833,AMD,SHOTGUN,v3,s3://amili-global-archive/SHOTGUN/v3/batch_23/B23AMD0833/kneaddata/B23AMD0833.fastq,s3://amili-global-archive/SHOTGUN/v3/batch_23/B23AMD0833/kneaddata/B23AMD0833_stat.tsv,s3://amili-global-archive/SHOTGUN/v3/batch_23/B23AMD0833/metaphlan/B23AMD0833_metaphlan.tsv,s3://amili-global-archive/SHOTGUN/v3/batch_23/B23AMD0833/humann/B23AMD0833_pathabundance.tsv,s3://amili-global-archive/SHOTGUN/v3/batch_23/B23AMD0833/humann/B23AMD0833_reaction_ec.tsv,s3://amili-global-archive/SHOTGUN/v3/batch_23/B23AMD0833/humann/B23AMD0833_genefamilies.tsv,s3://amili-global-archive/SHOTGUN/v3/batch_23/B23AMD0833/humann/B23AMD0833_reaction_ko.tsv,s3://amili-analysis-lab/Macrogen/sequencing-data/batch_23-34Samples/B23AMD0833_1.fastq.gz,s3://amili-analysis-lab/Macrogen/sequencing-data/batch_23-34Samples/B23AMD0833_2.fastq.gz
B23AMD0836,BATCH23,,AMDJ-QNNH-GJ9C,AMD0836,AMD,SHOTGUN,v3,s3://amili-global-archive/SHOTGUN/v3/batch_23-34Samples/B23AMD0836/kneaddata/B23AMD0836.fastq,s3://amili-global-archive/SHOTGUN/v3/batch_23-34Samples/B23AMD0836/kneaddata/B23AMD0836_stat.tsv,s3://amili-global-archive/SHOTGUN/v3/batch_23-34Samples/B23AMD0836/metaphlan/B23AMD0836_metaphlan.tsv,s3://amili-global-archive/SHOTGUN/v3/batch_23-34Samples/B23AMD0836/humann/B23AMD0836_pathabundance.tsv,s3://amili-global-archive/SHOTGUN/v3/batch_23-34Samples/B23AMD0836/humann/B23AMD0836_reaction_ec.tsv,s3://amili-global-archive/SHOTGUN/v3/batch_23-34Samples/B23AMD0836/humann/B23AMD0836_genefamilies.tsv,s3://amili-global-archive/SHOTGUN/v3/batch_23-34Samples/B23AMD0836/humann/B23AMD0836_reaction_ko.tsv,s3://amili-analysis-lab/Macrogen/sequencing-data/batch_23-34Samples/B23AMD0836_1.fastq.gz,s3://amili-analysis-lab/Macrogen/sequencing-data/batch_23-34Samples/B23AMD0836_2.fastq.gz
B23AMD0836,BATCH23,,AMDJ-QNNH-GJ9C,AMD0836,AMD,SHOTGUN,v3,s3://amili-global-archive/SHOTGUN/v3/batch_23/B23AMD0836/kneaddata/B23AMD0836.fastq,s3://amili-global-archive/SHOTGUN/v3/batch_23/B23AMD0836/kneaddata/B23AMD0836_stat.tsv,s3://amili-global-archive/SHOTGUN/v3/batch_23/B23AMD0836/metaphlan/B23AMD0836_metaphlan.tsv,,,,,s3://amili-analysis-lab/Macrogen/sequencing-data/batch_23-34Samples/B23AMD0836_1.fastq.gz,s3://amili-analysis-lab/Macrogen/sequencing-data/batch_23-34Samples/B23AMD0836_2.fastq.gz
B23AMD0860,BATCH23,,AMDJ-J4AR-U2R3,AMD0860,AMD,SHOTGUN,v3,s3://amili-global-archive/SHOTGUN/v3/batch_23-34Samples/B23AMD0860/kneaddata/B23AMD0860.fastq,s3://amili-global-archive/SHOTGUN/v3/batch_23-34Samples/B23AMD0860/kneaddata/B23AMD0860_stat.tsv,s3://amili-global-archive/SHOTGUN/v3/batch_23-34Samples/B23AMD0860/metaphlan/B23AMD0860_metaphlan.tsv,s3://amili-global-archive/SHOTGUN/v3/batch_23-34Samples/B23AMD0860/humann/B23AMD0860_pathabundance.tsv,s3://amili-global-archive/SHOTGUN/v3/batch_23-34Samples/B23AMD0860/humann/B23AMD0860_reaction_ec.tsv,s3://amili-global-archive/SHOTGUN/v3/batch_23-34Samples/B23AMD0860/humann/B23AMD0860_genefamilies.tsv,s3://amili-global-archive/SHOTGUN/v3/batch_23-34Samples/B23AMD0860/humann/B23AMD0860_reaction_ko.tsv,s3://amili-analysis-lab/Macrogen/sequencing-data/batch_23-34Samples/B23AMD0860_1.fastq.gz,s3://amili-analysis-lab/Macrogen/sequencing-data/batch_23-34Samples/B23AMD0860_2.fastq.gz
B23AMD0861,BATCH23,,AMDJ-U2M3-9U8R,AMD0861,AMD,SHOTGUN,v3,s3://amili-global-archive/SHOTGUN/v3/batch_23-34Samples/B23AMD0861/kneaddata/B23AMD0861.fastq,s3://amili-global-archive/SHOTGUN/v3/batch_23-34Samples/B23AMD0861/kneaddata/B23AMD0861_stat.tsv,s3://amili-global-archive/SHOTGUN/v3/batch_23-34Samples/B23AMD0861/metaphlan/B23AMD0861_metaphlan.tsv,s3://amili-global-archive/SHOTGUN/v3/batch_23-34Samples/B23AMD0861/humann/B23AMD0861_pathabundance.tsv,s3://amili-global-archive/SHOTGUN/v3/batch_23-34Samples/B23AMD0861/humann/B23AMD0861_reaction_ec.tsv,s3://amili-global-archive/SHOTGUN/v3/batch_23-34Samples/B23AMD0861/humann/B23AMD0861_genefamilies.tsv,s3://amili-global-archive/SHOTGUN/v3/batch_23-34Samples/B23AMD0861/humann/B23AMD0861_reaction_ko.tsv,s3://amili-analysis-lab/Macrogen/sequencing-data/batch_23-34Samples/B23AMD0861_1.fastq.gz,s3://amili-analysis-lab/Macrogen/sequencing-data/batch_23-34Samples/B23AMD0861_2.fastq.gz
B23AMD0862,BATCH23,,AMDJ-M2AC-8UHY,AMD0862,AMD,SHOTGUN,v3,s3://amili-global-archive/SHOTGUN/v3/batch_23-34Samples/B23AMD0862/kneaddata/B23AMD0862.fastq,s3://amili-global-archive/SHOTGUN/v3/batch_23-34Samples/B23AMD0862/kneaddata/B23AMD0862_stat.tsv,s3://amili-global-archive/SHOTGUN/v3/batch_23-34Samples/B23AMD0862/metaphlan/B23AMD0862_metaphlan.tsv,s3://amili-global-archive/SHOTGUN/v3/batch_23-34Samples/B23AMD0862/humann/B23AMD0862_pathabundance.tsv,s3://amili-global-archive/SHOTGUN/v3/batch_23-34Samples/B23AMD0862/humann/B23AMD0862_reaction_ec.tsv,s3://amili-global-archive/SHOTGUN/v3/batch_23-34Samples/B23AMD0862/humann/B23AMD0862_genefamilies.tsv,s3://amili-global-archive/SHOTGUN/v3/batch_23-34Samples/B23AMD0862/humann/B23AMD0862_reaction_ko.tsv,s3://amili-analysis-lab/Macrogen/sequencing-data/batch_23-34Samples/B23AMD0862_1.fastq.gz,s3://amili-analysis-lab/Macrogen/sequencing-data/batch_23-34Samples/B23AMD0862_2.fastq.gz
B23AMD0862,BATCH23,,AMDJ-M2AC-8UHY,AMD0862,AMD,SHOTGUN,v3,s3://amili-global-archive/SHOTGUN/v3/batch_23/B23AMD0862/kneaddata/B23AMD0862.fastq,s3://amili-global-archive/SHOTGUN/v3/batch_23/B23AMD0862/kneaddata/B23AMD0862_stat.tsv,s3://amili-global-archive/SHOTGUN/v3/batch_23/B23AMD0862/metaphlan/B23AMD0862_metaphlan.tsv,s3://amili-global-archive/SHOTGUN/v3/batch_23/B23AMD0862/humann/B23AMD0862_pathabundance.tsv,s3://amili-global-archive/SHOTGUN/v3/batch_23/B23AMD0862/humann/B23AMD0862_reaction_ec.tsv,s3://amili-global-archive/SHOTGUN/v3/batch_23/B23AMD0862/humann/B23AMD0862_genefamilies.tsv,s3://amili-global-archive/SHOTGUN/v3/batch_23/B23AMD0862/humann/B23AMD0862_reaction_ko.tsv,s3://amili-analysis-lab/Macrogen/sequencing-data/batch_23-34Samples/B23AMD0862_1.fastq.gz,s3://amili-analysis-lab/Macrogen/sequencing-data/batch_23-34Samples/B23AMD0862_2.fastq.gz
B23AMD0870,BATCH23,,AMDJ-8D6D-RSH7,AMD0870,AMD,SHOTGUN,v3,s3://amili-global-archive/SHOTGUN/v3/batch_23-34Samples/B23AMD0870/kneaddata/B23AMD0870.fastq,s3://amili-global-archive/SHOTGUN/v3/batch_23-34Samples/B23AMD0870/kneaddata/B23AMD0870_stat.tsv,s3://amili-global-archive/SHOTGUN/v3/batch_23-34Samples/B23AMD0870/metaphlan/B23AMD0870_metaphlan.tsv,s3://amili-global-archive/SHOTGUN/v3/batch_23-34Samples/B23AMD0870/humann/B23AMD0870_pathabundance.tsv,s3://amili-global-archive/SHOTGUN/v3/batch_23-34Samples/B23AMD0870/humann/B23AMD0870_reaction_ec.tsv,s3://amili-global-archive/SHOTGUN/v3/batch_23-34Samples/B23AMD0870/humann/B23AMD0870_genefamilies.tsv,s3://amili-global-archive/SHOTGUN/v3/batch_23-34Samples/B23AMD0870/humann/B23AMD0870_reaction_ko.tsv,s3://amili-analysis-lab/Macrogen/sequencing-data/batch_23-34Samples/B23AMD0870_1.fastq.gz,s3://amili-analysis-lab/Macrogen/sequencing-data/batch_23-34Samples/B23AMD0870_2.fastq.gz
B23AMD0870,BATCH23,,AMDJ-8D6D-RSH7,AMD0870,AMD,SHOTGUN,v3,s3://amili-global-archive/SHOTGUN/v3/batch_23/B23AMD0870/kneaddata/B23AMD0870.fastq,s3://amili-global-archive/SHOTGUN/v3/batch_23/B23AMD0870/kneaddata/B23AMD0870_stat.tsv,s3://amili-global-archive/SHOTGUN/v3/batch_23/B23AMD0870/metaphlan/B23AMD0870_metaphlan.tsv,,,,,s3://amili-analysis-lab/Macrogen/sequencing-data/batch_23-34Samples/B23AMD0870_1.fastq.gz,s3://amili-analysis-lab/Macrogen/sequencing-data/batch_23-34Samples/B23AMD0870_2.fastq.gz
B23AMD0875,BATCH23,,AMDJ-ZACD-WXC4,AMD0875,AMD,SHOTGUN,v3,s3://amili-global-archive/SHOTGUN/v3/batch_23-34Samples/B23AMD0875/kneaddata/B23AMD0875.fastq,s3://amili-global-archive/SHOTGUN/v3/batch_23-34Samples/B23AMD0875/kneaddata/B23AMD0875_stat.tsv,s3://amili-global-archive/SHOTGUN/v3/batch_23-34Samples/B23AMD0875/metaphlan/B23AMD0875_metaphlan.tsv,s3://amili-global-archive/SHOTGUN/v3/batch_23-34Samples/B23AMD0875/humann/B23AMD0875_pathabundance.tsv,s3://amili-global-archive/SHOTGUN/v3/batch_23-34Samples/B23AMD0875/humann/B23AMD0875_reaction_ec.tsv,s3://amili-global-archive/SHOTGUN/v3/batch_23-34Samples/B23AMD0875/humann/B23AMD0875_genefamilies.tsv,s3://amili-global-archive/SHOTGUN/v3/batch_23-34Samples/B23AMD0875/humann/B23AMD0875_reaction_ko.tsv,s3://amili-analysis-lab/Macrogen/sequencing-data/batch_23-34Samples/B23AMD0875_1.fastq.gz,s3://amili-analysis-lab/Macrogen/sequencing-data/batch_23-34Samples/B23AMD0875_2.fastq.gz
B23AMD0875,BATCH23,,AMDJ-ZACD-WXC4,AMD0875,AMD,SHOTGUN,v3,s3://amili-global-archive/SHOTGUN/v3/batch_23/B23AMD0875/kneaddata/B23AMD0875.fastq,s3://amili-global-archive/SHOTGUN/v3/batch_23/B23AMD0875/kneaddata/B23AMD0875_stat.tsv,s3://amili-global-archive/SHOTGUN/v3/batch_23/B23AMD0875/metaphlan/B23AMD0875_metaphlan.tsv,s3://amili-global-archive/SHOTGUN/v3/batch_23/B23AMD0875/humann/B23AMD0875_pathabundance.tsv,s3://amili-global-archive/SHOTGUN/v3/batch_23/B23AMD0875/humann/B23AMD0875_reaction_ec.tsv,s3://amili-global-archive/SHOTGUN/v3/batch_23/B23AMD0875/humann/B23AMD0875_genefamilies.tsv,s3://amili-global-archive/SHOTGUN/v3/batch_23/B23AMD0875/humann/B23AMD0875_reaction_ko.tsv,s3://amili-analysis-lab/Macrogen/sequencing-data/batch_23-34Samples/B23AMD0875_1.fastq.gz,s3://amili-analysis-lab/Macrogen/sequencing-data/batch_23-34Samples/B23AMD0875_2.fastq.gz
B05AML_AMD_0178,BATCH5,,AMDJ-K264-VG3Y,AMD0178,AMD,SHOTGUN,v3,s3://amili-global-archive/SHOTGUN/v3/batch_5/B05AML_AMD_0178/kneaddata/B05AML_AMD_0178.fastq,s3://amili-global-archive/SHOTGUN/v3/batch_5/B05AML_AMD_0178/kneaddata/B05AML_AMD_0178_stat.tsv,s3://amili-global-archive/SHOTGUN/v3/batch_5/B05AML_AMD_0178/metaphlan/B05AML_AMD_0178_metaphlan.tsv,s3://amili-global-archive/SHOTGUN/v3/batch_5/B05AML_AMD_0178/humann/B05AML_AMD_0178_pathabundance.tsv,s3://amili-global-archive/SHOTGUN/v3/batch_5/B05AML_AMD_0178/humann/B05AML_AMD_0178_reaction_ec.tsv,s3://amili-global-archive/SHOTGUN/v3/batch_5/B05AML_AMD_0178/humann/B05AML_AMD_0178_genefamilies.tsv,s3://amili-global-archive/SHOTGUN/v3/batch_5/B05AML_AMD_0178/humann/B05AML_AMD_0178_reaction_ko.tsv,s3://amili-analysis-lab/Macrogen/sequencing-data/batch_5-104samples/B05AML_AMD_0178_1.fastq.gz,s3://amili-analysis-lab/Macrogen/sequencing-data/batch_5-104samples/B05AML_AMD_0178_2.fastq.gz
B05AML_AMD_0293,BATCH5,,AMDJ-2B7M-W3S7,AMD0293,AMD,SHOTGUN,v3,s3://amili-global-archive/SHOTGUN/v3/batch_5/B05AML_AMD_0293/kneaddata/B05AML_AMD_0293.fastq,s3://amili-global-archive/SHOTGUN/v3/batch_5/B05AML_AMD_0293/kneaddata/B05AML_AMD_0293_stat.tsv,s3://amili-global-archive/SHOTGUN/v3/batch_5/B05AML_AMD_0293/metaphlan/B05AML_AMD_0293_metaphlan.tsv,s3://amili-global-archive/SHOTGUN/v3/batch_5/B05AML_AMD_0293/humann/B05AML_AMD_0293_pathabundance.tsv,s3://amili-global-archive/SHOTGUN/v3/batch_5/B05AML_AMD_0293/humann/B05AML_AMD_0293_reaction_ec.tsv,s3://amili-global-archive/SHOTGUN/v3/batch_5/B05AML_AMD_0293/humann/B05AML_AMD_0293_genefamilies.tsv,s3://amili-global-archive/SHOTGUN/v3/batch_5/B05AML_AMD_0293/humann/B05AML_AMD_0293_reaction_ko.tsv,s3://amili-analysis-lab/Macrogen/sequencing-data/batch_5-104samples/B05AML_AMD_0293_1.fastq.gz,s3://amili-analysis-lab/Macrogen/sequencing-data/batch_5-104samples/B05AML_AMD_0293_2.fastq.gz
B05AML_AMD_0298,BATCH5,,AMDJ-FUWY-BBB2,AMD0298,AMD,SHOTGUN,v3,s3://amili-global-archive/SHOTGUN/v3/batch_5/B05AML_AMD_0298/kneaddata/B05AML_AMD_0298.fastq,s3://amili-global-archive/SHOTGUN/v3/batch_5/B05AML_AMD_0298/kneaddata/B05AML_AMD_0298_stat.tsv,s3://amili-global-archive/SHOTGUN/v3/batch_5/B05AML_AMD_0298/metaphlan/B05AML_AMD_0298_metaphlan.tsv,s3://amili-global-archive/SHOTGUN/v3/batch_5/B05AML_AMD_0298/humann/B05AML_AMD_0298_pathabundance.tsv,s3://amili-global-archive/SHOTGUN/v3/batch_5/B05AML_AMD_0298/humann/B05AML_AMD_0298_reaction_ec.tsv,s3://amili-global-archive/SHOTGUN/v3/batch_5/B05AML_AMD_0298/humann/B05AML_AMD_0298_genefamilies.tsv,s3://amili-global-archive/SHOTGUN/v3/batch_5/B05AML_AMD_0298/humann/B05AML_AMD_0298_reaction_ko.tsv,s3://amili-analysis-lab/Macrogen/sequencing-data/batch_5-104samples/B05AML_AMD_0298_1.fastq.gz,s3://amili-analysis-lab/Macrogen/sequencing-data/batch_5-104samples/B05AML_AMD_0298_2.fastq.gz
B05AML_AMD_0304,BATCH5,,AMDJ-Q6AU-GE5D,AMD0304,AMD,SHOTGUN,v3,s3://amili-global-archive/SHOTGUN/v3/batch_5/B05AML_AMD_0304/kneaddata/B05AML_AMD_0304.fastq,s3://amili-global-archive/SHOTGUN/v3/batch_5/B05AML_AMD_0304/kneaddata/B05AML_AMD_0304_stat.tsv,s3://amili-global-archive/SHOTGUN/v3/batch_5/B05AML_AMD_0304/metaphlan/B05AML_AMD_0304_metaphlan.tsv,s3://amili-global-archive/SHOTGUN/v3/batch_5/B05AML_AMD_0304/humann/B05AML_AMD_0304_pathabundance.tsv,s3://amili-global-archive/SHOTGUN/v3/batch_5/B05AML_AMD_0304/humann/B05AML_AMD_0304_reaction_ec.tsv,s3://amili-global-archive/SHOTGUN/v3/batch_5/B05AML_AMD_0304/humann/B05AML_AMD_0304_genefamilies.tsv,s3://amili-global-archive/SHOTGUN/v3/batch_5/B05AML_AMD_0304/humann/B05AML_AMD_0304_reaction_ko.tsv,s3://amili-analysis-lab/Macrogen/sequencing-data/batch_5-104samples/B05AML_AMD_0304_1.fastq.gz,s3://amili-analysis-lab/Macrogen/sequencing-data/batch_5-104samples/B05AML_AMD_0304_2.fastq.gz
B05AML_AMD_0305,BATCH5,,AMDJ-V5J6-DRVU,AMD0305,AMD,SHOTGUN,v3,s3://amili-global-archive/SHOTGUN/v3/batch_5/B05AML_AMD_0305/kneaddata/B05AML_AMD_0305.fastq,s3://amili-global-archive/SHOTGUN/v3/batch_5/B05AML_AMD_0305/kneaddata/B05AML_AMD_0305_stat.tsv,s3://amili-global-archive/SHOTGUN/v3/batch_5/B05AML_AMD_0305/metaphlan/B05AML_AMD_0305_metaphlan.tsv,s3://amili-global-archive/SHOTGUN/v3/batch_5/B05AML_AMD_0305/humann/B05AML_AMD_0305_pathabundance.tsv,s3://amili-global-archive/SHOTGUN/v3/batch_5/B05AML_AMD_0305/humann/B05AML_AMD_0305_reaction_ec.tsv,s3://amili-global-archive/SHOTGUN/v3/batch_5/B05AML_AMD_0305/humann/B05AML_AMD_0305_genefamilies.tsv,s3://amili-global-archive/SHOTGUN/v3/batch_5/B05AML_AMD_0305/humann/B05AML_AMD_0305_reaction_ko.tsv,s3://amili-analysis-lab/Macrogen/sequencing-data/batch_5-104samples/B05AML_AMD_0305_1.fastq.gz,s3://amili-analysis-lab/Macrogen/sequencing-data/batch_5-104samples/B05AML_AMD_0305_2.fastq.gz
B05AML_AMD_0308,BATCH5,,AMDJ-96QX-ZT6E,AMD0308,AMD,SHOTGUN,v3,s3://amili-global-archive/SHOTGUN/v3/batch_5/B05AML_AMD_0308/kneaddata/B05AML_AMD_0308.fastq,s3://amili-global-archive/SHOTGUN/v3/batch_5/B05AML_AMD_0308/kneaddata/B05AML_AMD_0308_stat.tsv,s3://amili-global-archive/SHOTGUN/v3/batch_5/B05AML_AMD_0308/metaphlan/B05AML_AMD_0308_metaphlan.tsv,s3://amili-global-archive/SHOTGUN/v3/batch_5/B05AML_AMD_0308/humann/B05AML_AMD_0308_pathabundance.tsv,s3://amili-global-archive/SHOTGUN/v3/batch_5/B05AML_AMD_0308/humann/B05AML_AMD_0308_reaction_ec.tsv,s3://amili-global-archive/SHOTGUN/v3/batch_5/B05AML_AMD_0308/humann/B05AML_AMD_0308_genefamilies.tsv,s3://amili-global-archive/SHOTGUN/v3/batch_5/B05AML_AMD_0308/humann/B05AML_AMD_0308_reaction_ko.tsv,s3://amili-analysis-lab/Macrogen/sequencing-data/batch_5-104samples/B05AML_AMD_0308_1.fastq.gz,s3://amili-analysis-lab/Macrogen/sequencing-data/batch_5-104samples/B05AML_AMD_0308_2.fastq.gz
B05AML_AMD_0309,BATCH5,,AMDJ-DPJ2-9QN8,AMD0309,AMD,SHOTGUN,v3,s3://amili-global-archive/SHOTGUN/v3/batch_5/B05AML_AMD_0309/kneaddata/B05AML_AMD_0309.fastq,s3://amili-global-archive/SHOTGUN/v3/batch_5/B05AML_AMD_0309/kneaddata/B05AML_AMD_0309_stat.tsv,s3://amili-global-archive/SHOTGUN/v3/batch_5/B05AML_AMD_0309/metaphlan/B05AML_AMD_0309_metaphlan.tsv,s3://amili-global-archive/SHOTGUN/v3/batch_5/B05AML_AMD_0309/humann/B05AML_AMD_0309_pathabundance.tsv,s3://amili-global-archive/SHOTGUN/v3/batch_5/B05AML_AMD_0309/humann/B05AML_AMD_0309_reaction_ec.tsv,s3://amili-global-archive/SHOTGUN/v3/batch_5/B05AML_AMD_0309/humann/B05AML_AMD_0309_genefamilies.tsv,s3://amili-global-archive/SHOTGUN/v3/batch_5/B05AML_AMD_0309/humann/B05AML_AMD_0309_reaction_ko.tsv,s3://amili-analysis-lab/Macrogen/sequencing-data/batch_5-104samples/B05AML_AMD_0309_1.fastq.gz,s3://amili-analysis-lab/Macrogen/sequencing-data/batch_5-104samples/B05AML_AMD_0309_2.fastq.gz
B05AML_AMD_0310,BATCH5,,AMDJ-4KR7-KSTW,AMD0310,AMD,SHOTGUN,v3,s3://amili-global-archive/SHOTGUN/v3/batch_5/B05AML_AMD_0310/kneaddata/B05AML_AMD_0310.fastq,s3://amili-global-archive/SHOTGUN/v3/batch_5/B05AML_AMD_0310/kneaddata/B05AML_AMD_0310_stat.tsv,s3://amili-global-archive/SHOTGUN/v3/batch_5/B05AML_AMD_0310/metaphlan/B05AML_AMD_0310_metaphlan.tsv,s3://amili-global-archive/SHOTGUN/v3/batch_5/B05AML_AMD_0310/humann/B05AML_AMD_0310_pathabundance.tsv,s3://amili-global-archive/SHOTGUN/v3/batch_5/B05AML_AMD_0310/humann/B05AML_AMD_0310_reaction_ec.tsv,s3://amili-global-archive/SHOTGUN/v3/batch_5/B05AML_AMD_0310/humann/B05AML_AMD_0310_genefamilies.tsv,s3://amili-global-archive/SHOTGUN/v3/batch_5/B05AML_AMD_0310/humann/B05AML_AMD_0310_reaction_ko.tsv,s3://amili-analysis-lab/Macrogen/sequencing-data/batch_5-104samples/B05AML_AMD_0310_1.fastq.gz,s3://amili-analysis-lab/Macrogen/sequencing-data/batch_5-104samples/B05AML_AMD_0310_2.fastq.gz
B05AML_AMD_0311,BATCH5,,AMDJ-R327-B4KQ,AMD0311,AMD,SHOTGUN,v3,s3://amili-global-archive/SHOTGUN/v3/batch_5/B05AML_AMD_0311/kneaddata/B05AML_AMD_0311.fastq,s3://amili-global-archive/SHOTGUN/v3/batch_5/B05AML_AMD_0311/kneaddata/B05AML_AMD_0311_stat.tsv,s3://amili-global-archive/SHOTGUN/v3/batch_5/B05AML_AMD_0311/metaphlan/B05AML_AMD_0311_metaphlan.tsv,s3://amili-global-archive/SHOTGUN/v3/batch_5/B05AML_AMD_0311/humann/B05AML_AMD_0311_pathabundance.tsv,s3://amili-global-archive/SHOTGUN/v3/batch_5/B05AML_AMD_0311/humann/B05AML_AMD_0311_reaction_ec.tsv,s3://amili-global-archive/SHOTGUN/v3/batch_5/B05AML_AMD_0311/humann/B05AML_AMD_0311_genefamilies.tsv,s3://amili-global-archive/SHOTGUN/v3/batch_5/B05AML_AMD_0311/humann/B05AML_AMD_0311_reaction_ko.tsv,s3://amili-analysis-lab/Macrogen/sequencing-data/batch_5-104samples/B05AML_AMD_0311_1.fastq.gz,s3://amili-analysis-lab/Macrogen/sequencing-data/batch_5-104samples/B05AML_AMD_0311_2.fastq.gz
B05AML_AMD_0313,BATCH5,,AMDJ-5KTK-5GRB,AMD0313,AMD,SHOTGUN,v3,s3://amili-global-archive/SHOTGUN/v3/batch_5/B05AML_AMD_0313/kneaddata/B05AML_AMD_0313.fastq,s3://amili-global-archive/SHOTGUN/v3/batch_5/B05AML_AMD_0313/kneaddata/B05AML_AMD_0313_stat.tsv,s3://amili-global-archive/SHOTGUN/v3/batch_5/B05AML_AMD_0313/metaphlan/B05AML_AMD_0313_metaphlan.tsv,s3://amili-global-archive/SHOTGUN/v3/batch_5/B05AML_AMD_0313/humann/B05AML_AMD_0313_pathabundance.tsv,s3://amili-global-archive/SHOTGUN/v3/batch_5/B05AML_AMD_0313/humann/B05AML_AMD_0313_reaction_ec.tsv,s3://amili-global-archive/SHOTGUN/v3/batch_5/B05AML_AMD_0313/humann/B05AML_AMD_0313_genefamilies.tsv,s3://amili-global-archive/SHOTGUN/v3/batch_5/B05AML_AMD_0313/humann/B05AML_AMD_0313_reaction_ko.tsv,s3://amili-analysis-lab/Macrogen/sequencing-data/batch_5-104samples/B05AML_AMD_0313_1.fastq.gz,s3://amili-analysis-lab/Macrogen/sequencing-data/batch_5-104samples/B05AML_AMD_0313_2.fastq.gz
B05AML_AMD_0319,BATCH5,,AMDJ-9RBQ-5ZE3,AMD0319,AMD,SHOTGUN,v3,s3://amili-global-archive/SHOTGUN/v3/batch_5/B05AML_AMD_0319/kneaddata/B05AML_AMD_0319.fastq,s3://amili-global-archive/SHOTGUN/v3/batch_5/B05AML_AMD_0319/kneaddata/B05AML_AMD_0319_stat.tsv,s3://amili-global-archive/SHOTGUN/v3/batch_5/B05AML_AMD_0319/metaphlan/B05AML_AMD_0319_metaphlan.tsv,s3://amili-global-archive/SHOTGUN/v3/batch_5/B05AML_AMD_0319/humann/B05AML_AMD_0319_pathabundance.tsv,s3://amili-global-archive/SHOTGUN/v3/batch_5/B05AML_AMD_0319/humann/B05AML_AMD_0319_reaction_ec.tsv,s3://amili-global-archive/SHOTGUN/v3/batch_5/B05AML_AMD_0319/humann/B05AML_AMD_0319_genefamilies.tsv,s3://amili-global-archive/SHOTGUN/v3/batch_5/B05AML_AMD_0319/humann/B05AML_AMD_0319_reaction_ko.tsv,s3://amili-analysis-lab/Macrogen/sequencing-data/batch_5-104samples/B05AML_AMD_0319_1.fastq.gz,s3://amili-analysis-lab/Macrogen/sequencing-data/batch_5-104samples/B05AML_AMD_0319_2.fastq.gz
B05AML_AMD_0322,BATCH5,,AMDJ-VB3F-6ZM3,AMD0322,AMD,SHOTGUN,v3,s3://amili-global-archive/SHOTGUN/v3/batch_5-104samples/B05AML_AMD_0322/kneaddata/B05AML_AMD_0322.fastq,s3://amili-global-archive/SHOTGUN/v3/batch_5-104samples/B05AML_AMD_0322/kneaddata/B05AML_AMD_0322_stat.tsv,s3://amili-global-archive/SHOTGUN/v3/batch_5-104samples/B05AML_AMD_0322/metaphlan/B05AML_AMD_0322_metaphlan.tsv,s3://amili-global-archive/SHOTGUN/v3/batch_5-104samples/B05AML_AMD_0322/humann/B05AML_AMD_0322_pathabundance.tsv,s3://amili-global-archive/SHOTGUN/v3/batch_5-104samples/B05AML_AMD_0322/humann/B05AML_AMD_0322_reaction_ec.tsv,s3://amili-global-archive/SHOTGUN/v3/batch_5-104samples/B05AML_AMD_0322/humann/B05AML_AMD_0322_genefamilies.tsv,s3://amili-global-archive/SHOTGUN/v3/batch_5-104samples/B05AML_AMD_0322/humann/B05AML_AMD_0322_reaction_ko.tsv,s3://amili-analysis-lab/Macrogen/sequencing-data/batch_5-104samples/B05AML_AMD_0322_1.fastq.gz,s3://amili-analysis-lab/Macrogen/sequencing-data/batch_5-104samples/B05AML_AMD_0322_2.fastq.gz
B05AML_AMD_0322,BATCH5,,AMDJ-VB3F-6ZM3,AMD0322,AMD,SHOTGUN,v3,s3://amili-global-archive/SHOTGUN/v3/batch_5/B05AML_AMD_0322/kneaddata/B05AML_AMD_0322.fastq,s3://amili-global-archive/SHOTGUN/v3/batch_5/B05AML_AMD_0322/kneaddata/B05AML_AMD_0322_stat.tsv,s3://amili-global-archive/SHOTGUN/v3/batch_5/B05AML_AMD_0322/metaphlan/B05AML_AMD_0322_metaphlan.tsv,s3://amili-global-archive/SHOTGUN/v3/batch_5/B05AML_AMD_0322/humann/B05AML_AMD_0322_pathabundance.tsv,s3://amili-global-archive/SHOTGUN/v3/batch_5/B05AML_AMD_0322/humann/B05AML_AMD_0322_reaction_ec.tsv,s3://amili-global-archive/SHOTGUN/v3/batch_5/B05AML_AMD_0322/humann/B05AML_AMD_0322_genefamilies.tsv,s3://amili-global-archive/SHOTGUN/v3/batch_5/B05AML_AMD_0322/humann/B05AML_AMD_0322_reaction_ko.tsv,s3://amili-analysis-lab/Macrogen/sequencing-data/batch_5-104samples/B05AML_AMD_0322_1.fastq.gz,s3://amili-analysis-lab/Macrogen/sequencing-data/batch_5-104samples/B05AML_AMD_0322_2.fastq.gz
B05AML_AMD_0325,BATCH5,,AMDJ-DD4Z-5RXR,AMD0325,AMD,SHOTGUN,v3,s3://amili-global-archive/SHOTGUN/v3/batch_5/B05AML_AMD_0325/kneaddata/B05AML_AMD_0325.fastq,s3://amili-global-archive/SHOTGUN/v3/batch_5/B05AML_AMD_0325/kneaddata/B05AML_AMD_0325_stat.tsv,s3://amili-global-archive/SHOTGUN/v3/batch_5/B05AML_AMD_0325/metaphlan/B05AML_AMD_0325_metaphlan.tsv,s3://amili-global-archive/SHOTGUN/v3/batch_5/B05AML_AMD_0325/humann/B05AML_AMD_0325_pathabundance.tsv,s3://amili-global-archive/SHOTGUN/v3/batch_5/B05AML_AMD_0325/humann/B05AML_AMD_0325_reaction_ec.tsv,s3://amili-global-archive/SHOTGUN/v3/batch_5/B05AML_AMD_0325/humann/B05AML_AMD_0325_genefamilies.tsv,s3://amili-global-archive/SHOTGUN/v3/batch_5/B05AML_AMD_0325/humann/B05AML_AMD_0325_reaction_ko.tsv,s3://amili-analysis-lab/Macrogen/sequencing-data/batch_5-104samples/B05AML_AMD_0325_1.fastq.gz,s3://amili-analysis-lab/Macrogen/sequencing-data/batch_5-104samples/B05AML_AMD_0325_2.fastq.gz
B05AML_AMD_0332,BATCH5,,AMDJ-NQDJ-WGHR,AMD0332,AMD,SHOTGUN,v3,s3://amili-global-archive/SHOTGUN/v3/batch_5/B05AML_AMD_0332/kneaddata/B05AML_AMD_0332.fastq,s3://amili-global-archive/SHOTGUN/v3/batch_5/B05AML_AMD_0332/kneaddata/B05AML_AMD_0332_stat.tsv,s3://amili-global-archive/SHOTGUN/v3/batch_5/B05AML_AMD_0332/metaphlan/B05AML_AMD_0332_metaphlan.tsv,s3://amili-global-archive/SHOTGUN/v3/batch_5/B05AML_AMD_0332/humann/B05AML_AMD_0332_pathabundance.tsv,s3://amili-global-archive/SHOTGUN/v3/batch_5/B05AML_AMD_0332/humann/B05AML_AMD_0332_reaction_ec.tsv,s3://amili-global-archive/SHOTGUN/v3/batch_5/B05AML_AMD_0332/humann/B05AML_AMD_0332_genefamilies.tsv,s3://amili-global-archive/SHOTGUN/v3/batch_5/B05AML_AMD_0332/humann/B05AML_AMD_0332_reaction_ko.tsv,s3://amili-analysis-lab/Macrogen/sequencing-data/batch_5-104samples/B05AML_AMD_0332_1.fastq.gz,s3://amili-analysis-lab/Macrogen/sequencing-data/batch_5-104samples/B05AML_AMD_0332_2.fastq.gz
B05AML_AMD_0336,BATCH5,,AMDJ-6DRJ-NUHS,AMD0336,AMD,SHOTGUN,v3,s3://amili-global-archive/SHOTGUN/v3/batch_5/B05AML_AMD_0336/kneaddata/B05AML_AMD_0336.fastq,s3://amili-global-archive/SHOTGUN/v3/batch_5/B05AML_AMD_0336/kneaddata/B05AML_AMD_0336_stat.tsv,s3://amili-global-archive/SHOTGUN/v3/batch_5/B05AML_AMD_0336/metaphlan/B05AML_AMD_0336_metaphlan.tsv,s3://amili-global-archive/SHOTGUN/v3/batch_5/B05AML_AMD_0336/humann/B05AML_AMD_0336_pathabundance.tsv,s3://amili-global-archive/SHOTGUN/v3/batch_5/B05AML_AMD_0336/humann/B05AML_AMD_0336_reaction_ec.tsv,s3://amili-global-archive/SHOTGUN/v3/batch_5/B05AML_AMD_0336/humann/B05AML_AMD_0336_genefamilies.tsv,s3://amili-global-archive/SHOTGUN/v3/batch_5/B05AML_AMD_0336/humann/B05AML_AMD_0336_reaction_ko.tsv,s3://amili-analysis-lab/Macrogen/sequencing-data/batch_5-104samples/B05AML_AMD_0336_1.fastq.gz,s3://amili-analysis-lab/Macrogen/sequencing-data/batch_5-104samples/B05AML_AMD_0336_2.fastq.gz
B05AML_AMD_0338,BATCH5,,AMDJ-WCS5-2WHV,AMD0338,AMD,SHOTGUN,v3,s3://amili-global-archive/SHOTGUN/v3/batch_5/B05AML_AMD_0338/kneaddata/B05AML_AMD_0338.fastq,s3://amili-global-archive/SHOTGUN/v3/batch_5/B05AML_AMD_0338/kneaddata/B05AML_AMD_0338_stat.tsv,s3://amili-global-archive/SHOTGUN/v3/batch_5/B05AML_AMD_0338/metaphlan/B05AML_AMD_0338_metaphlan.tsv,s3://amili-global-archive/SHOTGUN/v3/batch_5/B05AML_AMD_0338/humann/B05AML_AMD_0338_pathabundance.tsv,s3://amili-global-archive/SHOTGUN/v3/batch_5/B05AML_AMD_0338/humann/B05AML_AMD_0338_reaction_ec.tsv,s3://amili-global-archive/SHOTGUN/v3/batch_5/B05AML_AMD_0338/humann/B05AML_AMD_0338_genefamilies.tsv,s3://amili-global-archive/SHOTGUN/v3/batch_5/B05AML_AMD_0338/humann/B05AML_AMD_0338_reaction_ko.tsv,s3://amili-analysis-lab/Macrogen/sequencing-data/batch_5-104samples/B05AML_AMD_0338_1.fastq.gz,s3://amili-analysis-lab/Macrogen/sequencing-data/batch_5-104samples/B05AML_AMD_0338_2.fastq.gz
B05AML_AMD_0340,BATCH5,,AMDJ-GUM8-PEFQ,AMD0340,AMD,SHOTGUN,v3,s3://amili-global-archive/SHOTGUN/v3/batch_5/B05AML_AMD_0340/kneaddata/B05AML_AMD_0340.fastq,s3://amili-global-archive/SHOTGUN/v3/batch_5/B05AML_AMD_0340/kneaddata/B05AML_AMD_0340_stat.tsv,s3://amili-global-archive/SHOTGUN/v3/batch_5/B05AML_AMD_0340/metaphlan/B05AML_AMD_0340_metaphlan.tsv,s3://amili-global-archive/SHOTGUN/v3/batch_5/B05AML_AMD_0340/humann/B05AML_AMD_0340_pathabundance.tsv,s3://amili-global-archive/SHOTGUN/v3/batch_5/B05AML_AMD_0340/humann/B05AML_AMD_0340_reaction_ec.tsv,s3://amili-global-archive/SHOTGUN/v3/batch_5/B05AML_AMD_0340/humann/B05AML_AMD_0340_genefamilies.tsv,s3://amili-global-archive/SHOTGUN/v3/batch_5/B05AML_AMD_0340/humann/B05AML_AMD_0340_reaction_ko.tsv,s3://amili-analysis-lab/Macrogen/sequencing-data/batch_5-104samples/B05AML_AMD_0340_1.fastq.gz,s3://amili-analysis-lab/Macrogen/sequencing-data/batch_5-104samples/B05AML_AMD_0340_2.fastq.gz
B05AML_AMD_0341,BATCH5,,AMDJ-3C5B-SCHQ,AMD0341,AMD,SHOTGUN,v3,s3://amili-global-archive/SHOTGUN/v3/batch_5/B05AML_AMD_0341/kneaddata/B05AML_AMD_0341.fastq,s3://amili-global-archive/SHOTGUN/v3/batch_5/B05AML_AMD_0341/kneaddata/B05AML_AMD_0341_stat.tsv,s3://amili-global-archive/SHOTGUN/v3/batch_5/B05AML_AMD_0341/metaphlan/B05AML_AMD_0341_metaphlan.tsv,s3://amili-global-archive/SHOTGUN/v3/batch_5/B05AML_AMD_0341/humann/B05AML_AMD_0341_pathabundance.tsv,s3://amili-global-archive/SHOTGUN/v3/batch_5/B05AML_AMD_0341/humann/B05AML_AMD_0341_reaction_ec.tsv,s3://amili-global-archive/SHOTGUN/v3/batch_5/B05AML_AMD_0341/humann/B05AML_AMD_0341_genefamilies.tsv,s3://amili-global-archive/SHOTGUN/v3/batch_5/B05AML_AMD_0341/humann/B05AML_AMD_0341_reaction_ko.tsv,s3://amili-analysis-lab/Macrogen/sequencing-data/batch_5-104samples/B05AML_AMD_0341_1.fastq.gz,s3://amili-analysis-lab/Macrogen/sequencing-data/batch_5-104samples/B05AML_AMD_0341_2.fastq.gz
B05AML_AMD_0346,BATCH5,,AMDJ-GCMN-Y87Z,AMD0346,AMD,SHOTGUN,v3,s3://amili-global-archive/SHOTGUN/v3/batch_5/B05AML_AMD_0346/kneaddata/B05AML_AMD_0346.fastq,s3://amili-global-archive/SHOTGUN/v3/batch_5/B05AML_AMD_0346/kneaddata/B05AML_AMD_0346_stat.tsv,s3://amili-global-archive/SHOTGUN/v3/batch_5/B05AML_AMD_0346/metaphlan/B05AML_AMD_0346_metaphlan.tsv,s3://amili-global-archive/SHOTGUN/v3/batch_5/B05AML_AMD_0346/humann/B05AML_AMD_0346_pathabundance.tsv,s3://amili-global-archive/SHOTGUN/v3/batch_5/B05AML_AMD_0346/humann/B05AML_AMD_0346_reaction_ec.tsv,s3://amili-global-archive/SHOTGUN/v3/batch_5/B05AML_AMD_0346/humann/B05AML_AMD_0346_genefamilies.tsv,s3://amili-global-archive/SHOTGUN/v3/batch_5/B05AML_AMD_0346/humann/B05AML_AMD_0346_reaction_ko.tsv,s3://amili-analysis-lab/Macrogen/sequencing-data/batch_5-104samples/B05AML_AMD_0346_1.fastq.gz,s3://amili-analysis-lab/Macrogen/sequencing-data/batch_5-104samples/B05AML_AMD_0346_2.fastq.gz
B05AML_AMD_0353,BATCH5,,AMDJ-H7PP-5F4T,AMD0353,AMD,SHOTGUN,v3,s3://amili-global-archive/SHOTGUN/v3/batch_5/B05AML_AMD_0353/kneaddata/B05AML_AMD_0353.fastq,s3://amili-global-archive/SHOTGUN/v3/batch_5/B05AML_AMD_0353/kneaddata/B05AML_AMD_0353_stat.tsv,s3://amili-global-archive/SHOTGUN/v3/batch_5/B05AML_AMD_0353/metaphlan/B05AML_AMD_0353_metaphlan.tsv,s3://amili-global-archive/SHOTGUN/v3/batch_5/B05AML_AMD_0353/humann/B05AML_AMD_0353_pathabundance.tsv,s3://amili-global-archive/SHOTGUN/v3/batch_5/B05AML_AMD_0353/humann/B05AML_AMD_0353_reaction_ec.tsv,s3://amili-global-archive/SHOTGUN/v3/batch_5/B05AML_AMD_0353/humann/B05AML_AMD_0353_genefamilies.tsv,s3://amili-global-archive/SHOTGUN/v3/batch_5/B05AML_AMD_0353/humann/B05AML_AMD_0353_reaction_ko.tsv,s3://amili-analysis-lab/Macrogen/sequencing-data/batch_5-104samples/B05AML_AMD_0353_1.fastq.gz,s3://amili-analysis-lab/Macrogen/sequencing-data/batch_5-104samples/B05AML_AMD_0353_2.fastq.gz
B05AML_AMD_0355,BATCH5,,AMDJ-MB4H-HCT5,AMD0355,AMD,SHOTGUN,v3,s3://amili-global-archive/SHOTGUN/v3/batch_5/B05AML_AMD_0355/kneaddata/B05AML_AMD_0355.fastq,s3://amili-global-archive/SHOTGUN/v3/batch_5/B05AML_AMD_0355/kneaddata/B05AML_AMD_0355_stat.tsv,s3://amili-global-archive/SHOTGUN/v3/batch_5/B05AML_AMD_0355/metaphlan/B05AML_AMD_0355_metaphlan.tsv,s3://amili-global-archive/SHOTGUN/v3/batch_5/B05AML_AMD_0355/humann/B05AML_AMD_0355_pathabundance.tsv,s3://amili-global-archive/SHOTGUN/v3/batch_5/B05AML_AMD_0355/humann/B05AML_AMD_0355_reaction_ec.tsv,s3://amili-global-archive/SHOTGUN/v3/batch_5/B05AML_AMD_0355/humann/B05AML_AMD_0355_genefamilies.tsv,s3://amili-global-archive/SHOTGUN/v3/batch_5/B05AML_AMD_0355/humann/B05AML_AMD_0355_reaction_ko.tsv,s3://amili-analysis-lab/Macrogen/sequencing-data/batch_5-104samples/B05AML_AMD_0355_1.fastq.gz,s3://amili-analysis-lab/Macrogen/sequencing-data/batch_5-104samples/B05AML_AMD_0355_2.fastq.gz
B05AML_AMD_0358,BATCH5,,AMDJ-CYFK-C78Y,AMD0358,AMD,SHOTGUN,v3,s3://amili-global-archive/SHOTGUN/v3/batch_5/B05AML_AMD_0358/kneaddata/B05AML_AMD_0358.fastq,s3://amili-global-archive/SHOTGUN/v3/batch_5/B05AML_AMD_0358/kneaddata/B05AML_AMD_0358_stat.tsv,s3://amili-global-archive/SHOTGUN/v3/batch_5/B05AML_AMD_0358/metaphlan/B05AML_AMD_0358_metaphlan.tsv,s3://amili-global-archive/SHOTGUN/v3/batch_5/B05AML_AMD_0358/humann/B05AML_AMD_0358_pathabundance.tsv,s3://amili-global-archive/SHOTGUN/v3/batch_5/B05AML_AMD_0358/humann/B05AML_AMD_0358_reaction_ec.tsv,s3://amili-global-archive/SHOTGUN/v3/batch_5/B05AML_AMD_0358/humann/B05AML_AMD_0358_genefamilies.tsv,s3://amili-global-archive/SHOTGUN/v3/batch_5/B05AML_AMD_0358/humann/B05AML_AMD_0358_reaction_ko.tsv,s3://amili-analysis-lab/Macrogen/sequencing-data/batch_5-104samples/B05AML_AMD_0358_1.fastq.gz,s3://amili-analysis-lab/Macrogen/sequencing-data/batch_5-104samples/B05AML_AMD_0358_2.fastq.gz
B05AML_AMD_0360,BATCH5,,AMDJ-UYE9-52ZG,AMD0360,AMD,SHOTGUN,v3,s3://amili-global-archive/SHOTGUN/v3/batch_5/B05AML_AMD_0360/kneaddata/B05AML_AMD_0360.fastq,s3://amili-global-archive/SHOTGUN/v3/batch_5/B05AML_AMD_0360/kneaddata/B05AML_AMD_0360_stat.tsv,s3://amili-global-archive/SHOTGUN/v3/batch_5/B05AML_AMD_0360/metaphlan/B05AML_AMD_0360_metaphlan.tsv,s3://amili-global-archive/SHOTGUN/v3/batch_5/B05AML_AMD_0360/humann/B05AML_AMD_0360_pathabundance.tsv,s3://amili-global-archive/SHOTGUN/v3/batch_5/B05AML_AMD_0360/humann/B05AML_AMD_0360_reaction_ec.tsv,s3://amili-global-archive/SHOTGUN/v3/batch_5/B05AML_AMD_0360/humann/B05AML_AMD_0360_genefamilies.tsv,s3://amili-global-archive/SHOTGUN/v3/batch_5/B05AML_AMD_0360/humann/B05AML_AMD_0360_reaction_ko.tsv,s3://amili-analysis-lab/Macrogen/sequencing-data/batch_5-104samples/B05AML_AMD_0360_1.fastq.gz,s3://amili-analysis-lab/Macrogen/sequencing-data/batch_5-104samples/B05AML_AMD_0360_2.fastq.gz
B05AML_AMD_0361,BATCH5,,AMDJ-R243-JTNA,AMD0361,AMD,SHOTGUN,v3,s3://amili-global-archive/SHOTGUN/v3/batch_5/B05AML_AMD_0361/kneaddata/B05AML_AMD_0361.fastq,s3://amili-global-archive/SHOTGUN/v3/batch_5/B05AML_AMD_0361/kneaddata/B05AML_AMD_0361_stat.tsv,s3://amili-global-archive/SHOTGUN/v3/batch_5/B05AML_AMD_0361/metaphlan/B05AML_AMD_0361_metaphlan.tsv,s3://amili-global-archive/SHOTGUN/v3/batch_5/B05AML_AMD_0361/humann/B05AML_AMD_0361_pathabundance.tsv,s3://amili-global-archive/SHOTGUN/v3/batch_5/B05AML_AMD_0361/humann/B05AML_AMD_0361_reaction_ec.tsv,s3://amili-global-archive/SHOTGUN/v3/batch_5/B05AML_AMD_0361/humann/B05AML_AMD_0361_genefamilies.tsv,s3://amili-global-archive/SHOTGUN/v3/batch_5/B05AML_AMD_0361/humann/B05AML_AMD_0361_reaction_ko.tsv,s3://amili-analysis-lab/Macrogen/sequencing-data/batch_5-104samples/B05AML_AMD_0361_1.fastq.gz,s3://amili-analysis-lab/Macrogen/sequencing-data/batch_5-104samples/B05AML_AMD_0361_2.fastq.gz
B05AML_AMD_0362,BATCH5,,AMDJ-P4Q4-5B4R,AMD0362,AMD,SHOTGUN,v3,s3://amili-global-archive/SHOTGUN/v3/batch_5/B05AML_AMD_0362/kneaddata/B05AML_AMD_0362.fastq,s3://amili-global-archive/SHOTGUN/v3/batch_5/B05AML_AMD_0362/kneaddata/B05AML_AMD_0362_stat.tsv,s3://amili-global-archive/SHOTGUN/v3/batch_5/B05AML_AMD_0362/metaphlan/B05AML_AMD_0362_metaphlan.tsv,s3://amili-global-archive/SHOTGUN/v3/batch_5/B05AML_AMD_0362/humann/B05AML_AMD_0362_pathabundance.tsv,s3://amili-global-archive/SHOTGUN/v3/batch_5/B05AML_AMD_0362/humann/B05AML_AMD_0362_reaction_ec.tsv,s3://amili-global-archive/SHOTGUN/v3/batch_5/B05AML_AMD_0362/humann/B05AML_AMD_0362_genefamilies.tsv,s3://amili-global-archive/SHOTGUN/v3/batch_5/B05AML_AMD_0362/humann/B05AML_AMD_0362_reaction_ko.tsv,s3://amili-analysis-lab/Macrogen/sequencing-data/batch_5-104samples/B05AML_AMD_0362_1.fastq.gz,s3://amili-analysis-lab/Macrogen/sequencing-data/batch_5-104samples/B05AML_AMD_0362_2.fastq.gz
B05AML_AMD_0363,BATCH5,,AMDJ-AE32-CSCQ,AMD0363,AMD,SHOTGUN,v3,s3://amili-global-archive/SHOTGUN/v3/batch_5/B05AML_AMD_0363/kneaddata/B05AML_AMD_0363.fastq,s3://amili-global-archive/SHOTGUN/v3/batch_5/B05AML_AMD_0363/kneaddata/B05AML_AMD_0363_stat.tsv,s3://amili-global-archive/SHOTGUN/v3/batch_5/B05AML_AMD_0363/metaphlan/B05AML_AMD_0363_metaphlan.tsv,s3://amili-global-archive/SHOTGUN/v3/batch_5/B05AML_AMD_0363/humann/B05AML_AMD_0363_pathabundance.tsv,s3://amili-global-archive/SHOTGUN/v3/batch_5/B05AML_AMD_0363/humann/B05AML_AMD_0363_reaction_ec.tsv,s3://amili-global-archive/SHOTGUN/v3/batch_5/B05AML_AMD_0363/humann/B05AML_AMD_0363_genefamilies.tsv,s3://amili-global-archive/SHOTGUN/v3/batch_5/B05AML_AMD_0363/humann/B05AML_AMD_0363_reaction_ko.tsv,s3://amili-analysis-lab/Macrogen/sequencing-data/batch_5-104samples/B05AML_AMD_0363_1.fastq.gz,s3://amili-analysis-lab/Macrogen/sequencing-data/batch_5-104samples/B05AML_AMD_0363_2.fastq.gz
B05AML_AMD_0365,BATCH5,,AMDJ-C4NV-2G6V,AMD0365,AMD,SHOTGUN,v3,s3://amili-global-archive/SHOTGUN/v3/batch_5/B05AML_AMD_0365/kneaddata/B05AML_AMD_0365.fastq,s3://amili-global-archive/SHOTGUN/v3/batch_5/B05AML_AMD_0365/kneaddata/B05AML_AMD_0365_stat.tsv,s3://amili-global-archive/SHOTGUN/v3/batch_5/B05AML_AMD_0365/metaphlan/B05AML_AMD_0365_metaphlan.tsv,s3://amili-global-archive/SHOTGUN/v3/batch_5/B05AML_AMD_0365/humann/B05AML_AMD_0365_pathabundance.tsv,s3://amili-global-archive/SHOTGUN/v3/batch_5/B05AML_AMD_0365/humann/B05AML_AMD_0365_reaction_ec.tsv,s3://amili-global-archive/SHOTGUN/v3/batch_5/B05AML_AMD_0365/humann/B05AML_AMD_0365_genefamilies.tsv,s3://amili-global-archive/SHOTGUN/v3/batch_5/B05AML_AMD_0365/humann/B05AML_AMD_0365_reaction_ko.tsv,s3://amili-analysis-lab/Macrogen/sequencing-data/batch_5-104samples/B05AML_AMD_0365_1.fastq.gz,s3://amili-analysis-lab/Macrogen/sequencing-data/batch_5-104samples/B05AML_AMD_0365_2.fastq.gz
B05AML_AMD_0370,BATCH5,,QD64-MTDJ-HKUP,AMD0370,AMD,SHOTGUN,v3,s3://amili-global-archive/SHOTGUN/v3/batch_5/B05AML_AMD_0370/kneaddata/B05AML_AMD_0370.fastq,s3://amili-global-archive/SHOTGUN/v3/batch_5/B05AML_AMD_0370/kneaddata/B05AML_AMD_0370_stat.tsv,s3://amili-global-archive/SHOTGUN/v3/batch_5/B05AML_AMD_0370/metaphlan/B05AML_AMD_0370_metaphlan.tsv,s3://amili-global-archive/SHOTGUN/v3/batch_5/B05AML_AMD_0370/humann/B05AML_AMD_0370_pathabundance.tsv,s3://amili-global-archive/SHOTGUN/v3/batch_5/B05AML_AMD_0370/humann/B05AML_AMD_0370_reaction_ec.tsv,s3://amili-global-archive/SHOTGUN/v3/batch_5/B05AML_AMD_0370/humann/B05AML_AMD_0370_genefamilies.tsv,s3://amili-global-archive/SHOTGUN/v3/batch_5/B05AML_AMD_0370/humann/B05AML_AMD_0370_reaction_ko.tsv,s3://amili-analysis-lab/Macrogen/sequencing-data/batch_5-104samples/B05AML_AMD_0370_1.fastq.gz,s3://amili-analysis-lab/Macrogen/sequencing-data/batch_5-104samples/B05AML_AMD_0370_2.fastq.gz
B05AML_AMD_0374,BATCH5,,AMDJ-7N5W-QMKJ,AMD0374,AMD,SHOTGUN,v3,s3://amili-global-archive/SHOTGUN/v3/batch_5/B05AML_AMD_0374/kneaddata/B05AML_AMD_0374.fastq,s3://amili-global-archive/SHOTGUN/v3/batch_5/B05AML_AMD_0374/kneaddata/B05AML_AMD_0374_stat.tsv,s3://amili-global-archive/SHOTGUN/v3/batch_5/B05AML_AMD_0374/metaphlan/B05AML_AMD_0374_metaphlan.tsv,s3://amili-global-archive/SHOTGUN/v3/batch_5/B05AML_AMD_0374/humann/B05AML_AMD_0374_pathabundance.tsv,s3://amili-global-archive/SHOTGUN/v3/batch_5/B05AML_AMD_0374/humann/B05AML_AMD_0374_reaction_ec.tsv,s3://amili-global-archive/SHOTGUN/v3/batch_5/B05AML_AMD_0374/humann/B05AML_AMD_0374_genefamilies.tsv,s3://amili-global-archive/SHOTGUN/v3/batch_5/B05AML_AMD_0374/humann/B05AML_AMD_0374_reaction_ko.tsv,s3://amili-analysis-lab/Macrogen/sequencing-data/batch_5-104samples/B05AML_AMD_0374_1.fastq.gz,s3://amili-analysis-lab/Macrogen/sequencing-data/batch_5-104samples/B05AML_AMD_0374_2.fastq.gz
B05AML_AMD_0378,BATCH5,,AMDJ-KZC5-AMD5,AMD0378,AMD,SHOTGUN,v3,s3://amili-global-archive/SHOTGUN/v3/batch_5/B05AML_AMD_0378/kneaddata/B05AML_AMD_0378.fastq,s3://amili-global-archive/SHOTGUN/v3/batch_5/B05AML_AMD_0378/kneaddata/B05AML_AMD_0378_stat.tsv,s3://amili-global-archive/SHOTGUN/v3/batch_5/B05AML_AMD_0378/metaphlan/B05AML_AMD_0378_metaphlan.tsv,s3://amili-global-archive/SHOTGUN/v3/batch_5/B05AML_AMD_0378/humann/B05AML_AMD_0378_pathabundance.tsv,s3://amili-global-archive/SHOTGUN/v3/batch_5/B05AML_AMD_0378/humann/B05AML_AMD_0378_reaction_ec.tsv,s3://amili-global-archive/SHOTGUN/v3/batch_5/B05AML_AMD_0378/humann/B05AML_AMD_0378_genefamilies.tsv,s3://amili-global-archive/SHOTGUN/v3/batch_5/B05AML_AMD_0378/humann/B05AML_AMD_0378_reaction_ko.tsv,s3://amili-analysis-lab/Macrogen/sequencing-data/batch_5-104samples/B05AML_AMD_0378_1.fastq.gz,s3://amili-analysis-lab/Macrogen/sequencing-data/batch_5-104samples/B05AML_AMD_0378_2.fastq.gz
B05AML_AMD_0380,BATCH5,,AMDJ-CMN9-2DEP,AMD0380,AMD,SHOTGUN,v3,s3://amili-global-archive/SHOTGUN/v3/batch_5/B05AML_AMD_0380/kneaddata/B05AML_AMD_0380.fastq,s3://amili-global-archive/SHOTGUN/v3/batch_5/B05AML_AMD_0380/kneaddata/B05AML_AMD_0380_stat.tsv,s3://amili-global-archive/SHOTGUN/v3/batch_5/B05AML_AMD_0380/metaphlan/B05AML_AMD_0380_metaphlan.tsv,s3://amili-global-archive/SHOTGUN/v3/batch_5/B05AML_AMD_0380/humann/B05AML_AMD_0380_pathabundance.tsv,s3://amili-global-archive/SHOTGUN/v3/batch_5/B05AML_AMD_0380/humann/B05AML_AMD_0380_reaction_ec.tsv,s3://amili-global-archive/SHOTGUN/v3/batch_5/B05AML_AMD_0380/humann/B05AML_AMD_0380_genefamilies.tsv,s3://amili-global-archive/SHOTGUN/v3/batch_5/B05AML_AMD_0380/humann/B05AML_AMD_0380_reaction_ko.tsv,s3://amili-analysis-lab/Macrogen/sequencing-data/batch_5-104samples/B05AML_AMD_0380_1.fastq.gz,s3://amili-analysis-lab/Macrogen/sequencing-data/batch_5-104samples/B05AML_AMD_0380_2.fastq.gz
B05AML_AMD_0381,BATCH5,,AMDJ-2RU4-FUSM,AMD0381,AMD,SHOTGUN,v3,s3://amili-global-archive/SHOTGUN/v3/batch_5/B05AML_AMD_0381/kneaddata/B05AML_AMD_0381.fastq,s3://amili-global-archive/SHOTGUN/v3/batch_5/B05AML_AMD_0381/kneaddata/B05AML_AMD_0381_stat.tsv,s3://amili-global-archive/SHOTGUN/v3/batch_5/B05AML_AMD_0381/metaphlan/B05AML_AMD_0381_metaphlan.tsv,s3://amili-global-archive/SHOTGUN/v3/batch_5/B05AML_AMD_0381/humann/B05AML_AMD_0381_pathabundance.tsv,s3://amili-global-archive/SHOTGUN/v3/batch_5/B05AML_AMD_0381/humann/B05AML_AMD_0381_reaction_ec.tsv,s3://amili-global-archive/SHOTGUN/v3/batch_5/B05AML_AMD_0381/humann/B05AML_AMD_0381_genefamilies.tsv,s3://amili-global-archive/SHOTGUN/v3/batch_5/B05AML_AMD_0381/humann/B05AML_AMD_0381_reaction_ko.tsv,s3://amili-analysis-lab/Macrogen/sequencing-data/batch_5-104samples/B05AML_AMD_0381_1.fastq.gz,s3://amili-analysis-lab/Macrogen/sequencing-data/batch_5-104samples/B05AML_AMD_0381_2.fastq.gz
B05AML_AMD_0384,BATCH5,,AMDJ-2VTG-SSYH,AMD0384,AMD,SHOTGUN,v3,s3://amili-global-archive/SHOTGUN/v3/batch_5/B05AML_AMD_0384/kneaddata/B05AML_AMD_0384.fastq,s3://amili-global-archive/SHOTGUN/v3/batch_5/B05AML_AMD_0384/kneaddata/B05AML_AMD_0384_stat.tsv,s3://amili-global-archive/SHOTGUN/v3/batch_5/B05AML_AMD_0384/metaphlan/B05AML_AMD_0384_metaphlan.tsv,s3://amili-global-archive/SHOTGUN/v3/batch_5/B05AML_AMD_0384/humann/B05AML_AMD_0384_pathabundance.tsv,s3://amili-global-archive/SHOTGUN/v3/batch_5/B05AML_AMD_0384/humann/B05AML_AMD_0384_reaction_ec.tsv,s3://amili-global-archive/SHOTGUN/v3/batch_5/B05AML_AMD_0384/humann/B05AML_AMD_0384_genefamilies.tsv,s3://amili-global-archive/SHOTGUN/v3/batch_5/B05AML_AMD_0384/humann/B05AML_AMD_0384_reaction_ko.tsv,s3://amili-analysis-lab/Macrogen/sequencing-data/batch_5-104samples/B05AML_AMD_0384_1.fastq.gz,s3://amili-analysis-lab/Macrogen/sequencing-data/batch_5-104samples/B05AML_AMD_0384_2.fastq.gz
B05AML_AMD_0387,BATCH5,,AMDJ-BURM-YNRV,AMD0387,AMD,SHOTGUN,v3,s3://amili-global-archive/SHOTGUN/v3/batch_5/B05AML_AMD_0387/kneaddata/B05AML_AMD_0387.fastq,s3://amili-global-archive/SHOTGUN/v3/batch_5/B05AML_AMD_0387/kneaddata/B05AML_AMD_0387_stat.tsv,s3://amili-global-archive/SHOTGUN/v3/batch_5/B05AML_AMD_0387/metaphlan/B05AML_AMD_0387_metaphlan.tsv,s3://amili-global-archive/SHOTGUN/v3/batch_5/B05AML_AMD_0387/humann/B05AML_AMD_0387_pathabundance.tsv,s3://amili-global-archive/SHOTGUN/v3/batch_5/B05AML_AMD_0387/humann/B05AML_AMD_0387_reaction_ec.tsv,s3://amili-global-archive/SHOTGUN/v3/batch_5/B05AML_AMD_0387/humann/B05AML_AMD_0387_genefamilies.tsv,s3://amili-global-archive/SHOTGUN/v3/batch_5/B05AML_AMD_0387/humann/B05AML_AMD_0387_reaction_ko.tsv,s3://amili-analysis-lab/Macrogen/sequencing-data/batch_5-104samples/B05AML_AMD_0387_1.fastq.gz,s3://amili-analysis-lab/Macrogen/sequencing-data/batch_5-104samples/B05AML_AMD_0387_2.fastq.gz
B05AML_AMD_0388,BATCH5,,AMDJ-BBK5-942N,AMD0388,AMD,SHOTGUN,v3,s3://amili-global-archive/SHOTGUN/v3/batch_5/B05AML_AMD_0388/kneaddata/B05AML_AMD_0388.fastq,s3://amili-global-archive/SHOTGUN/v3/batch_5/B05AML_AMD_0388/kneaddata/B05AML_AMD_0388_stat.tsv,s3://amili-global-archive/SHOTGUN/v3/batch_5/B05AML_AMD_0388/metaphlan/B05AML_AMD_0388_metaphlan.tsv,s3://amili-global-archive/SHOTGUN/v3/batch_5/B05AML_AMD_0388/humann/B05AML_AMD_0388_pathabundance.tsv,s3://amili-global-archive/SHOTGUN/v3/batch_5/B05AML_AMD_0388/humann/B05AML_AMD_0388_reaction_ec.tsv,s3://amili-global-archive/SHOTGUN/v3/batch_5/B05AML_AMD_0388/humann/B05AML_AMD_0388_genefamilies.tsv,s3://amili-global-archive/SHOTGUN/v3/batch_5/B05AML_AMD_0388/humann/B05AML_AMD_0388_reaction_ko.tsv,s3://amili-analysis-lab/Macrogen/sequencing-data/batch_5-104samples/B05AML_AMD_0388_1.fastq.gz,s3://amili-analysis-lab/Macrogen/sequencing-data/batch_5-104samples/B05AML_AMD_0388_2.fastq.gz
B05AML_AMD_0394,BATCH5,,27FS-4FYW-2RX8,AMD0394,AMD,SHOTGUN,v3,s3://amili-global-archive/SHOTGUN/v3/batch_5/B05AML_AMD_0394/kneaddata/B05AML_AMD_0394.fastq,s3://amili-global-archive/SHOTGUN/v3/batch_5/B05AML_AMD_0394/kneaddata/B05AML_AMD_0394_stat.tsv,s3://amili-global-archive/SHOTGUN/v3/batch_5/B05AML_AMD_0394/metaphlan/B05AML_AMD_0394_metaphlan.tsv,s3://amili-global-archive/SHOTGUN/v3/batch_5/B05AML_AMD_0394/humann/B05AML_AMD_0394_pathabundance.tsv,s3://amili-global-archive/SHOTGUN/v3/batch_5/B05AML_AMD_0394/humann/B05AML_AMD_0394_reaction_ec.tsv,s3://amili-global-archive/SHOTGUN/v3/batch_5/B05AML_AMD_0394/humann/B05AML_AMD_0394_genefamilies.tsv,s3://amili-global-archive/SHOTGUN/v3/batch_5/B05AML_AMD_0394/humann/B05AML_AMD_0394_reaction_ko.tsv,s3://amili-analysis-lab/Macrogen/sequencing-data/batch_5-104samples/B05AML_AMD_0394_1.fastq.gz,s3://amili-analysis-lab/Macrogen/sequencing-data/batch_5-104samples/B05AML_AMD_0394_2.fastq.gz
B05AML_AMD_0403,BATCH5,,AMDJ-73NB-2ZG6,AMD0403,AMD,SHOTGUN,v3,s3://amili-global-archive/SHOTGUN/v3/batch_5/B05AML_AMD_0403/kneaddata/B05AML_AMD_0403.fastq,s3://amili-global-archive/SHOTGUN/v3/batch_5/B05AML_AMD_0403/kneaddata/B05AML_AMD_0403_stat.tsv,s3://amili-global-archive/SHOTGUN/v3/batch_5/B05AML_AMD_0403/metaphlan/B05AML_AMD_0403_metaphlan.tsv,s3://amili-global-archive/SHOTGUN/v3/batch_5/B05AML_AMD_0403/humann/B05AML_AMD_0403_pathabundance.tsv,s3://amili-global-archive/SHOTGUN/v3/batch_5/B05AML_AMD_0403/humann/B05AML_AMD_0403_reaction_ec.tsv,s3://amili-global-archive/SHOTGUN/v3/batch_5/B05AML_AMD_0403/humann/B05AML_AMD_0403_genefamilies.tsv,s3://amili-global-archive/SHOTGUN/v3/batch_5/B05AML_AMD_0403/humann/B05AML_AMD_0403_reaction_ko.tsv,s3://amili-analysis-lab/Macrogen/sequencing-data/batch_5-104samples/B05AML_AMD_0403_1.fastq.gz,s3://amili-analysis-lab/Macrogen/sequencing-data/batch_5-104samples/B05AML_AMD_0403_2.fastq.gz
B05AML_AMD_0406,BATCH5,,AMDJ-GJ4T-Y2D8,AMD0406,AMD,SHOTGUN,v3,s3://amili-global-archive/SHOTGUN/v3/batch_5/B05AML_AMD_0406/kneaddata/B05AML_AMD_0406.fastq,s3://amili-global-archive/SHOTGUN/v3/batch_5/B05AML_AMD_0406/kneaddata/B05AML_AMD_0406_stat.tsv,s3://amili-global-archive/SHOTGUN/v3/batch_5/B05AML_AMD_0406/metaphlan/B05AML_AMD_0406_metaphlan.tsv,s3://amili-global-archive/SHOTGUN/v3/batch_5/B05AML_AMD_0406/humann/B05AML_AMD_0406_pathabundance.tsv,s3://amili-global-archive/SHOTGUN/v3/batch_5/B05AML_AMD_0406/humann/B05AML_AMD_0406_reaction_ec.tsv,s3://amili-global-archive/SHOTGUN/v3/batch_5/B05AML_AMD_0406/humann/B05AML_AMD_0406_genefamilies.tsv,s3://amili-global-archive/SHOTGUN/v3/batch_5/B05AML_AMD_0406/humann/B05AML_AMD_0406_reaction_ko.tsv,s3://amili-analysis-lab/Macrogen/sequencing-data/batch_5-104samples/B05AML_AMD_0406_1.fastq.gz,s3://amili-analysis-lab/Macrogen/sequencing-data/batch_5-104samples/B05AML_AMD_0406_2.fastq.gz
B05AML_AMD_0407,BATCH5,,AMDJ-KBW2-2R7H,AMD0407,AMD,SHOTGUN,v3,s3://amili-global-archive/SHOTGUN/v3/batch_5/B05AML_AMD_0407/kneaddata/B05AML_AMD_0407.fastq,s3://amili-global-archive/SHOTGUN/v3/batch_5/B05AML_AMD_0407/kneaddata/B05AML_AMD_0407_stat.tsv,s3://amili-global-archive/SHOTGUN/v3/batch_5/B05AML_AMD_0407/metaphlan/B05AML_AMD_0407_metaphlan.tsv,s3://amili-global-archive/SHOTGUN/v3/batch_5/B05AML_AMD_0407/humann/B05AML_AMD_0407_pathabundance.tsv,s3://amili-global-archive/SHOTGUN/v3/batch_5/B05AML_AMD_0407/humann/B05AML_AMD_0407_reaction_ec.tsv,s3://amili-global-archive/SHOTGUN/v3/batch_5/B05AML_AMD_0407/humann/B05AML_AMD_0407_genefamilies.tsv,s3://amili-global-archive/SHOTGUN/v3/batch_5/B05AML_AMD_0407/humann/B05AML_AMD_0407_reaction_ko.tsv,s3://amili-analysis-lab/Macrogen/sequencing-data/batch_5-104samples/B05AML_AMD_0407_1.fastq.gz,s3://amili-analysis-lab/Macrogen/sequencing-data/batch_5-104samples/B05AML_AMD_0407_2.fastq.gz
B05AML_AMD_0409,BATCH5,,AMDJ-4UEM-SN6T,AMD0409,AMD,SHOTGUN,v3,s3://amili-global-archive/SHOTGUN/v3/batch_5/B05AML_AMD_0409/kneaddata/B05AML_AMD_0409.fastq,s3://amili-global-archive/SHOTGUN/v3/batch_5/B05AML_AMD_0409/kneaddata/B05AML_AMD_0409_stat.tsv,s3://amili-global-archive/SHOTGUN/v3/batch_5/B05AML_AMD_0409/metaphlan/B05AML_AMD_0409_metaphlan.tsv,s3://amili-global-archive/SHOTGUN/v3/batch_5/B05AML_AMD_0409/humann/B05AML_AMD_0409_pathabundance.tsv,s3://amili-global-archive/SHOTGUN/v3/batch_5/B05AML_AMD_0409/humann/B05AML_AMD_0409_reaction_ec.tsv,s3://amili-global-archive/SHOTGUN/v3/batch_5/B05AML_AMD_0409/humann/B05AML_AMD_0409_genefamilies.tsv,s3://amili-global-archive/SHOTGUN/v3/batch_5/B05AML_AMD_0409/humann/B05AML_AMD_0409_reaction_ko.tsv,s3://amili-analysis-lab/Macrogen/sequencing-data/batch_5-104samples/B05AML_AMD_0409_1.fastq.gz,s3://amili-analysis-lab/Macrogen/sequencing-data/batch_5-104samples/B05AML_AMD_0409_2.fastq.gz
B05AML_AMD_0412,BATCH5,,AMDJ-TCYN-J9ZE,AMD0412,AMD,SHOTGUN,v3,s3://amili-global-archive/SHOTGUN/v3/batch_5/B05AML_AMD_0412/kneaddata/B05AML_AMD_0412.fastq,s3://amili-global-archive/SHOTGUN/v3/batch_5/B05AML_AMD_0412/kneaddata/B05AML_AMD_0412_stat.tsv,s3://amili-global-archive/SHOTGUN/v3/batch_5/B05AML_AMD_0412/metaphlan/B05AML_AMD_0412_metaphlan.tsv,s3://amili-global-archive/SHOTGUN/v3/batch_5/B05AML_AMD_0412/humann/B05AML_AMD_0412_pathabundance.tsv,s3://amili-global-archive/SHOTGUN/v3/batch_5/B05AML_AMD_0412/humann/B05AML_AMD_0412_reaction_ec.tsv,s3://amili-global-archive/SHOTGUN/v3/batch_5/B05AML_AMD_0412/humann/B05AML_AMD_0412_genefamilies.tsv,s3://amili-global-archive/SHOTGUN/v3/batch_5/B05AML_AMD_0412/humann/B05AML_AMD_0412_reaction_ko.tsv,s3://amili-analysis-lab/Macrogen/sequencing-data/batch_5-104samples/B05AML_AMD_0412_1.fastq.gz,s3://amili-analysis-lab/Macrogen/sequencing-data/batch_5-104samples/B05AML_AMD_0412_2.fastq.gz
B05AML_AMD_0414,BATCH5,,AMDJ-9ECD-HYSZ,AMD0414,AMD,SHOTGUN,v3,s3://amili-global-archive/SHOTGUN/v3/batch_5/B05AML_AMD_0414/kneaddata/B05AML_AMD_0414.fastq,s3://amili-global-archive/SHOTGUN/v3/batch_5/B05AML_AMD_0414/kneaddata/B05AML_AMD_0414_stat.tsv,s3://amili-global-archive/SHOTGUN/v3/batch_5/B05AML_AMD_0414/metaphlan/B05AML_AMD_0414_metaphlan.tsv,s3://amili-global-archive/SHOTGUN/v3/batch_5/B05AML_AMD_0414/humann/B05AML_AMD_0414_pathabundance.tsv,s3://amili-global-archive/SHOTGUN/v3/batch_5/B05AML_AMD_0414/humann/B05AML_AMD_0414_reaction_ec.tsv,s3://amili-global-archive/SHOTGUN/v3/batch_5/B05AML_AMD_0414/humann/B05AML_AMD_0414_genefamilies.tsv,s3://amili-global-archive/SHOTGUN/v3/batch_5/B05AML_AMD_0414/humann/B05AML_AMD_0414_reaction_ko.tsv,s3://amili-analysis-lab/Macrogen/sequencing-data/batch_5-104samples/B05AML_AMD_0414_1.fastq.gz,s3://amili-analysis-lab/Macrogen/sequencing-data/batch_5-104samples/B05AML_AMD_0414_2.fastq.gz
B05AML_AMD_0415,BATCH5,,AMDJ-P5BR-UKYX,AMD0415,AMD,SHOTGUN,v3,s3://amili-global-archive/SHOTGUN/v3/batch_5/B05AML_AMD_0415/kneaddata/B05AML_AMD_0415.fastq,s3://amili-global-archive/SHOTGUN/v3/batch_5/B05AML_AMD_0415/kneaddata/B05AML_AMD_0415_stat.tsv,s3://amili-global-archive/SHOTGUN/v3/batch_5/B05AML_AMD_0415/metaphlan/B05AML_AMD_0415_metaphlan.tsv,s3://amili-global-archive/SHOTGUN/v3/batch_5/B05AML_AMD_0415/humann/B05AML_AMD_0415_pathabundance.tsv,s3://amili-global-archive/SHOTGUN/v3/batch_5/B05AML_AMD_0415/humann/B05AML_AMD_0415_reaction_ec.tsv,s3://amili-global-archive/SHOTGUN/v3/batch_5/B05AML_AMD_0415/humann/B05AML_AMD_0415_genefamilies.tsv,s3://amili-global-archive/SHOTGUN/v3/batch_5/B05AML_AMD_0415/humann/B05AML_AMD_0415_reaction_ko.tsv,s3://amili-analysis-lab/Macrogen/sequencing-data/batch_5-104samples/B05AML_AMD_0415_1.fastq.gz,s3://amili-analysis-lab/Macrogen/sequencing-data/batch_5-104samples/B05AML_AMD_0415_2.fastq.gz
B05AML_AMD_0419,BATCH5,,AMDJ-8BUF-Z6WU,AMD0419,AMD,SHOTGUN,v3,s3://amili-global-archive/SHOTGUN/v3/batch_5/B05AML_AMD_0419/kneaddata/B05AML_AMD_0419.fastq,s3://amili-global-archive/SHOTGUN/v3/batch_5/B05AML_AMD_0419/kneaddata/B05AML_AMD_0419_stat.tsv,s3://amili-global-archive/SHOTGUN/v3/batch_5/B05AML_AMD_0419/metaphlan/B05AML_AMD_0419_metaphlan.tsv,s3://amili-global-archive/SHOTGUN/v3/batch_5/B05AML_AMD_0419/humann/B05AML_AMD_0419_pathabundance.tsv,s3://amili-global-archive/SHOTGUN/v3/batch_5/B05AML_AMD_0419/humann/B05AML_AMD_0419_reaction_ec.tsv,s3://amili-global-archive/SHOTGUN/v3/batch_5/B05AML_AMD_0419/humann/B05AML_AMD_0419_genefamilies.tsv,s3://amili-global-archive/SHOTGUN/v3/batch_5/B05AML_AMD_0419/humann/B05AML_AMD_0419_reaction_ko.tsv,s3://amili-analysis-lab/Macrogen/sequencing-data/batch_5-104samples/B05AML_AMD_0419_1.fastq.gz,s3://amili-analysis-lab/Macrogen/sequencing-data/batch_5-104samples/B05AML_AMD_0419_2.fastq.gz
B05AML_AMD_0425,BATCH5,,AMDJ-N7RD-768K,AMD0425,AMD,SHOTGUN,v3,s3://amili-global-archive/SHOTGUN/v3/batch_5-200Samples/B05AML_AMD_0425/kneaddata/B05AML_AMD_0425.fastq,s3://amili-global-archive/SHOTGUN/v3/batch_5-200Samples/B05AML_AMD_0425/kneaddata/B05AML_AMD_0425_stat.tsv,s3://amili-global-archive/SHOTGUN/v3/batch_5-200Samples/B05AML_AMD_0425/metaphlan/B05AML_AMD_0425_metaphlan.tsv,s3://amili-global-archive/SHOTGUN/v3/batch_5-200Samples/B05AML_AMD_0425/humann/B05AML_AMD_0425_pathabundance.tsv,s3://amili-global-archive/SHOTGUN/v3/batch_5-200Samples/B05AML_AMD_0425/humann/B05AML_AMD_0425_reaction_ec.tsv,s3://amili-global-archive/SHOTGUN/v3/batch_5-200Samples/B05AML_AMD_0425/humann/B05AML_AMD_0425_genefamilies.tsv,s3://amili-global-archive/SHOTGUN/v3/batch_5-200Samples/B05AML_AMD_0425/humann/B05AML_AMD_0425_reaction_ko.tsv,s3://amili-analysis-lab/Macrogen/sequencing-data/batch_5-200Samples/B05AML_AMD_0425_1.fastq.gz,s3://amili-analysis-lab/Macrogen/sequencing-data/batch_5-200Samples/B05AML_AMD_0425_2.fastq.gz
B05AML_AMD_0425,BATCH5,,AMDJ-N7RD-768K,AMD0425,AMD,SHOTGUN,v3,s3://amili-global-archive/SHOTGUN/v3/batch_5/B05AML_AMD_0425/kneaddata/B05AML_AMD_0425.fastq,s3://amili-global-archive/SHOTGUN/v3/batch_5/B05AML_AMD_0425/kneaddata/B05AML_AMD_0425_stat.tsv,s3://amili-global-archive/SHOTGUN/v3/batch_5/B05AML_AMD_0425/metaphlan/B05AML_AMD_0425_metaphlan.tsv,s3://amili-global-archive/SHOTGUN/v3/batch_5/B05AML_AMD_0425/humann/B05AML_AMD_0425_pathabundance.tsv,s3://amili-global-archive/SHOTGUN/v3/batch_5/B05AML_AMD_0425/humann/B05AML_AMD_0425_reaction_ec.tsv,s3://amili-global-archive/SHOTGUN/v3/batch_5/B05AML_AMD_0425/humann/B05AML_AMD_0425_genefamilies.tsv,s3://amili-global-archive/SHOTGUN/v3/batch_5/B05AML_AMD_0425/humann/B05AML_AMD_0425_reaction_ko.tsv,s3://amili-analysis-lab/Macrogen/sequencing-data/batch_5-200Samples/B05AML_AMD_0425_1.fastq.gz,s3://amili-analysis-lab/Macrogen/sequencing-data/batch_5-200Samples/B05AML_AMD_0425_2.fastq.gz
B05AML_AMD_0428,BATCH5,,AMDJ-N85U-649T,AMD0428,AMD,SHOTGUN,v3,s3://amili-global-archive/SHOTGUN/v3/batch_5/B05AML_AMD_0428/kneaddata/B05AML_AMD_0428.fastq,s3://amili-global-archive/SHOTGUN/v3/batch_5/B05AML_AMD_0428/kneaddata/B05AML_AMD_0428_stat.tsv,s3://amili-global-archive/SHOTGUN/v3/batch_5/B05AML_AMD_0428/metaphlan/B05AML_AMD_0428_metaphlan.tsv,s3://amili-global-archive/SHOTGUN/v3/batch_5/B05AML_AMD_0428/humann/B05AML_AMD_0428_pathabundance.tsv,s3://amili-global-archive/SHOTGUN/v3/batch_5/B05AML_AMD_0428/humann/B05AML_AMD_0428_reaction_ec.tsv,s3://amili-global-archive/SHOTGUN/v3/batch_5/B05AML_AMD_0428/humann/B05AML_AMD_0428_genefamilies.tsv,s3://amili-global-archive/SHOTGUN/v3/batch_5/B05AML_AMD_0428/humann/B05AML_AMD_0428_reaction_ko.tsv,s3://amili-analysis-lab/Macrogen/sequencing-data/batch_5-200Samples/B05AML_AMD_0428_1.fastq.gz,s3://amili-analysis-lab/Macrogen/sequencing-data/batch_5-200Samples/B05AML_AMD_0428_2.fastq.gz
B05AML_AMD_0438,BATCH5,,AMDJ-Y8Z3-KFV9,AMD0438,AMD,SHOTGUN,v3,s3://amili-global-archive/SHOTGUN/v3/batch_5/B05AML_AMD_0438/kneaddata/B05AML_AMD_0438.fastq,s3://amili-global-archive/SHOTGUN/v3/batch_5/B05AML_AMD_0438/kneaddata/B05AML_AMD_0438_stat.tsv,s3://amili-global-archive/SHOTGUN/v3/batch_5/B05AML_AMD_0438/metaphlan/B05AML_AMD_0438_metaphlan.tsv,s3://amili-global-archive/SHOTGUN/v3/batch_5/B05AML_AMD_0438/humann/B05AML_AMD_0438_pathabundance.tsv,s3://amili-global-archive/SHOTGUN/v3/batch_5/B05AML_AMD_0438/humann/B05AML_AMD_0438_reaction_ec.tsv,s3://amili-global-archive/SHOTGUN/v3/batch_5/B05AML_AMD_0438/humann/B05AML_AMD_0438_genefamilies.tsv,s3://amili-global-archive/SHOTGUN/v3/batch_5/B05AML_AMD_0438/humann/B05AML_AMD_0438_reaction_ko.tsv,s3://amili-analysis-lab/Macrogen/sequencing-data/batch_5-200Samples/B05AML_AMD_0438_1.fastq.gz,s3://amili-analysis-lab/Macrogen/sequencing-data/batch_5-200Samples/B05AML_AMD_0438_2.fastq.gz
B05AML_AMD_0447,BATCH5,,AMDJ-TDJZ-AHQ6,AMD0447,AMD,SHOTGUN,v3,s3://amili-global-archive/SHOTGUN/v3/batch_5/B05AML_AMD_0447/kneaddata/B05AML_AMD_0447.fastq,s3://amili-global-archive/SHOTGUN/v3/batch_5/B05AML_AMD_0447/kneaddata/B05AML_AMD_0447_stat.tsv,s3://amili-global-archive/SHOTGUN/v3/batch_5/B05AML_AMD_0447/metaphlan/B05AML_AMD_0447_metaphlan.tsv,s3://amili-global-archive/SHOTGUN/v3/batch_5/B05AML_AMD_0447/humann/B05AML_AMD_0447_pathabundance.tsv,s3://amili-global-archive/SHOTGUN/v3/batch_5/B05AML_AMD_0447/humann/B05AML_AMD_0447_reaction_ec.tsv,s3://amili-global-archive/SHOTGUN/v3/batch_5/B05AML_AMD_0447/humann/B05AML_AMD_0447_genefamilies.tsv,s3://amili-global-archive/SHOTGUN/v3/batch_5/B05AML_AMD_0447/humann/B05AML_AMD_0447_reaction_ko.tsv,s3://amili-analysis-lab/Macrogen/sequencing-data/batch_5-200Samples/B05AML_AMD_0447_1.fastq.gz,s3://amili-analysis-lab/Macrogen/sequencing-data/batch_5-200Samples/B05AML_AMD_0447_2.fastq.gz
B05AML_AMD_0449,BATCH5,,AMDJ-J48H-8R54,AMD0449,AMD,SHOTGUN,v3,s3://amili-global-archive/SHOTGUN/v3/batch_5/B05AML_AMD_0449/kneaddata/B05AML_AMD_0449.fastq,s3://amili-global-archive/SHOTGUN/v3/batch_5/B05AML_AMD_0449/kneaddata/B05AML_AMD_0449_stat.tsv,s3://amili-global-archive/SHOTGUN/v3/batch_5/B05AML_AMD_0449/metaphlan/B05AML_AMD_0449_metaphlan.tsv,s3://amili-global-archive/SHOTGUN/v3/batch_5/B05AML_AMD_0449/humann/B05AML_AMD_0449_pathabundance.tsv,s3://amili-global-archive/SHOTGUN/v3/batch_5/B05AML_AMD_0449/humann/B05AML_AMD_0449_reaction_ec.tsv,s3://amili-global-archive/SHOTGUN/v3/batch_5/B05AML_AMD_0449/humann/B05AML_AMD_0449_genefamilies.tsv,s3://amili-global-archive/SHOTGUN/v3/batch_5/B05AML_AMD_0449/humann/B05AML_AMD_0449_reaction_ko.tsv,s3://amili-analysis-lab/Macrogen/sequencing-data/batch_5-200Samples/B05AML_AMD_0449_1.fastq.gz,s3://amili-analysis-lab/Macrogen/sequencing-data/batch_5-200Samples/B05AML_AMD_0449_2.fastq.gz
B05AML_AMD_0452,BATCH5,,AMDJ-NEGW-2FBG,AMD0452,AMD,SHOTGUN,v3,s3://amili-global-archive/SHOTGUN/v3/batch_5/B05AML_AMD_0452/kneaddata/B05AML_AMD_0452.fastq,s3://amili-global-archive/SHOTGUN/v3/batch_5/B05AML_AMD_0452/kneaddata/B05AML_AMD_0452_stat.tsv,s3://amili-global-archive/SHOTGUN/v3/batch_5/B05AML_AMD_0452/metaphlan/B05AML_AMD_0452_metaphlan.tsv,s3://amili-global-archive/SHOTGUN/v3/batch_5/B05AML_AMD_0452/humann/B05AML_AMD_0452_pathabundance.tsv,s3://amili-global-archive/SHOTGUN/v3/batch_5/B05AML_AMD_0452/humann/B05AML_AMD_0452_reaction_ec.tsv,s3://amili-global-archive/SHOTGUN/v3/batch_5/B05AML_AMD_0452/humann/B05AML_AMD_0452_genefamilies.tsv,s3://amili-global-archive/SHOTGUN/v3/batch_5/B05AML_AMD_0452/humann/B05AML_AMD_0452_reaction_ko.tsv,s3://amili-analysis-lab/Macrogen/sequencing-data/batch_5-200Samples/B05AML_AMD_0452_1.fastq.gz,s3://amili-analysis-lab/Macrogen/sequencing-data/batch_5-200Samples/B05AML_AMD_0452_2.fastq.gz
B05AML_AMD_0455,BATCH5,,AMDJ-F6NC-V8DF,AMD0455,AMD,SHOTGUN,v3,s3://amili-global-archive/SHOTGUN/v3/batch_5/B05AML_AMD_0455/kneaddata/B05AML_AMD_0455.fastq,s3://amili-global-archive/SHOTGUN/v3/batch_5/B05AML_AMD_0455/kneaddata/B05AML_AMD_0455_stat.tsv,s3://amili-global-archive/SHOTGUN/v3/batch_5/B05AML_AMD_0455/metaphlan/B05AML_AMD_0455_metaphlan.tsv,s3://amili-global-archive/SHOTGUN/v3/batch_5/B05AML_AMD_0455/humann/B05AML_AMD_0455_pathabundance.tsv,s3://amili-global-archive/SHOTGUN/v3/batch_5/B05AML_AMD_0455/humann/B05AML_AMD_0455_reaction_ec.tsv,s3://amili-global-archive/SHOTGUN/v3/batch_5/B05AML_AMD_0455/humann/B05AML_AMD_0455_genefamilies.tsv,s3://amili-global-archive/SHOTGUN/v3/batch_5/B05AML_AMD_0455/humann/B05AML_AMD_0455_reaction_ko.tsv,s3://amili-analysis-lab/Macrogen/sequencing-data/batch_5-200Samples/B05AML_AMD_0455_1.fastq.gz,s3://amili-analysis-lab/Macrogen/sequencing-data/batch_5-200Samples/B05AML_AMD_0455_2.fastq.gz
B05AML_AMD_0465,BATCH5,,GGJW-SVD5-6D4J,AMD0465,AMD,SHOTGUN,v3,s3://amili-global-archive/SHOTGUN/v3/batch_5-200Samples/B05AML_AMD_0465/kneaddata/B05AML_AMD_0465.fastq,s3://amili-global-archive/SHOTGUN/v3/batch_5-200Samples/B05AML_AMD_0465/kneaddata/B05AML_AMD_0465_stat.tsv,s3://amili-global-archive/SHOTGUN/v3/batch_5-200Samples/B05AML_AMD_0465/metaphlan/B05AML_AMD_0465_metaphlan.tsv,s3://amili-global-archive/SHOTGUN/v3/batch_5-200Samples/B05AML_AMD_0465/humann/B05AML_AMD_0465_pathabundance.tsv,s3://amili-global-archive/SHOTGUN/v3/batch_5-200Samples/B05AML_AMD_0465/humann/B05AML_AMD_0465_reaction_ec.tsv,s3://amili-global-archive/SHOTGUN/v3/batch_5-200Samples/B05AML_AMD_0465/humann/B05AML_AMD_0465_genefamilies.tsv,s3://amili-global-archive/SHOTGUN/v3/batch_5-200Samples/B05AML_AMD_0465/humann/B05AML_AMD_0465_reaction_ko.tsv,s3://amili-analysis-lab/Macrogen/sequencing-data/batch_5-200Samples/B05AML_AMD_0465_1.fastq.gz,s3://amili-analysis-lab/Macrogen/sequencing-data/batch_5-200Samples/B05AML_AMD_0465_2.fastq.gz
B05AML_AMD_0465,BATCH5,,GGJW-SVD5-6D4J,AMD0465,AMD,SHOTGUN,v3,s3://amili-global-archive/SHOTGUN/v3/batch_5/B05AML_AMD_0465/kneaddata/B05AML_AMD_0465.fastq,s3://amili-global-archive/SHOTGUN/v3/batch_5/B05AML_AMD_0465/kneaddata/B05AML_AMD_0465_stat.tsv,s3://amili-global-archive/SHOTGUN/v3/batch_5/B05AML_AMD_0465/metaphlan/B05AML_AMD_0465_metaphlan.tsv,s3://amili-global-archive/SHOTGUN/v3/batch_5/B05AML_AMD_0465/humann/B05AML_AMD_0465_pathabundance.tsv,s3://amili-global-archive/SHOTGUN/v3/batch_5/B05AML_AMD_0465/humann/B05AML_AMD_0465_reaction_ec.tsv,s3://amili-global-archive/SHOTGUN/v3/batch_5/B05AML_AMD_0465/humann/B05AML_AMD_0465_genefamilies.tsv,s3://amili-global-archive/SHOTGUN/v3/batch_5/B05AML_AMD_0465/humann/B05AML_AMD_0465_reaction_ko.tsv,s3://amili-analysis-lab/Macrogen/sequencing-data/batch_5-200Samples/B05AML_AMD_0465_1.fastq.gz,s3://amili-analysis-lab/Macrogen/sequencing-data/batch_5-200Samples/B05AML_AMD_0465_2.fastq.gz
B05AML_AMD_0468,BATCH5,,AMDJ-RDF8-GKCC,AMD0468,AMD,SHOTGUN,v3,s3://amili-global-archive/SHOTGUN/v3/batch_5/B05AML_AMD_0468/kneaddata/B05AML_AMD_0468.fastq,s3://amili-global-archive/SHOTGUN/v3/batch_5/B05AML_AMD_0468/kneaddata/B05AML_AMD_0468_stat.tsv,s3://amili-global-archive/SHOTGUN/v3/batch_5/B05AML_AMD_0468/metaphlan/B05AML_AMD_0468_metaphlan.tsv,s3://amili-global-archive/SHOTGUN/v3/batch_5/B05AML_AMD_0468/humann/B05AML_AMD_0468_pathabundance.tsv,s3://amili-global-archive/SHOTGUN/v3/batch_5/B05AML_AMD_0468/humann/B05AML_AMD_0468_reaction_ec.tsv,s3://amili-global-archive/SHOTGUN/v3/batch_5/B05AML_AMD_0468/humann/B05AML_AMD_0468_genefamilies.tsv,s3://amili-global-archive/SHOTGUN/v3/batch_5/B05AML_AMD_0468/humann/B05AML_AMD_0468_reaction_ko.tsv,s3://amili-analysis-lab/Macrogen/sequencing-data/batch_5-200Samples/B05AML_AMD_0468_1.fastq.gz,s3://amili-analysis-lab/Macrogen/sequencing-data/batch_5-200Samples/B05AML_AMD_0468_2.fastq.gz
B05AML_AMD_0471,BATCH5,,AMDJ-G88C-ZPUE,AMD0471,AMD,SHOTGUN,v3,s3://amili-global-archive/SHOTGUN/v3/batch_5/B05AML_AMD_0471/kneaddata/B05AML_AMD_0471.fastq,s3://amili-global-archive/SHOTGUN/v3/batch_5/B05AML_AMD_0471/kneaddata/B05AML_AMD_0471_stat.tsv,s3://amili-global-archive/SHOTGUN/v3/batch_5/B05AML_AMD_0471/metaphlan/B05AML_AMD_0471_metaphlan.tsv,s3://amili-global-archive/SHOTGUN/v3/batch_5/B05AML_AMD_0471/humann/B05AML_AMD_0471_pathabundance.tsv,s3://amili-global-archive/SHOTGUN/v3/batch_5/B05AML_AMD_0471/humann/B05AML_AMD_0471_reaction_ec.tsv,s3://amili-global-archive/SHOTGUN/v3/batch_5/B05AML_AMD_0471/humann/B05AML_AMD_0471_genefamilies.tsv,s3://amili-global-archive/SHOTGUN/v3/batch_5/B05AML_AMD_0471/humann/B05AML_AMD_0471_reaction_ko.tsv,s3://amili-analysis-lab/Macrogen/sequencing-data/batch_5-200Samples/B05AML_AMD_0471_1.fastq.gz,s3://amili-analysis-lab/Macrogen/sequencing-data/batch_5-200Samples/B05AML_AMD_0471_2.fastq.gz
B05AML_AMD_0477,BATCH5,,AMDJ-VRWH-BFZP,AMD0477,AMD,SHOTGUN,v3,s3://amili-global-archive/SHOTGUN/v3/batch_5/B05AML_AMD_0477/kneaddata/B05AML_AMD_0477.fastq,s3://amili-global-archive/SHOTGUN/v3/batch_5/B05AML_AMD_0477/kneaddata/B05AML_AMD_0477_stat.tsv,s3://amili-global-archive/SHOTGUN/v3/batch_5/B05AML_AMD_0477/metaphlan/B05AML_AMD_0477_metaphlan.tsv,s3://amili-global-archive/SHOTGUN/v3/batch_5/B05AML_AMD_0477/humann/B05AML_AMD_0477_pathabundance.tsv,s3://amili-global-archive/SHOTGUN/v3/batch_5/B05AML_AMD_0477/humann/B05AML_AMD_0477_reaction_ec.tsv,s3://amili-global-archive/SHOTGUN/v3/batch_5/B05AML_AMD_0477/humann/B05AML_AMD_0477_genefamilies.tsv,s3://amili-global-archive/SHOTGUN/v3/batch_5/B05AML_AMD_0477/humann/B05AML_AMD_0477_reaction_ko.tsv,s3://amili-analysis-lab/Macrogen/sequencing-data/batch_5-200Samples/B05AML_AMD_0477_1.fastq.gz,s3://amili-analysis-lab/Macrogen/sequencing-data/batch_5-200Samples/B05AML_AMD_0477_2.fastq.gz
B05AML_AMD_0483,BATCH5,,AMDJ-PY6K-UTXA,AMD0483,AMD,SHOTGUN,v3,s3://amili-global-archive/SHOTGUN/v3/Batch5/B05AML_AMD_0483/kneaddata/B05AML_AMD_0483.fastq,s3://amili-global-archive/SHOTGUN/v3/Batch5/B05AML_AMD_0483/kneaddata/B05AML_AMD_0483_stat.tsv,s3://amili-global-archive/SHOTGUN/v3/Batch5/B05AML_AMD_0483/metaphlan/B05AML_AMD_0483_metaphlan.tsv,s3://amili-global-archive/SHOTGUN/v3/Batch5/B05AML_AMD_0483/humann/B05AML_AMD_0483_pathabundance.tsv,s3://amili-global-archive/SHOTGUN/v3/Batch5/B05AML_AMD_0483/humann/B05AML_AMD_0483_reaction_ec.tsv,s3://amili-global-archive/SHOTGUN/v3/Batch5/B05AML_AMD_0483/humann/B05AML_AMD_0483_genefamilies.tsv,s3://amili-global-archive/SHOTGUN/v3/Batch5/B05AML_AMD_0483/humann/B05AML_AMD_0483_reaction_ko.tsv,s3://amili-analysis-lab/Macrogen/sequencing-data/batch_5-200Samples/B05AML_AMD_0483_1.fastq.gz,s3://amili-analysis-lab/Macrogen/sequencing-data/batch_5-200Samples/B05AML_AMD_0483_2.fastq.gz
B05AML_AMD_0483,BATCH5,,AMDJ-PY6K-UTXA,AMD0483,AMD,SHOTGUN,v3,s3://amili-global-archive/SHOTGUN/v3/batch_5/B05AML_AMD_0483/kneaddata/B05AML_AMD_0483.fastq,s3://amili-global-archive/SHOTGUN/v3/batch_5/B05AML_AMD_0483/kneaddata/B05AML_AMD_0483_stat.tsv,s3://amili-global-archive/SHOTGUN/v3/batch_5/B05AML_AMD_0483/metaphlan/B05AML_AMD_0483_metaphlan.tsv,s3://amili-global-archive/SHOTGUN/v3/batch_5/B05AML_AMD_0483/humann/B05AML_AMD_0483_pathabundance.tsv,s3://amili-global-archive/SHOTGUN/v3/batch_5/B05AML_AMD_0483/humann/B05AML_AMD_0483_reaction_ec.tsv,s3://amili-global-archive/SHOTGUN/v3/batch_5/B05AML_AMD_0483/humann/B05AML_AMD_0483_genefamilies.tsv,s3://amili-global-archive/SHOTGUN/v3/batch_5/B05AML_AMD_0483/humann/B05AML_AMD_0483_reaction_ko.tsv,s3://amili-analysis-lab/Macrogen/sequencing-data/batch_5-200Samples/B05AML_AMD_0483_1.fastq.gz,s3://amili-analysis-lab/Macrogen/sequencing-data/batch_5-200Samples/B05AML_AMD_0483_2.fastq.gz
B05AML_AMD_0484,BATCH5,,Q93D-8RB3-SR5E,AMD0484,AMD,SHOTGUN,v3,s3://amili-global-archive/SHOTGUN/v3/batch_5/B05AML_AMD_0484/kneaddata/B05AML_AMD_0484.fastq,s3://amili-global-archive/SHOTGUN/v3/batch_5/B05AML_AMD_0484/kneaddata/B05AML_AMD_0484_stat.tsv,s3://amili-global-archive/SHOTGUN/v3/batch_5/B05AML_AMD_0484/metaphlan/B05AML_AMD_0484_metaphlan.tsv,s3://amili-global-archive/SHOTGUN/v3/batch_5/B05AML_AMD_0484/humann/B05AML_AMD_0484_pathabundance.tsv,s3://amili-global-archive/SHOTGUN/v3/batch_5/B05AML_AMD_0484/humann/B05AML_AMD_0484_reaction_ec.tsv,s3://amili-global-archive/SHOTGUN/v3/batch_5/B05AML_AMD_0484/humann/B05AML_AMD_0484_genefamilies.tsv,s3://amili-global-archive/SHOTGUN/v3/batch_5/B05AML_AMD_0484/humann/B05AML_AMD_0484_reaction_ko.tsv,s3://amili-analysis-lab/Macrogen/sequencing-data/batch_5-200Samples/B05AML_AMD_0484_1.fastq.gz,s3://amili-analysis-lab/Macrogen/sequencing-data/batch_5-200Samples/B05AML_AMD_0484_2.fastq.gz
B05AML_AMD_0175,BATCH5,,AMDJ-9NZW-HRJH,AMD0175,AMD,SHOTGUN,v3,s3://amili-global-archive/SHOTGUN/v3/batch_5/B05AML_AMD_0175/kneaddata/B05AML_AMD_0175.fastq,s3://amili-global-archive/SHOTGUN/v3/batch_5/B05AML_AMD_0175/kneaddata/B05AML_AMD_0175_stat.tsv,s3://amili-global-archive/SHOTGUN/v3/batch_5/B05AML_AMD_0175/metaphlan/B05AML_AMD_0175_metaphlan.tsv,s3://amili-global-archive/SHOTGUN/v3/batch_5/B05AML_AMD_0175/humann/B05AML_AMD_0175_pathabundance.tsv,s3://amili-global-archive/SHOTGUN/v3/batch_5/B05AML_AMD_0175/humann/B05AML_AMD_0175_reaction_ec.tsv,s3://amili-global-archive/SHOTGUN/v3/batch_5/B05AML_AMD_0175/humann/B05AML_AMD_0175_genefamilies.tsv,s3://amili-global-archive/SHOTGUN/v3/batch_5/B05AML_AMD_0175/humann/B05AML_AMD_0175_reaction_ko.tsv,s3://amili-analysis-lab/Macrogen/sequencing-data/batch_5-96samples/B05AML_AMD_0175_1.fastq.gz,s3://amili-analysis-lab/Macrogen/sequencing-data/batch_5-96samples/B05AML_AMD_0175_2.fastq.gz
B05AML_AMD_0177,BATCH5,,AJNA-QXR9-P2R5,AMD0177,AMD,SHOTGUN,v3,s3://amili-global-archive/SHOTGUN/v3/batch_5/B05AML_AMD_0177/kneaddata/B05AML_AMD_0177.fastq,s3://amili-global-archive/SHOTGUN/v3/batch_5/B05AML_AMD_0177/kneaddata/B05AML_AMD_0177_stat.tsv,s3://amili-global-archive/SHOTGUN/v3/batch_5/B05AML_AMD_0177/metaphlan/B05AML_AMD_0177_metaphlan.tsv,s3://amili-global-archive/SHOTGUN/v3/batch_5/B05AML_AMD_0177/humann/B05AML_AMD_0177_pathabundance.tsv,s3://amili-global-archive/SHOTGUN/v3/batch_5/B05AML_AMD_0177/humann/B05AML_AMD_0177_reaction_ec.tsv,s3://amili-global-archive/SHOTGUN/v3/batch_5/B05AML_AMD_0177/humann/B05AML_AMD_0177_genefamilies.tsv,s3://amili-global-archive/SHOTGUN/v3/batch_5/B05AML_AMD_0177/humann/B05AML_AMD_0177_reaction_ko.tsv,s3://amili-analysis-lab/Macrogen/sequencing-data/batch_5-96samples/B05AML_AMD_0177_1.fastq.gz,s3://amili-analysis-lab/Macrogen/sequencing-data/batch_5-96samples/B05AML_AMD_0177_2.fastq.gz
B05AML_AMD_0179,BATCH5,,AMDJ-5UUV-Z4ZU,AMD0179,AMD,SHOTGUN,v3,s3://amili-global-archive/SHOTGUN/v3/Batch5/B05AML_AMD_0179/kneaddata/B05AML_AMD_0179.fastq,s3://amili-global-archive/SHOTGUN/v3/Batch5/B05AML_AMD_0179/kneaddata/B05AML_AMD_0179_stat.tsv,s3://amili-global-archive/SHOTGUN/v3/Batch5/B05AML_AMD_0179/metaphlan/B05AML_AMD_0179_metaphlan.tsv,s3://amili-global-archive/SHOTGUN/v3/Batch5/B05AML_AMD_0179/humann/B05AML_AMD_0179_pathabundance.tsv,s3://amili-global-archive/SHOTGUN/v3/Batch5/B05AML_AMD_0179/humann/B05AML_AMD_0179_reaction_ec.tsv,s3://amili-global-archive/SHOTGUN/v3/Batch5/B05AML_AMD_0179/humann/B05AML_AMD_0179_genefamilies.tsv,s3://amili-global-archive/SHOTGUN/v3/Batch5/B05AML_AMD_0179/humann/B05AML_AMD_0179_reaction_ko.tsv,s3://amili-analysis-lab/Macrogen/sequencing-data/batch_5-96samples/B05AML_AMD_0179_1.fastq.gz,s3://amili-analysis-lab/Macrogen/sequencing-data/batch_5-96samples/B05AML_AMD_0179_2.fastq.gz
B05AML_AMD_0179,BATCH5,,AMDJ-5UUV-Z4ZU,AMD0179,AMD,SHOTGUN,v3,s3://amili-global-archive/SHOTGUN/v3/batch_5/B05AML_AMD_0179/kneaddata/B05AML_AMD_0179.fastq,s3://amili-global-archive/SHOTGUN/v3/batch_5/B05AML_AMD_0179/kneaddata/B05AML_AMD_0179_stat.tsv,s3://amili-global-archive/SHOTGUN/v3/batch_5/B05AML_AMD_0179/metaphlan/B05AML_AMD_0179_metaphlan.tsv,s3://amili-global-archive/SHOTGUN/v3/batch_5/B05AML_AMD_0179/humann/B05AML_AMD_0179_pathabundance.tsv,s3://amili-global-archive/SHOTGUN/v3/batch_5/B05AML_AMD_0179/humann/B05AML_AMD_0179_reaction_ec.tsv,s3://amili-global-archive/SHOTGUN/v3/batch_5/B05AML_AMD_0179/humann/B05AML_AMD_0179_genefamilies.tsv,s3://amili-global-archive/SHOTGUN/v3/batch_5/B05AML_AMD_0179/humann/B05AML_AMD_0179_reaction_ko.tsv,s3://amili-analysis-lab/Macrogen/sequencing-data/batch_5-96samples/B05AML_AMD_0179_1.fastq.gz,s3://amili-analysis-lab/Macrogen/sequencing-data/batch_5-96samples/B05AML_AMD_0179_2.fastq.gz
B05AML_AMD_0182,BATCH5,,AMDJ-N3YC-Q6ZB,AMD0182,AMD,SHOTGUN,v3,s3://amili-global-archive/SHOTGUN/v3/batch_5/B05AML_AMD_0182/kneaddata/B05AML_AMD_0182.fastq,s3://amili-global-archive/SHOTGUN/v3/batch_5/B05AML_AMD_0182/kneaddata/B05AML_AMD_0182_stat.tsv,s3://amili-global-archive/SHOTGUN/v3/batch_5/B05AML_AMD_0182/metaphlan/B05AML_AMD_0182_metaphlan.tsv,s3://amili-global-archive/SHOTGUN/v3/batch_5/B05AML_AMD_0182/humann/B05AML_AMD_0182_pathabundance.tsv,s3://amili-global-archive/SHOTGUN/v3/batch_5/B05AML_AMD_0182/humann/B05AML_AMD_0182_reaction_ec.tsv,s3://amili-global-archive/SHOTGUN/v3/batch_5/B05AML_AMD_0182/humann/B05AML_AMD_0182_genefamilies.tsv,s3://amili-global-archive/SHOTGUN/v3/batch_5/B05AML_AMD_0182/humann/B05AML_AMD_0182_reaction_ko.tsv,s3://amili-analysis-lab/Macrogen/sequencing-data/batch_5-96samples/B05AML_AMD_0182_1.fastq.gz,s3://amili-analysis-lab/Macrogen/sequencing-data/batch_5-96samples/B05AML_AMD_0182_2.fastq.gz
B05AML_AMD_0183,BATCH5,,AMDJ-VJ3F-DA5N,AMD0183,AMD,SHOTGUN,v3,s3://amili-global-archive/SHOTGUN/v3/batch_5/B05AML_AMD_0183/kneaddata/B05AML_AMD_0183.fastq,s3://amili-global-archive/SHOTGUN/v3/batch_5/B05AML_AMD_0183/kneaddata/B05AML_AMD_0183_stat.tsv,s3://amili-global-archive/SHOTGUN/v3/batch_5/B05AML_AMD_0183/metaphlan/B05AML_AMD_0183_metaphlan.tsv,s3://amili-global-archive/SHOTGUN/v3/batch_5/B05AML_AMD_0183/humann/B05AML_AMD_0183_pathabundance.tsv,s3://amili-global-archive/SHOTGUN/v3/batch_5/B05AML_AMD_0183/humann/B05AML_AMD_0183_reaction_ec.tsv,s3://amili-global-archive/SHOTGUN/v3/batch_5/B05AML_AMD_0183/humann/B05AML_AMD_0183_genefamilies.tsv,s3://amili-global-archive/SHOTGUN/v3/batch_5/B05AML_AMD_0183/humann/B05AML_AMD_0183_reaction_ko.tsv,s3://amili-analysis-lab/Macrogen/sequencing-data/batch_5-96samples/B05AML_AMD_0183_1.fastq.gz,s3://amili-analysis-lab/Macrogen/sequencing-data/batch_5-96samples/B05AML_AMD_0183_2.fastq.gz
B05AML_AMD_0187,BATCH5,,AMDJ-MT7Q-6SRE,AMD0187,AMD,SHOTGUN,v3,s3://amili-global-archive/SHOTGUN/v3/batch_5/B05AML_AMD_0187/kneaddata/B05AML_AMD_0187.fastq,s3://amili-global-archive/SHOTGUN/v3/batch_5/B05AML_AMD_0187/kneaddata/B05AML_AMD_0187_stat.tsv,s3://amili-global-archive/SHOTGUN/v3/batch_5/B05AML_AMD_0187/metaphlan/B05AML_AMD_0187_metaphlan.tsv,s3://amili-global-archive/SHOTGUN/v3/batch_5/B05AML_AMD_0187/humann/B05AML_AMD_0187_pathabundance.tsv,s3://amili-global-archive/SHOTGUN/v3/batch_5/B05AML_AMD_0187/humann/B05AML_AMD_0187_reaction_ec.tsv,s3://amili-global-archive/SHOTGUN/v3/batch_5/B05AML_AMD_0187/humann/B05AML_AMD_0187_genefamilies.tsv,s3://amili-global-archive/SHOTGUN/v3/batch_5/B05AML_AMD_0187/humann/B05AML_AMD_0187_reaction_ko.tsv,s3://amili-analysis-lab/Macrogen/sequencing-data/batch_5-96samples/B05AML_AMD_0187_1.fastq.gz,s3://amili-analysis-lab/Macrogen/sequencing-data/batch_5-96samples/B05AML_AMD_0187_2.fastq.gz
B05AML_AMD_0188,BATCH5,,AMDJ-A7B4-YZQY,AMD0188,AMD,SHOTGUN,v3,s3://amili-global-archive/SHOTGUN/v3/batch_5/B05AML_AMD_0188/kneaddata/B05AML_AMD_0188.fastq,s3://amili-global-archive/SHOTGUN/v3/batch_5/B05AML_AMD_0188/kneaddata/B05AML_AMD_0188_stat.tsv,s3://amili-global-archive/SHOTGUN/v3/batch_5/B05AML_AMD_0188/metaphlan/B05AML_AMD_0188_metaphlan.tsv,s3://amili-global-archive/SHOTGUN/v3/batch_5/B05AML_AMD_0188/humann/B05AML_AMD_0188_pathabundance.tsv,s3://amili-global-archive/SHOTGUN/v3/batch_5/B05AML_AMD_0188/humann/B05AML_AMD_0188_reaction_ec.tsv,s3://amili-global-archive/SHOTGUN/v3/batch_5/B05AML_AMD_0188/humann/B05AML_AMD_0188_genefamilies.tsv,s3://amili-global-archive/SHOTGUN/v3/batch_5/B05AML_AMD_0188/humann/B05AML_AMD_0188_reaction_ko.tsv,s3://amili-analysis-lab/Macrogen/sequencing-data/batch_5-96samples/B05AML_AMD_0188_1.fastq.gz,s3://amili-analysis-lab/Macrogen/sequencing-data/batch_5-96samples/B05AML_AMD_0188_2.fastq.gz
B05AML_AMD_0189,BATCH5,,AMDJ-67DK-A7AE,AMD0189,AMD,SHOTGUN,v3,s3://amili-global-archive/SHOTGUN/v3/batch_5/B05AML_AMD_0189/kneaddata/B05AML_AMD_0189.fastq,s3://amili-global-archive/SHOTGUN/v3/batch_5/B05AML_AMD_0189/kneaddata/B05AML_AMD_0189_stat.tsv,s3://amili-global-archive/SHOTGUN/v3/batch_5/B05AML_AMD_0189/metaphlan/B05AML_AMD_0189_metaphlan.tsv,s3://amili-global-archive/SHOTGUN/v3/batch_5/B05AML_AMD_0189/humann/B05AML_AMD_0189_pathabundance.tsv,s3://amili-global-archive/SHOTGUN/v3/batch_5/B05AML_AMD_0189/humann/B05AML_AMD_0189_reaction_ec.tsv,s3://amili-global-archive/SHOTGUN/v3/batch_5/B05AML_AMD_0189/humann/B05AML_AMD_0189_genefamilies.tsv,s3://amili-global-archive/SHOTGUN/v3/batch_5/B05AML_AMD_0189/humann/B05AML_AMD_0189_reaction_ko.tsv,s3://amili-analysis-lab/Macrogen/sequencing-data/batch_5-96samples/B05AML_AMD_0189_1.fastq.gz,s3://amili-analysis-lab/Macrogen/sequencing-data/batch_5-96samples/B05AML_AMD_0189_2.fastq.gz
B05AML_AMD_0190,BATCH5,,AMDJ-3XNR-CD3D,AMD0190,AMD,SHOTGUN,v3,s3://amili-global-archive/SHOTGUN/v3/batch_5/B05AML_AMD_0190/kneaddata/B05AML_AMD_0190.fastq,s3://amili-global-archive/SHOTGUN/v3/batch_5/B05AML_AMD_0190/kneaddata/B05AML_AMD_0190_stat.tsv,s3://amili-global-archive/SHOTGUN/v3/batch_5/B05AML_AMD_0190/metaphlan/B05AML_AMD_0190_metaphlan.tsv,s3://amili-global-archive/SHOTGUN/v3/batch_5/B05AML_AMD_0190/humann/B05AML_AMD_0190_pathabundance.tsv,s3://amili-global-archive/SHOTGUN/v3/batch_5/B05AML_AMD_0190/humann/B05AML_AMD_0190_reaction_ec.tsv,s3://amili-global-archive/SHOTGUN/v3/batch_5/B05AML_AMD_0190/humann/B05AML_AMD_0190_genefamilies.tsv,s3://amili-global-archive/SHOTGUN/v3/batch_5/B05AML_AMD_0190/humann/B05AML_AMD_0190_reaction_ko.tsv,s3://amili-analysis-lab/Macrogen/sequencing-data/batch_5-96samples/B05AML_AMD_0190_1.fastq.gz,s3://amili-analysis-lab/Macrogen/sequencing-data/batch_5-96samples/B05AML_AMD_0190_2.fastq.gz
B05AML_AMD_0195,BATCH5,,AMDJ-GK8V-QYZ5,AMD0195,AMD,SHOTGUN,v3,s3://amili-global-archive/SHOTGUN/v3/batch_5/B05AML_AMD_0195/kneaddata/B05AML_AMD_0195.fastq,s3://amili-global-archive/SHOTGUN/v3/batch_5/B05AML_AMD_0195/kneaddata/B05AML_AMD_0195_stat.tsv,s3://amili-global-archive/SHOTGUN/v3/batch_5/B05AML_AMD_0195/metaphlan/B05AML_AMD_0195_metaphlan.tsv,s3://amili-global-archive/SHOTGUN/v3/batch_5/B05AML_AMD_0195/humann/B05AML_AMD_0195_pathabundance.tsv,s3://amili-global-archive/SHOTGUN/v3/batch_5/B05AML_AMD_0195/humann/B05AML_AMD_0195_reaction_ec.tsv,s3://amili-global-archive/SHOTGUN/v3/batch_5/B05AML_AMD_0195/humann/B05AML_AMD_0195_genefamilies.tsv,s3://amili-global-archive/SHOTGUN/v3/batch_5/B05AML_AMD_0195/humann/B05AML_AMD_0195_reaction_ko.tsv,s3://amili-analysis-lab/Macrogen/sequencing-data/batch_5-96samples/B05AML_AMD_0195_1.fastq.gz,s3://amili-analysis-lab/Macrogen/sequencing-data/batch_5-96samples/B05AML_AMD_0195_2.fastq.gz
B05AML_AMD_0196,BATCH5,,AMDJ-FFAW-BTNQ,AMD0196,AMD,SHOTGUN,v3,s3://amili-global-archive/SHOTGUN/v3/batch_5/B05AML_AMD_0196/kneaddata/B05AML_AMD_0196.fastq,s3://amili-global-archive/SHOTGUN/v3/batch_5/B05AML_AMD_0196/kneaddata/B05AML_AMD_0196_stat.tsv,s3://amili-global-archive/SHOTGUN/v3/batch_5/B05AML_AMD_0196/metaphlan/B05AML_AMD_0196_metaphlan.tsv,s3://amili-global-archive/SHOTGUN/v3/batch_5/B05AML_AMD_0196/humann/B05AML_AMD_0196_pathabundance.tsv,s3://amili-global-archive/SHOTGUN/v3/batch_5/B05AML_AMD_0196/humann/B05AML_AMD_0196_reaction_ec.tsv,s3://amili-global-archive/SHOTGUN/v3/batch_5/B05AML_AMD_0196/humann/B05AML_AMD_0196_genefamilies.tsv,s3://amili-global-archive/SHOTGUN/v3/batch_5/B05AML_AMD_0196/humann/B05AML_AMD_0196_reaction_ko.tsv,s3://amili-analysis-lab/Macrogen/sequencing-data/batch_5-96samples/B05AML_AMD_0196_1.fastq.gz,s3://amili-analysis-lab/Macrogen/sequencing-data/batch_5-96samples/B05AML_AMD_0196_2.fastq.gz
B05AML_AMD_0199,BATCH5,,AMDJ-5PEB-9XN5,AMD0199,AMD,SHOTGUN,v3,s3://amili-global-archive/SHOTGUN/v3/batch_5-96samples/B05AML_AMD_0199/kneaddata/B05AML_AMD_0199.fastq,s3://amili-global-archive/SHOTGUN/v3/batch_5-96samples/B05AML_AMD_0199/kneaddata/B05AML_AMD_0199_stat.tsv,s3://amili-global-archive/SHOTGUN/v3/batch_5-96samples/B05AML_AMD_0199/metaphlan/B05AML_AMD_0199_metaphlan.tsv,s3://amili-global-archive/SHOTGUN/v3/batch_5-96samples/B05AML_AMD_0199/humann/B05AML_AMD_0199_pathabundance.tsv,s3://amili-global-archive/SHOTGUN/v3/batch_5-96samples/B05AML_AMD_0199/humann/B05AML_AMD_0199_reaction_ec.tsv,s3://amili-global-archive/SHOTGUN/v3/batch_5-96samples/B05AML_AMD_0199/humann/B05AML_AMD_0199_genefamilies.tsv,s3://amili-global-archive/SHOTGUN/v3/batch_5-96samples/B05AML_AMD_0199/humann/B05AML_AMD_0199_reaction_ko.tsv,s3://amili-analysis-lab/Macrogen/sequencing-data/batch_5-96samples/B05AML_AMD_0199_1.fastq.gz,s3://amili-analysis-lab/Macrogen/sequencing-data/batch_5-96samples/B05AML_AMD_0199_2.fastq.gz
B05AML_AMD_0199,BATCH5,,AMDJ-5PEB-9XN5,AMD0199,AMD,SHOTGUN,v3,s3://amili-global-archive/SHOTGUN/v3/batch_5/B05AML_AMD_0199/kneaddata/B05AML_AMD_0199.fastq,s3://amili-global-archive/SHOTGUN/v3/batch_5/B05AML_AMD_0199/kneaddata/B05AML_AMD_0199_stat.tsv,s3://amili-global-archive/SHOTGUN/v3/batch_5/B05AML_AMD_0199/metaphlan/B05AML_AMD_0199_metaphlan.tsv,s3://amili-global-archive/SHOTGUN/v3/batch_5/B05AML_AMD_0199/humann/B05AML_AMD_0199_pathabundance.tsv,s3://amili-global-archive/SHOTGUN/v3/batch_5/B05AML_AMD_0199/humann/B05AML_AMD_0199_reaction_ec.tsv,s3://amili-global-archive/SHOTGUN/v3/batch_5/B05AML_AMD_0199/humann/B05AML_AMD_0199_genefamilies.tsv,s3://amili-global-archive/SHOTGUN/v3/batch_5/B05AML_AMD_0199/humann/B05AML_AMD_0199_reaction_ko.tsv,s3://amili-analysis-lab/Macrogen/sequencing-data/batch_5-96samples/B05AML_AMD_0199_1.fastq.gz,s3://amili-analysis-lab/Macrogen/sequencing-data/batch_5-96samples/B05AML_AMD_0199_2.fastq.gz
B05AML_AMD_0200,BATCH5,,AMDJ-G98Q-VEEY,AMD0200,AMD,SHOTGUN,v3,s3://amili-global-archive/SHOTGUN/v3/batch_5/B05AML_AMD_0200/kneaddata/B05AML_AMD_0200.fastq,s3://amili-global-archive/SHOTGUN/v3/batch_5/B05AML_AMD_0200/kneaddata/B05AML_AMD_0200_stat.tsv,s3://amili-global-archive/SHOTGUN/v3/batch_5/B05AML_AMD_0200/metaphlan/B05AML_AMD_0200_metaphlan.tsv,s3://amili-global-archive/SHOTGUN/v3/batch_5/B05AML_AMD_0200/humann/B05AML_AMD_0200_pathabundance.tsv,s3://amili-global-archive/SHOTGUN/v3/batch_5/B05AML_AMD_0200/humann/B05AML_AMD_0200_reaction_ec.tsv,s3://amili-global-archive/SHOTGUN/v3/batch_5/B05AML_AMD_0200/humann/B05AML_AMD_0200_genefamilies.tsv,s3://amili-global-archive/SHOTGUN/v3/batch_5/B05AML_AMD_0200/humann/B05AML_AMD_0200_reaction_ko.tsv,s3://amili-analysis-lab/Macrogen/sequencing-data/batch_5-96samples/B05AML_AMD_0200_1.fastq.gz,s3://amili-analysis-lab/Macrogen/sequencing-data/batch_5-96samples/B05AML_AMD_0200_2.fastq.gz
B05AML_AMD_0202,BATCH5,,AMDJ-PFSA-XAZF,AMD0202,AMD,SHOTGUN,v3,s3://amili-global-archive/SHOTGUN/v3/batch_5/B05AML_AMD_0202/kneaddata/B05AML_AMD_0202.fastq,s3://amili-global-archive/SHOTGUN/v3/batch_5/B05AML_AMD_0202/kneaddata/B05AML_AMD_0202_stat.tsv,s3://amili-global-archive/SHOTGUN/v3/batch_5/B05AML_AMD_0202/metaphlan/B05AML_AMD_0202_metaphlan.tsv,s3://amili-global-archive/SHOTGUN/v3/batch_5/B05AML_AMD_0202/humann/B05AML_AMD_0202_pathabundance.tsv,s3://amili-global-archive/SHOTGUN/v3/batch_5/B05AML_AMD_0202/humann/B05AML_AMD_0202_reaction_ec.tsv,s3://amili-global-archive/SHOTGUN/v3/batch_5/B05AML_AMD_0202/humann/B05AML_AMD_0202_genefamilies.tsv,s3://amili-global-archive/SHOTGUN/v3/batch_5/B05AML_AMD_0202/humann/B05AML_AMD_0202_reaction_ko.tsv,s3://amili-analysis-lab/Macrogen/sequencing-data/batch_5-96samples/B05AML_AMD_0202_1.fastq.gz,s3://amili-analysis-lab/Macrogen/sequencing-data/batch_5-96samples/B05AML_AMD_0202_2.fastq.gz
B05AML_AMD_0212,BATCH5,,AMDJ-ZB2A-KWRU,AMD0212,AMD,SHOTGUN,v3,s3://amili-global-archive/SHOTGUN/v3/batch_5/B05AML_AMD_0212/kneaddata/B05AML_AMD_0212.fastq,s3://amili-global-archive/SHOTGUN/v3/batch_5/B05AML_AMD_0212/kneaddata/B05AML_AMD_0212_stat.tsv,s3://amili-global-archive/SHOTGUN/v3/batch_5/B05AML_AMD_0212/metaphlan/B05AML_AMD_0212_metaphlan.tsv,s3://amili-global-archive/SHOTGUN/v3/batch_5/B05AML_AMD_0212/humann/B05AML_AMD_0212_pathabundance.tsv,s3://amili-global-archive/SHOTGUN/v3/batch_5/B05AML_AMD_0212/humann/B05AML_AMD_0212_reaction_ec.tsv,s3://amili-global-archive/SHOTGUN/v3/batch_5/B05AML_AMD_0212/humann/B05AML_AMD_0212_genefamilies.tsv,s3://amili-global-archive/SHOTGUN/v3/batch_5/B05AML_AMD_0212/humann/B05AML_AMD_0212_reaction_ko.tsv,s3://amili-analysis-lab/Macrogen/sequencing-data/batch_5-96samples/B05AML_AMD_0212_1.fastq.gz,s3://amili-analysis-lab/Macrogen/sequencing-data/batch_5-96samples/B05AML_AMD_0212_2.fastq.gz
B05AML_AMD_0217,BATCH5,,AMDJ-UKYF-NG3Z,AMD0217,AMD,SHOTGUN,v3,s3://amili-global-archive/SHOTGUN/v3/batch_5-96samples/B05AML_AMD_0217/kneaddata/B05AML_AMD_0217.fastq,s3://amili-global-archive/SHOTGUN/v3/batch_5-96samples/B05AML_AMD_0217/kneaddata/B05AML_AMD_0217_stat.tsv,s3://amili-global-archive/SHOTGUN/v3/batch_5-96samples/B05AML_AMD_0217/metaphlan/B05AML_AMD_0217_metaphlan.tsv,s3://amili-global-archive/SHOTGUN/v3/batch_5-96samples/B05AML_AMD_0217/humann/B05AML_AMD_0217_pathabundance.tsv,s3://amili-global-archive/SHOTGUN/v3/batch_5-96samples/B05AML_AMD_0217/humann/B05AML_AMD_0217_reaction_ec.tsv,s3://amili-global-archive/SHOTGUN/v3/batch_5-96samples/B05AML_AMD_0217/humann/B05AML_AMD_0217_genefamilies.tsv,s3://amili-global-archive/SHOTGUN/v3/batch_5-96samples/B05AML_AMD_0217/humann/B05AML_AMD_0217_reaction_ko.tsv,s3://amili-analysis-lab/Macrogen/sequencing-data/batch_5-96samples/B05AML_AMD_0217_1.fastq.gz,s3://amili-analysis-lab/Macrogen/sequencing-data/batch_5-96samples/B05AML_AMD_0217_2.fastq.gz
B05AML_AMD_0217,BATCH5,,AMDJ-UKYF-NG3Z,AMD0217,AMD,SHOTGUN,v3,s3://amili-global-archive/SHOTGUN/v3/batch_5/B05AML_AMD_0217/kneaddata/B05AML_AMD_0217.fastq,s3://amili-global-archive/SHOTGUN/v3/batch_5/B05AML_AMD_0217/kneaddata/B05AML_AMD_0217_stat.tsv,s3://amili-global-archive/SHOTGUN/v3/batch_5/B05AML_AMD_0217/metaphlan/B05AML_AMD_0217_metaphlan.tsv,s3://amili-global-archive/SHOTGUN/v3/batch_5/B05AML_AMD_0217/humann/B05AML_AMD_0217_pathabundance.tsv,s3://amili-global-archive/SHOTGUN/v3/batch_5/B05AML_AMD_0217/humann/B05AML_AMD_0217_reaction_ec.tsv,s3://amili-global-archive/SHOTGUN/v3/batch_5/B05AML_AMD_0217/humann/B05AML_AMD_0217_genefamilies.tsv,s3://amili-global-archive/SHOTGUN/v3/batch_5/B05AML_AMD_0217/humann/B05AML_AMD_0217_reaction_ko.tsv,s3://amili-analysis-lab/Macrogen/sequencing-data/batch_5-96samples/B05AML_AMD_0217_1.fastq.gz,s3://amili-analysis-lab/Macrogen/sequencing-data/batch_5-96samples/B05AML_AMD_0217_2.fastq.gz
B05AML_AMD_0219,BATCH5,,AMDJ-ZXT2-DC4U,AMD0219,AMD,SHOTGUN,v3,s3://amili-global-archive/SHOTGUN/v3/batch_5-96samples/B05AML_AMD_0219/kneaddata/B05AML_AMD_0219.fastq,s3://amili-global-archive/SHOTGUN/v3/batch_5-96samples/B05AML_AMD_0219/kneaddata/B05AML_AMD_0219_stat.tsv,s3://amili-global-archive/SHOTGUN/v3/batch_5-96samples/B05AML_AMD_0219/metaphlan/B05AML_AMD_0219_metaphlan.tsv,s3://amili-global-archive/SHOTGUN/v3/batch_5-96samples/B05AML_AMD_0219/humann/B05AML_AMD_0219_pathabundance.tsv,s3://amili-global-archive/SHOTGUN/v3/batch_5-96samples/B05AML_AMD_0219/humann/B05AML_AMD_0219_reaction_ec.tsv,s3://amili-global-archive/SHOTGUN/v3/batch_5-96samples/B05AML_AMD_0219/humann/B05AML_AMD_0219_genefamilies.tsv,s3://amili-global-archive/SHOTGUN/v3/batch_5-96samples/B05AML_AMD_0219/humann/B05AML_AMD_0219_reaction_ko.tsv,s3://amili-analysis-lab/Macrogen/sequencing-data/batch_5-96samples/B05AML_AMD_0219_1.fastq.gz,s3://amili-analysis-lab/Macrogen/sequencing-data/batch_5-96samples/B05AML_AMD_0219_2.fastq.gz
B05AML_AMD_0219,BATCH5,,AMDJ-ZXT2-DC4U,AMD0219,AMD,SHOTGUN,v3,s3://amili-global-archive/SHOTGUN/v3/batch_5/B05AML_AMD_0219/kneaddata/B05AML_AMD_0219.fastq,s3://amili-global-archive/SHOTGUN/v3/batch_5/B05AML_AMD_0219/kneaddata/B05AML_AMD_0219_stat.tsv,s3://amili-global-archive/SHOTGUN/v3/batch_5/B05AML_AMD_0219/metaphlan/B05AML_AMD_0219_metaphlan.tsv,s3://amili-global-archive/SHOTGUN/v3/batch_5/B05AML_AMD_0219/humann/B05AML_AMD_0219_pathabundance.tsv,s3://amili-global-archive/SHOTGUN/v3/batch_5/B05AML_AMD_0219/humann/B05AML_AMD_0219_reaction_ec.tsv,s3://amili-global-archive/SHOTGUN/v3/batch_5/B05AML_AMD_0219/humann/B05AML_AMD_0219_genefamilies.tsv,s3://amili-global-archive/SHOTGUN/v3/batch_5/B05AML_AMD_0219/humann/B05AML_AMD_0219_reaction_ko.tsv,s3://amili-analysis-lab/Macrogen/sequencing-data/batch_5-96samples/B05AML_AMD_0219_1.fastq.gz,s3://amili-analysis-lab/Macrogen/sequencing-data/batch_5-96samples/B05AML_AMD_0219_2.fastq.gz
B05AML_AMD_0224,BATCH5,,AMDJ-SRUJ-U4K7,AMD0224,AMD,SHOTGUN,v3,s3://amili-global-archive/SHOTGUN/v3/batch_5/B05AML_AMD_0224/kneaddata/B05AML_AMD_0224.fastq,s3://amili-global-archive/SHOTGUN/v3/batch_5/B05AML_AMD_0224/kneaddata/B05AML_AMD_0224_stat.tsv,s3://amili-global-archive/SHOTGUN/v3/batch_5/B05AML_AMD_0224/metaphlan/B05AML_AMD_0224_metaphlan.tsv,s3://amili-global-archive/SHOTGUN/v3/batch_5/B05AML_AMD_0224/humann/B05AML_AMD_0224_pathabundance.tsv,s3://amili-global-archive/SHOTGUN/v3/batch_5/B05AML_AMD_0224/humann/B05AML_AMD_0224_reaction_ec.tsv,s3://amili-global-archive/SHOTGUN/v3/batch_5/B05AML_AMD_0224/humann/B05AML_AMD_0224_genefamilies.tsv,s3://amili-global-archive/SHOTGUN/v3/batch_5/B05AML_AMD_0224/humann/B05AML_AMD_0224_reaction_ko.tsv,s3://amili-analysis-lab/Macrogen/sequencing-data/batch_5-96samples/B05AML_AMD_0224_1.fastq.gz,s3://amili-analysis-lab/Macrogen/sequencing-data/batch_5-96samples/B05AML_AMD_0224_2.fastq.gz
B05AML_AMD_0226,BATCH5,,AMDJ-7P32-SQTM,AMD0226,AMD,SHOTGUN,v3,s3://amili-global-archive/SHOTGUN/v3/batch_5/B05AML_AMD_0226/kneaddata/B05AML_AMD_0226.fastq,s3://amili-global-archive/SHOTGUN/v3/batch_5/B05AML_AMD_0226/kneaddata/B05AML_AMD_0226_stat.tsv,s3://amili-global-archive/SHOTGUN/v3/batch_5/B05AML_AMD_0226/metaphlan/B05AML_AMD_0226_metaphlan.tsv,s3://amili-global-archive/SHOTGUN/v3/batch_5/B05AML_AMD_0226/humann/B05AML_AMD_0226_pathabundance.tsv,s3://amili-global-archive/SHOTGUN/v3/batch_5/B05AML_AMD_0226/humann/B05AML_AMD_0226_reaction_ec.tsv,s3://amili-global-archive/SHOTGUN/v3/batch_5/B05AML_AMD_0226/humann/B05AML_AMD_0226_genefamilies.tsv,s3://amili-global-archive/SHOTGUN/v3/batch_5/B05AML_AMD_0226/humann/B05AML_AMD_0226_reaction_ko.tsv,s3://amili-analysis-lab/Macrogen/sequencing-data/batch_5-96samples/B05AML_AMD_0226_1.fastq.gz,s3://amili-analysis-lab/Macrogen/sequencing-data/batch_5-96samples/B05AML_AMD_0226_2.fastq.gz
B05AML_AMD_0227,BATCH5,,AMDJ-NM7W-5NM2,AMD0227,AMD,SHOTGUN,v3,s3://amili-global-archive/SHOTGUN/v3/batch_5/B05AML_AMD_0227/kneaddata/B05AML_AMD_0227.fastq,s3://amili-global-archive/SHOTGUN/v3/batch_5/B05AML_AMD_0227/kneaddata/B05AML_AMD_0227_stat.tsv,s3://amili-global-archive/SHOTGUN/v3/batch_5/B05AML_AMD_0227/metaphlan/B05AML_AMD_0227_metaphlan.tsv,s3://amili-global-archive/SHOTGUN/v3/batch_5/B05AML_AMD_0227/humann/B05AML_AMD_0227_pathabundance.tsv,s3://amili-global-archive/SHOTGUN/v3/batch_5/B05AML_AMD_0227/humann/B05AML_AMD_0227_reaction_ec.tsv,s3://amili-global-archive/SHOTGUN/v3/batch_5/B05AML_AMD_0227/humann/B05AML_AMD_0227_genefamilies.tsv,s3://amili-global-archive/SHOTGUN/v3/batch_5/B05AML_AMD_0227/humann/B05AML_AMD_0227_reaction_ko.tsv,s3://amili-analysis-lab/Macrogen/sequencing-data/batch_5-96samples/B05AML_AMD_0227_1.fastq.gz,s3://amili-analysis-lab/Macrogen/sequencing-data/batch_5-96samples/B05AML_AMD_0227_2.fastq.gz
B05AML_AMD_0228,BATCH5,,AMDJ-WXXS-Y8AJ,AMD0228,AMD,SHOTGUN,v3,s3://amili-global-archive/SHOTGUN/v3/batch_5/B05AML_AMD_0228/kneaddata/B05AML_AMD_0228.fastq,s3://amili-global-archive/SHOTGUN/v3/batch_5/B05AML_AMD_0228/kneaddata/B05AML_AMD_0228_stat.tsv,s3://amili-global-archive/SHOTGUN/v3/batch_5/B05AML_AMD_0228/metaphlan/B05AML_AMD_0228_metaphlan.tsv,s3://amili-global-archive/SHOTGUN/v3/batch_5/B05AML_AMD_0228/humann/B05AML_AMD_0228_pathabundance.tsv,s3://amili-global-archive/SHOTGUN/v3/batch_5/B05AML_AMD_0228/humann/B05AML_AMD_0228_reaction_ec.tsv,s3://amili-global-archive/SHOTGUN/v3/batch_5/B05AML_AMD_0228/humann/B05AML_AMD_0228_genefamilies.tsv,s3://amili-global-archive/SHOTGUN/v3/batch_5/B05AML_AMD_0228/humann/B05AML_AMD_0228_reaction_ko.tsv,s3://amili-analysis-lab/Macrogen/sequencing-data/batch_5-96samples/B05AML_AMD_0228_1.fastq.gz,s3://amili-analysis-lab/Macrogen/sequencing-data/batch_5-96samples/B05AML_AMD_0228_2.fastq.gz
B05AML_AMD_0230,BATCH5,,AMDJ-AHPV-B8QW,AMD0230,AMD,SHOTGUN,v3,s3://amili-global-archive/SHOTGUN/v3/batch_5/B05AML_AMD_0230/kneaddata/B05AML_AMD_0230.fastq,s3://amili-global-archive/SHOTGUN/v3/batch_5/B05AML_AMD_0230/kneaddata/B05AML_AMD_0230_stat.tsv,s3://amili-global-archive/SHOTGUN/v3/batch_5/B05AML_AMD_0230/metaphlan/B05AML_AMD_0230_metaphlan.tsv,s3://amili-global-archive/SHOTGUN/v3/batch_5/B05AML_AMD_0230/humann/B05AML_AMD_0230_pathabundance.tsv,s3://amili-global-archive/SHOTGUN/v3/batch_5/B05AML_AMD_0230/humann/B05AML_AMD_0230_reaction_ec.tsv,s3://amili-global-archive/SHOTGUN/v3/batch_5/B05AML_AMD_0230/humann/B05AML_AMD_0230_genefamilies.tsv,s3://amili-global-archive/SHOTGUN/v3/batch_5/B05AML_AMD_0230/humann/B05AML_AMD_0230_reaction_ko.tsv,s3://amili-analysis-lab/Macrogen/sequencing-data/batch_5-96samples/B05AML_AMD_0230_1.fastq.gz,s3://amili-analysis-lab/Macrogen/sequencing-data/batch_5-96samples/B05AML_AMD_0230_2.fastq.gz
B05AML_AMD_0232,BATCH5,,AMDJ-2A8W-HF6Z,AMD0232,AMD,SHOTGUN,v3,s3://amili-global-archive/SHOTGUN/v3/batch_5/B05AML_AMD_0232/kneaddata/B05AML_AMD_0232.fastq,s3://amili-global-archive/SHOTGUN/v3/batch_5/B05AML_AMD_0232/kneaddata/B05AML_AMD_0232_stat.tsv,s3://amili-global-archive/SHOTGUN/v3/batch_5/B05AML_AMD_0232/metaphlan/B05AML_AMD_0232_metaphlan.tsv,s3://amili-global-archive/SHOTGUN/v3/batch_5/B05AML_AMD_0232/humann/B05AML_AMD_0232_pathabundance.tsv,s3://amili-global-archive/SHOTGUN/v3/batch_5/B05AML_AMD_0232/humann/B05AML_AMD_0232_reaction_ec.tsv,s3://amili-global-archive/SHOTGUN/v3/batch_5/B05AML_AMD_0232/humann/B05AML_AMD_0232_genefamilies.tsv,s3://amili-global-archive/SHOTGUN/v3/batch_5/B05AML_AMD_0232/humann/B05AML_AMD_0232_reaction_ko.tsv,s3://amili-analysis-lab/Macrogen/sequencing-data/batch_5-96samples/B05AML_AMD_0232_1.fastq.gz,s3://amili-analysis-lab/Macrogen/sequencing-data/batch_5-96samples/B05AML_AMD_0232_2.fastq.gz
B05AML_AMD_0233,BATCH5,,AMDJ-UMKY-6EA4,AMD0233,AMD,SHOTGUN,v3,s3://amili-global-archive/SHOTGUN/v3/batch_5/B05AML_AMD_0233/kneaddata/B05AML_AMD_0233.fastq,s3://amili-global-archive/SHOTGUN/v3/batch_5/B05AML_AMD_0233/kneaddata/B05AML_AMD_0233_stat.tsv,s3://amili-global-archive/SHOTGUN/v3/batch_5/B05AML_AMD_0233/metaphlan/B05AML_AMD_0233_metaphlan.tsv,s3://amili-global-archive/SHOTGUN/v3/batch_5/B05AML_AMD_0233/humann/B05AML_AMD_0233_pathabundance.tsv,s3://amili-global-archive/SHOTGUN/v3/batch_5/B05AML_AMD_0233/humann/B05AML_AMD_0233_reaction_ec.tsv,s3://amili-global-archive/SHOTGUN/v3/batch_5/B05AML_AMD_0233/humann/B05AML_AMD_0233_genefamilies.tsv,s3://amili-global-archive/SHOTGUN/v3/batch_5/B05AML_AMD_0233/humann/B05AML_AMD_0233_reaction_ko.tsv,s3://amili-analysis-lab/Macrogen/sequencing-data/batch_5-96samples/B05AML_AMD_0233_1.fastq.gz,s3://amili-analysis-lab/Macrogen/sequencing-data/batch_5-96samples/B05AML_AMD_0233_2.fastq.gz
B05AML_AMD_0234,BATCH5,,AMDJ-ZWQ3-VRFZ,AMD0234,AMD,SHOTGUN,v3,s3://amili-global-archive/SHOTGUN/v3/batch_5/B05AML_AMD_0234/kneaddata/B05AML_AMD_0234.fastq,s3://amili-global-archive/SHOTGUN/v3/batch_5/B05AML_AMD_0234/kneaddata/B05AML_AMD_0234_stat.tsv,s3://amili-global-archive/SHOTGUN/v3/batch_5/B05AML_AMD_0234/metaphlan/B05AML_AMD_0234_metaphlan.tsv,s3://amili-global-archive/SHOTGUN/v3/batch_5/B05AML_AMD_0234/humann/B05AML_AMD_0234_pathabundance.tsv,s3://amili-global-archive/SHOTGUN/v3/batch_5/B05AML_AMD_0234/humann/B05AML_AMD_0234_reaction_ec.tsv,s3://amili-global-archive/SHOTGUN/v3/batch_5/B05AML_AMD_0234/humann/B05AML_AMD_0234_genefamilies.tsv,s3://amili-global-archive/SHOTGUN/v3/batch_5/B05AML_AMD_0234/humann/B05AML_AMD_0234_reaction_ko.tsv,s3://amili-analysis-lab/Macrogen/sequencing-data/batch_5-96samples/B05AML_AMD_0234_1.fastq.gz,s3://amili-analysis-lab/Macrogen/sequencing-data/batch_5-96samples/B05AML_AMD_0234_2.fastq.gz
B05AML_AMD_0236,BATCH5,,AMDJ-UDM6-7FYW,AMD0236,AMD,SHOTGUN,v3,s3://amili-global-archive/SHOTGUN/v3/batch_5/B05AML_AMD_0236/kneaddata/B05AML_AMD_0236.fastq,s3://amili-global-archive/SHOTGUN/v3/batch_5/B05AML_AMD_0236/kneaddata/B05AML_AMD_0236_stat.tsv,s3://amili-global-archive/SHOTGUN/v3/batch_5/B05AML_AMD_0236/metaphlan/B05AML_AMD_0236_metaphlan.tsv,s3://amili-global-archive/SHOTGUN/v3/batch_5/B05AML_AMD_0236/humann/B05AML_AMD_0236_pathabundance.tsv,s3://amili-global-archive/SHOTGUN/v3/batch_5/B05AML_AMD_0236/humann/B05AML_AMD_0236_reaction_ec.tsv,s3://amili-global-archive/SHOTGUN/v3/batch_5/B05AML_AMD_0236/humann/B05AML_AMD_0236_genefamilies.tsv,s3://amili-global-archive/SHOTGUN/v3/batch_5/B05AML_AMD_0236/humann/B05AML_AMD_0236_reaction_ko.tsv,s3://amili-analysis-lab/Macrogen/sequencing-data/batch_5-96samples/B05AML_AMD_0236_1.fastq.gz,s3://amili-analysis-lab/Macrogen/sequencing-data/batch_5-96samples/B05AML_AMD_0236_2.fastq.gz
B05AML_AMD_0238,BATCH5,,AMDJ-GPSE-WWP3,AMD0238,AMD,SHOTGUN,v3,s3://amili-global-archive/SHOTGUN/v3/batch_5/B05AML_AMD_0238/kneaddata/B05AML_AMD_0238.fastq,s3://amili-global-archive/SHOTGUN/v3/batch_5/B05AML_AMD_0238/kneaddata/B05AML_AMD_0238_stat.tsv,s3://amili-global-archive/SHOTGUN/v3/batch_5/B05AML_AMD_0238/metaphlan/B05AML_AMD_0238_metaphlan.tsv,s3://amili-global-archive/SHOTGUN/v3/batch_5/B05AML_AMD_0238/humann/B05AML_AMD_0238_pathabundance.tsv,s3://amili-global-archive/SHOTGUN/v3/batch_5/B05AML_AMD_0238/humann/B05AML_AMD_0238_reaction_ec.tsv,s3://amili-global-archive/SHOTGUN/v3/batch_5/B05AML_AMD_0238/humann/B05AML_AMD_0238_genefamilies.tsv,s3://amili-global-archive/SHOTGUN/v3/batch_5/B05AML_AMD_0238/humann/B05AML_AMD_0238_reaction_ko.tsv,s3://amili-analysis-lab/Macrogen/sequencing-data/batch_5-96samples/B05AML_AMD_0238_1.fastq.gz,s3://amili-analysis-lab/Macrogen/sequencing-data/batch_5-96samples/B05AML_AMD_0238_2.fastq.gz
B05AML_AMD_0239,BATCH5,,AMDJ-ARHM-2CEA,AMD0239,AMD,SHOTGUN,v3,s3://amili-global-archive/SHOTGUN/v3/batch_5/B05AML_AMD_0239/kneaddata/B05AML_AMD_0239.fastq,s3://amili-global-archive/SHOTGUN/v3/batch_5/B05AML_AMD_0239/kneaddata/B05AML_AMD_0239_stat.tsv,s3://amili-global-archive/SHOTGUN/v3/batch_5/B05AML_AMD_0239/metaphlan/B05AML_AMD_0239_metaphlan.tsv,s3://amili-global-archive/SHOTGUN/v3/batch_5/B05AML_AMD_0239/humann/B05AML_AMD_0239_pathabundance.tsv,s3://amili-global-archive/SHOTGUN/v3/batch_5/B05AML_AMD_0239/humann/B05AML_AMD_0239_reaction_ec.tsv,s3://amili-global-archive/SHOTGUN/v3/batch_5/B05AML_AMD_0239/humann/B05AML_AMD_0239_genefamilies.tsv,s3://amili-global-archive/SHOTGUN/v3/batch_5/B05AML_AMD_0239/humann/B05AML_AMD_0239_reaction_ko.tsv,s3://amili-analysis-lab/Macrogen/sequencing-data/batch_5-96samples/B05AML_AMD_0239_1.fastq.gz,s3://amili-analysis-lab/Macrogen/sequencing-data/batch_5-96samples/B05AML_AMD_0239_2.fastq.gz
B05AML_AMD_0244,BATCH5,,AMDJ-CYT3-DYYM,AMD0244,AMD,SHOTGUN,v3,s3://amili-global-archive/SHOTGUN/v3/batch_5/B05AML_AMD_0244/kneaddata/B05AML_AMD_0244.fastq,s3://amili-global-archive/SHOTGUN/v3/batch_5/B05AML_AMD_0244/kneaddata/B05AML_AMD_0244_stat.tsv,s3://amili-global-archive/SHOTGUN/v3/batch_5/B05AML_AMD_0244/metaphlan/B05AML_AMD_0244_metaphlan.tsv,s3://amili-global-archive/SHOTGUN/v3/batch_5/B05AML_AMD_0244/humann/B05AML_AMD_0244_pathabundance.tsv,s3://amili-global-archive/SHOTGUN/v3/batch_5/B05AML_AMD_0244/humann/B05AML_AMD_0244_reaction_ec.tsv,s3://amili-global-archive/SHOTGUN/v3/batch_5/B05AML_AMD_0244/humann/B05AML_AMD_0244_genefamilies.tsv,s3://amili-global-archive/SHOTGUN/v3/batch_5/B05AML_AMD_0244/humann/B05AML_AMD_0244_reaction_ko.tsv,s3://amili-analysis-lab/Macrogen/sequencing-data/batch_5-96samples/B05AML_AMD_0244_1.fastq.gz,s3://amili-analysis-lab/Macrogen/sequencing-data/batch_5-96samples/B05AML_AMD_0244_2.fastq.gz
B05AML_AMD_0250,BATCH5,,AMDJ-Q2KA-NZ3W,AMD0250,AMD,SHOTGUN,v3,s3://amili-global-archive/SHOTGUN/v3/batch_5/B05AML_AMD_0250/kneaddata/B05AML_AMD_0250.fastq,s3://amili-global-archive/SHOTGUN/v3/batch_5/B05AML_AMD_0250/kneaddata/B05AML_AMD_0250_stat.tsv,s3://amili-global-archive/SHOTGUN/v3/batch_5/B05AML_AMD_0250/metaphlan/B05AML_AMD_0250_metaphlan.tsv,s3://amili-global-archive/SHOTGUN/v3/batch_5/B05AML_AMD_0250/humann/B05AML_AMD_0250_pathabundance.tsv,s3://amili-global-archive/SHOTGUN/v3/batch_5/B05AML_AMD_0250/humann/B05AML_AMD_0250_reaction_ec.tsv,s3://amili-global-archive/SHOTGUN/v3/batch_5/B05AML_AMD_0250/humann/B05AML_AMD_0250_genefamilies.tsv,s3://amili-global-archive/SHOTGUN/v3/batch_5/B05AML_AMD_0250/humann/B05AML_AMD_0250_reaction_ko.tsv,s3://amili-analysis-lab/Macrogen/sequencing-data/batch_5-96samples/B05AML_AMD_0250_1.fastq.gz,s3://amili-analysis-lab/Macrogen/sequencing-data/batch_5-96samples/B05AML_AMD_0250_2.fastq.gz
B05AML_AMD_0252,BATCH5,,AMDJ-JECP-UCT7,AMD0252,AMD,SHOTGUN,v3,s3://amili-global-archive/SHOTGUN/v3/batch_5/B05AML_AMD_0252/kneaddata/B05AML_AMD_0252.fastq,s3://amili-global-archive/SHOTGUN/v3/batch_5/B05AML_AMD_0252/kneaddata/B05AML_AMD_0252_stat.tsv,s3://amili-global-archive/SHOTGUN/v3/batch_5/B05AML_AMD_0252/metaphlan/B05AML_AMD_0252_metaphlan.tsv,s3://amili-global-archive/SHOTGUN/v3/batch_5/B05AML_AMD_0252/humann/B05AML_AMD_0252_pathabundance.tsv,s3://amili-global-archive/SHOTGUN/v3/batch_5/B05AML_AMD_0252/humann/B05AML_AMD_0252_reaction_ec.tsv,s3://amili-global-archive/SHOTGUN/v3/batch_5/B05AML_AMD_0252/humann/B05AML_AMD_0252_genefamilies.tsv,s3://amili-global-archive/SHOTGUN/v3/batch_5/B05AML_AMD_0252/humann/B05AML_AMD_0252_reaction_ko.tsv,s3://amili-analysis-lab/Macrogen/sequencing-data/batch_5-96samples/B05AML_AMD_0252_1.fastq.gz,s3://amili-analysis-lab/Macrogen/sequencing-data/batch_5-96samples/B05AML_AMD_0252_2.fastq.gz
B05AML_AMD_0253,BATCH5,,AMDJ-8DPD-FZH3,AMD0253,AMD,SHOTGUN,v3,s3://amili-global-archive/SHOTGUN/v3/batch_5/B05AML_AMD_0253/kneaddata/B05AML_AMD_0253.fastq,s3://amili-global-archive/SHOTGUN/v3/batch_5/B05AML_AMD_0253/kneaddata/B05AML_AMD_0253_stat.tsv,s3://amili-global-archive/SHOTGUN/v3/batch_5/B05AML_AMD_0253/metaphlan/B05AML_AMD_0253_metaphlan.tsv,s3://amili-global-archive/SHOTGUN/v3/batch_5/B05AML_AMD_0253/humann/B05AML_AMD_0253_pathabundance.tsv,s3://amili-global-archive/SHOTGUN/v3/batch_5/B05AML_AMD_0253/humann/B05AML_AMD_0253_reaction_ec.tsv,s3://amili-global-archive/SHOTGUN/v3/batch_5/B05AML_AMD_0253/humann/B05AML_AMD_0253_genefamilies.tsv,s3://amili-global-archive/SHOTGUN/v3/batch_5/B05AML_AMD_0253/humann/B05AML_AMD_0253_reaction_ko.tsv,s3://amili-analysis-lab/Macrogen/sequencing-data/batch_5-96samples/B05AML_AMD_0253_1.fastq.gz,s3://amili-analysis-lab/Macrogen/sequencing-data/batch_5-96samples/B05AML_AMD_0253_2.fastq.gz
B05AML_AMD_0256,BATCH5,,V54J-46XU-CXPR,AMD0256,AMD,SHOTGUN,v3,s3://amili-global-archive/SHOTGUN/v3/batch_5/B05AML_AMD_0256/kneaddata/B05AML_AMD_0256.fastq,s3://amili-global-archive/SHOTGUN/v3/batch_5/B05AML_AMD_0256/kneaddata/B05AML_AMD_0256_stat.tsv,s3://amili-global-archive/SHOTGUN/v3/batch_5/B05AML_AMD_0256/metaphlan/B05AML_AMD_0256_metaphlan.tsv,s3://amili-global-archive/SHOTGUN/v3/batch_5/B05AML_AMD_0256/humann/B05AML_AMD_0256_pathabundance.tsv,s3://amili-global-archive/SHOTGUN/v3/batch_5/B05AML_AMD_0256/humann/B05AML_AMD_0256_reaction_ec.tsv,s3://amili-global-archive/SHOTGUN/v3/batch_5/B05AML_AMD_0256/humann/B05AML_AMD_0256_genefamilies.tsv,s3://amili-global-archive/SHOTGUN/v3/batch_5/B05AML_AMD_0256/humann/B05AML_AMD_0256_reaction_ko.tsv,s3://amili-analysis-lab/Macrogen/sequencing-data/batch_5-96samples/B05AML_AMD_0256_1.fastq.gz,s3://amili-analysis-lab/Macrogen/sequencing-data/batch_5-96samples/B05AML_AMD_0256_2.fastq.gz
B05AML_AMD_0261,BATCH5,,AMDJ-TW42-NRY6,AMD0261,AMD,SHOTGUN,v3,s3://amili-global-archive/SHOTGUN/v3/batch_5/B05AML_AMD_0261/kneaddata/B05AML_AMD_0261.fastq,s3://amili-global-archive/SHOTGUN/v3/batch_5/B05AML_AMD_0261/kneaddata/B05AML_AMD_0261_stat.tsv,s3://amili-global-archive/SHOTGUN/v3/batch_5/B05AML_AMD_0261/metaphlan/B05AML_AMD_0261_metaphlan.tsv,s3://amili-global-archive/SHOTGUN/v3/batch_5/B05AML_AMD_0261/humann/B05AML_AMD_0261_pathabundance.tsv,s3://amili-global-archive/SHOTGUN/v3/batch_5/B05AML_AMD_0261/humann/B05AML_AMD_0261_reaction_ec.tsv,s3://amili-global-archive/SHOTGUN/v3/batch_5/B05AML_AMD_0261/humann/B05AML_AMD_0261_genefamilies.tsv,s3://amili-global-archive/SHOTGUN/v3/batch_5/B05AML_AMD_0261/humann/B05AML_AMD_0261_reaction_ko.tsv,s3://amili-analysis-lab/Macrogen/sequencing-data/batch_5-96samples/B05AML_AMD_0261_1.fastq.gz,s3://amili-analysis-lab/Macrogen/sequencing-data/batch_5-96samples/B05AML_AMD_0261_2.fastq.gz
B05AML_AMD_0263,BATCH5,,AMDJ-Q7NU-9NQ4,AMD0263,AMD,SHOTGUN,v3,s3://amili-global-archive/SHOTGUN/v3/batch_5/B05AML_AMD_0263/kneaddata/B05AML_AMD_0263.fastq,s3://amili-global-archive/SHOTGUN/v3/batch_5/B05AML_AMD_0263/kneaddata/B05AML_AMD_0263_stat.tsv,s3://amili-global-archive/SHOTGUN/v3/batch_5/B05AML_AMD_0263/metaphlan/B05AML_AMD_0263_metaphlan.tsv,s3://amili-global-archive/SHOTGUN/v3/batch_5/B05AML_AMD_0263/humann/B05AML_AMD_0263_pathabundance.tsv,s3://amili-global-archive/SHOTGUN/v3/batch_5/B05AML_AMD_0263/humann/B05AML_AMD_0263_reaction_ec.tsv,s3://amili-global-archive/SHOTGUN/v3/batch_5/B05AML_AMD_0263/humann/B05AML_AMD_0263_genefamilies.tsv,s3://amili-global-archive/SHOTGUN/v3/batch_5/B05AML_AMD_0263/humann/B05AML_AMD_0263_reaction_ko.tsv,s3://amili-analysis-lab/Macrogen/sequencing-data/batch_5-96samples/B05AML_AMD_0263_1.fastq.gz,s3://amili-analysis-lab/Macrogen/sequencing-data/batch_5-96samples/B05AML_AMD_0263_2.fastq.gz
B05AML_AMD_0272,BATCH5,,AMDJ-53K7-C2SV,AMD0272,AMD,SHOTGUN,v3,s3://amili-global-archive/SHOTGUN/v3/batch_5/B05AML_AMD_0272/kneaddata/B05AML_AMD_0272.fastq,s3://amili-global-archive/SHOTGUN/v3/batch_5/B05AML_AMD_0272/kneaddata/B05AML_AMD_0272_stat.tsv,s3://amili-global-archive/SHOTGUN/v3/batch_5/B05AML_AMD_0272/metaphlan/B05AML_AMD_0272_metaphlan.tsv,s3://amili-global-archive/SHOTGUN/v3/batch_5/B05AML_AMD_0272/humann/B05AML_AMD_0272_pathabundance.tsv,s3://amili-global-archive/SHOTGUN/v3/batch_5/B05AML_AMD_0272/humann/B05AML_AMD_0272_reaction_ec.tsv,s3://amili-global-archive/SHOTGUN/v3/batch_5/B05AML_AMD_0272/humann/B05AML_AMD_0272_genefamilies.tsv,s3://amili-global-archive/SHOTGUN/v3/batch_5/B05AML_AMD_0272/humann/B05AML_AMD_0272_reaction_ko.tsv,s3://amili-analysis-lab/Macrogen/sequencing-data/batch_5-96samples/B05AML_AMD_0272_1.fastq.gz,s3://amili-analysis-lab/Macrogen/sequencing-data/batch_5-96samples/B05AML_AMD_0272_2.fastq.gz
B05AML_AMD_0273,BATCH5,,AMDJ-QCRH-MZ8M,AMD0273,AMD,SHOTGUN,v3,s3://amili-global-archive/SHOTGUN/v3/batch_5/B05AML_AMD_0273/kneaddata/B05AML_AMD_0273.fastq,s3://amili-global-archive/SHOTGUN/v3/batch_5/B05AML_AMD_0273/kneaddata/B05AML_AMD_0273_stat.tsv,s3://amili-global-archive/SHOTGUN/v3/batch_5/B05AML_AMD_0273/metaphlan/B05AML_AMD_0273_metaphlan.tsv,s3://amili-global-archive/SHOTGUN/v3/batch_5/B05AML_AMD_0273/humann/B05AML_AMD_0273_pathabundance.tsv,s3://amili-global-archive/SHOTGUN/v3/batch_5/B05AML_AMD_0273/humann/B05AML_AMD_0273_reaction_ec.tsv,s3://amili-global-archive/SHOTGUN/v3/batch_5/B05AML_AMD_0273/humann/B05AML_AMD_0273_genefamilies.tsv,s3://amili-global-archive/SHOTGUN/v3/batch_5/B05AML_AMD_0273/humann/B05AML_AMD_0273_reaction_ko.tsv,s3://amili-analysis-lab/Macrogen/sequencing-data/batch_5-96samples/B05AML_AMD_0273_1.fastq.gz,s3://amili-analysis-lab/Macrogen/sequencing-data/batch_5-96samples/B05AML_AMD_0273_2.fastq.gz
B05AML_AMD_0274,BATCH5,,AMDJ-YSJM-CEWM,AMD0274,AMD,SHOTGUN,v3,s3://amili-global-archive/SHOTGUN/v3/batch_5/B05AML_AMD_0274/kneaddata/B05AML_AMD_0274.fastq,s3://amili-global-archive/SHOTGUN/v3/batch_5/B05AML_AMD_0274/kneaddata/B05AML_AMD_0274_stat.tsv,s3://amili-global-archive/SHOTGUN/v3/batch_5/B05AML_AMD_0274/metaphlan/B05AML_AMD_0274_metaphlan.tsv,s3://amili-global-archive/SHOTGUN/v3/batch_5/B05AML_AMD_0274/humann/B05AML_AMD_0274_pathabundance.tsv,s3://amili-global-archive/SHOTGUN/v3/batch_5/B05AML_AMD_0274/humann/B05AML_AMD_0274_reaction_ec.tsv,s3://amili-global-archive/SHOTGUN/v3/batch_5/B05AML_AMD_0274/humann/B05AML_AMD_0274_genefamilies.tsv,s3://amili-global-archive/SHOTGUN/v3/batch_5/B05AML_AMD_0274/humann/B05AML_AMD_0274_reaction_ko.tsv,s3://amili-analysis-lab/Macrogen/sequencing-data/batch_5-96samples/B05AML_AMD_0274_1.fastq.gz,s3://amili-analysis-lab/Macrogen/sequencing-data/batch_5-96samples/B05AML_AMD_0274_2.fastq.gz
B05AML_AMD_0278,BATCH5,,AMDJ-WYKQ-UUQV,AMD0278,AMD,SHOTGUN,v3,s3://amili-global-archive/SHOTGUN/v3/batch_5/B05AML_AMD_0278/kneaddata/B05AML_AMD_0278.fastq,s3://amili-global-archive/SHOTGUN/v3/batch_5/B05AML_AMD_0278/kneaddata/B05AML_AMD_0278_stat.tsv,s3://amili-global-archive/SHOTGUN/v3/batch_5/B05AML_AMD_0278/metaphlan/B05AML_AMD_0278_metaphlan.tsv,s3://amili-global-archive/SHOTGUN/v3/batch_5/B05AML_AMD_0278/humann/B05AML_AMD_0278_pathabundance.tsv,s3://amili-global-archive/SHOTGUN/v3/batch_5/B05AML_AMD_0278/humann/B05AML_AMD_0278_reaction_ec.tsv,s3://amili-global-archive/SHOTGUN/v3/batch_5/B05AML_AMD_0278/humann/B05AML_AMD_0278_genefamilies.tsv,s3://amili-global-archive/SHOTGUN/v3/batch_5/B05AML_AMD_0278/humann/B05AML_AMD_0278_reaction_ko.tsv,s3://amili-analysis-lab/Macrogen/sequencing-data/batch_5-96samples/B05AML_AMD_0278_1.fastq.gz,s3://amili-analysis-lab/Macrogen/sequencing-data/batch_5-96samples/B05AML_AMD_0278_2.fastq.gz
B05AML_AMD_0280,BATCH5,,AMDJ-WBCY-YES8,AMD0280,AMD,SHOTGUN,v3,s3://amili-global-archive/SHOTGUN/v3/batch_5/B05AML_AMD_0280/kneaddata/B05AML_AMD_0280.fastq,s3://amili-global-archive/SHOTGUN/v3/batch_5/B05AML_AMD_0280/kneaddata/B05AML_AMD_0280_stat.tsv,s3://amili-global-archive/SHOTGUN/v3/batch_5/B05AML_AMD_0280/metaphlan/B05AML_AMD_0280_metaphlan.tsv,s3://amili-global-archive/SHOTGUN/v3/batch_5/B05AML_AMD_0280/humann/B05AML_AMD_0280_pathabundance.tsv,s3://amili-global-archive/SHOTGUN/v3/batch_5/B05AML_AMD_0280/humann/B05AML_AMD_0280_reaction_ec.tsv,s3://amili-global-archive/SHOTGUN/v3/batch_5/B05AML_AMD_0280/humann/B05AML_AMD_0280_genefamilies.tsv,s3://amili-global-archive/SHOTGUN/v3/batch_5/B05AML_AMD_0280/humann/B05AML_AMD_0280_reaction_ko.tsv,s3://amili-analysis-lab/Macrogen/sequencing-data/batch_5-96samples/B05AML_AMD_0280_1.fastq.gz,s3://amili-analysis-lab/Macrogen/sequencing-data/batch_5-96samples/B05AML_AMD_0280_2.fastq.gz
B05AML_AMD_0282,BATCH5,,AMDJ-57KG-FKC6,AMD0282,AMD,SHOTGUN,v3,s3://amili-global-archive/SHOTGUN/v3/batch_5/B05AML_AMD_0282/kneaddata/B05AML_AMD_0282.fastq,s3://amili-global-archive/SHOTGUN/v3/batch_5/B05AML_AMD_0282/kneaddata/B05AML_AMD_0282_stat.tsv,s3://amili-global-archive/SHOTGUN/v3/batch_5/B05AML_AMD_0282/metaphlan/B05AML_AMD_0282_metaphlan.tsv,s3://amili-global-archive/SHOTGUN/v3/batch_5/B05AML_AMD_0282/humann/B05AML_AMD_0282_pathabundance.tsv,s3://amili-global-archive/SHOTGUN/v3/batch_5/B05AML_AMD_0282/humann/B05AML_AMD_0282_reaction_ec.tsv,s3://amili-global-archive/SHOTGUN/v3/batch_5/B05AML_AMD_0282/humann/B05AML_AMD_0282_genefamilies.tsv,s3://amili-global-archive/SHOTGUN/v3/batch_5/B05AML_AMD_0282/humann/B05AML_AMD_0282_reaction_ko.tsv,s3://amili-analysis-lab/Macrogen/sequencing-data/batch_5-96samples/B05AML_AMD_0282_1.fastq.gz,s3://amili-analysis-lab/Macrogen/sequencing-data/batch_5-96samples/B05AML_AMD_0282_2.fastq.gz
B05AML_AMD_0284,BATCH5,,AMDJ-4XRU-RAQ2,AMD0284,AMD,SHOTGUN,v3,s3://amili-global-archive/SHOTGUN/v3/batch_5-96samples/B05AML_AMD_0284/kneaddata/B05AML_AMD_0284.fastq,s3://amili-global-archive/SHOTGUN/v3/batch_5-96samples/B05AML_AMD_0284/kneaddata/B05AML_AMD_0284_stat.tsv,s3://amili-global-archive/SHOTGUN/v3/batch_5-96samples/B05AML_AMD_0284/metaphlan/B05AML_AMD_0284_metaphlan.tsv,s3://amili-global-archive/SHOTGUN/v3/batch_5-96samples/B05AML_AMD_0284/humann/B05AML_AMD_0284_pathabundance.tsv,s3://amili-global-archive/SHOTGUN/v3/batch_5-96samples/B05AML_AMD_0284/humann/B05AML_AMD_0284_reaction_ec.tsv,s3://amili-global-archive/SHOTGUN/v3/batch_5-96samples/B05AML_AMD_0284/humann/B05AML_AMD_0284_genefamilies.tsv,s3://amili-global-archive/SHOTGUN/v3/batch_5-96samples/B05AML_AMD_0284/humann/B05AML_AMD_0284_reaction_ko.tsv,s3://amili-analysis-lab/Macrogen/sequencing-data/batch_5-96samples/B05AML_AMD_0284_1.fastq.gz,s3://amili-analysis-lab/Macrogen/sequencing-data/batch_5-96samples/B05AML_AMD_0284_2.fastq.gz
B05AML_AMD_0284,BATCH5,,AMDJ-4XRU-RAQ2,AMD0284,AMD,SHOTGUN,v3,s3://amili-global-archive/SHOTGUN/v3/batch_5/B05AML_AMD_0284/kneaddata/B05AML_AMD_0284.fastq,s3://amili-global-archive/SHOTGUN/v3/batch_5/B05AML_AMD_0284/kneaddata/B05AML_AMD_0284_stat.tsv,s3://amili-global-archive/SHOTGUN/v3/batch_5/B05AML_AMD_0284/metaphlan/B05AML_AMD_0284_metaphlan.tsv,s3://amili-global-archive/SHOTGUN/v3/batch_5/B05AML_AMD_0284/humann/B05AML_AMD_0284_pathabundance.tsv,s3://amili-global-archive/SHOTGUN/v3/batch_5/B05AML_AMD_0284/humann/B05AML_AMD_0284_reaction_ec.tsv,s3://amili-global-archive/SHOTGUN/v3/batch_5/B05AML_AMD_0284/humann/B05AML_AMD_0284_genefamilies.tsv,s3://amili-global-archive/SHOTGUN/v3/batch_5/B05AML_AMD_0284/humann/B05AML_AMD_0284_reaction_ko.tsv,s3://amili-analysis-lab/Macrogen/sequencing-data/batch_5-96samples/B05AML_AMD_0284_1.fastq.gz,s3://amili-analysis-lab/Macrogen/sequencing-data/batch_5-96samples/B05AML_AMD_0284_2.fastq.gz
B05AML_AMD_0285,BATCH5,,AMDJ-4ABA-KGEU,AMD0285,AMD,SHOTGUN,v3,s3://amili-global-archive/SHOTGUN/v3/batch_5/B05AML_AMD_0285/kneaddata/B05AML_AMD_0285.fastq,s3://amili-global-archive/SHOTGUN/v3/batch_5/B05AML_AMD_0285/kneaddata/B05AML_AMD_0285_stat.tsv,s3://amili-global-archive/SHOTGUN/v3/batch_5/B05AML_AMD_0285/metaphlan/B05AML_AMD_0285_metaphlan.tsv,s3://amili-global-archive/SHOTGUN/v3/batch_5/B05AML_AMD_0285/humann/B05AML_AMD_0285_pathabundance.tsv,s3://amili-global-archive/SHOTGUN/v3/batch_5/B05AML_AMD_0285/humann/B05AML_AMD_0285_reaction_ec.tsv,s3://amili-global-archive/SHOTGUN/v3/batch_5/B05AML_AMD_0285/humann/B05AML_AMD_0285_genefamilies.tsv,s3://amili-global-archive/SHOTGUN/v3/batch_5/B05AML_AMD_0285/humann/B05AML_AMD_0285_reaction_ko.tsv,s3://amili-analysis-lab/Macrogen/sequencing-data/batch_5-96samples/B05AML_AMD_0285_1.fastq.gz,s3://amili-analysis-lab/Macrogen/sequencing-data/batch_5-96samples/B05AML_AMD_0285_2.fastq.gz
B05AML_AMD_0289,BATCH5,,AMDJ-SZSC-7GVJ,AMD0289,AMD,SHOTGUN,v3,s3://amili-global-archive/SHOTGUN/v3/batch_5/B05AML_AMD_0289/kneaddata/B05AML_AMD_0289.fastq,s3://amili-global-archive/SHOTGUN/v3/batch_5/B05AML_AMD_0289/kneaddata/B05AML_AMD_0289_stat.tsv,s3://amili-global-archive/SHOTGUN/v3/batch_5/B05AML_AMD_0289/metaphlan/B05AML_AMD_0289_metaphlan.tsv,s3://amili-global-archive/SHOTGUN/v3/batch_5/B05AML_AMD_0289/humann/B05AML_AMD_0289_pathabundance.tsv,s3://amili-global-archive/SHOTGUN/v3/batch_5/B05AML_AMD_0289/humann/B05AML_AMD_0289_reaction_ec.tsv,s3://amili-global-archive/SHOTGUN/v3/batch_5/B05AML_AMD_0289/humann/B05AML_AMD_0289_genefamilies.tsv,s3://amili-global-archive/SHOTGUN/v3/batch_5/B05AML_AMD_0289/humann/B05AML_AMD_0289_reaction_ko.tsv,s3://amili-analysis-lab/Macrogen/sequencing-data/batch_5-96samples/B05AML_AMD_0289_1.fastq.gz,s3://amili-analysis-lab/Macrogen/sequencing-data/batch_5-96samples/B05AML_AMD_0289_2.fastq.gz
B010AMD0984,MGG2_10,,E453-BF8P-7SN9,AMD0984,AMD,SHOTGUN,v3,s3://amili-global-archive/SHOTGUN/v3/Batch_MGG2_10/B010AMD0984/kneaddata/B010AMD0984.fastq,s3://amili-global-archive/SHOTGUN/v3/Batch_MGG2_10/B010AMD0984/kneaddata/B010AMD0984_stat.tsv,s3://amili-global-archive/SHOTGUN/v3/Batch_MGG2_10/B010AMD0984/metaphlan/B010AMD0984_metaphlan.tsv,s3://amili-global-archive/SHOTGUN/v3/Batch_MGG2_10/B010AMD0984/humann/B010AMD0984_pathabundance.tsv,s3://amili-global-archive/SHOTGUN/v3/Batch_MGG2_10/B010AMD0984/humann/B010AMD0984_reaction_ec.tsv,s3://amili-global-archive/SHOTGUN/v3/Batch_MGG2_10/B010AMD0984/humann/B010AMD0984_genefamilies.tsv,s3://amili-global-archive/SHOTGUN/v3/Batch_MGG2_10/B010AMD0984/humann/B010AMD0984_reaction_ko.tsv,s3://amili-analysis-lab/Macrogen/sequencing-data/Batch_MGG2_10-37samples/B010AMD0984_1.fastq.gz,s3://amili-analysis-lab/Macrogen/sequencing-data/Batch_MGG2_10-37samples/B010AMD0984_2.fastq.gz
B010AMD0985,MGG2_10,,EMTQ-A8XH-YVEE,AMD0985,AMD,SHOTGUN,v3,s3://amili-global-archive/SHOTGUN/v3/Batch_MGG2_10/B010AMD0985/kneaddata/B010AMD0985.fastq,s3://amili-global-archive/SHOTGUN/v3/Batch_MGG2_10/B010AMD0985/kneaddata/B010AMD0985_stat.tsv,s3://amili-global-archive/SHOTGUN/v3/Batch_MGG2_10/B010AMD0985/metaphlan/B010AMD0985_metaphlan.tsv,s3://amili-global-archive/SHOTGUN/v3/Batch_MGG2_10/B010AMD0985/humann/B010AMD0985_pathabundance.tsv,s3://amili-global-archive/SHOTGUN/v3/Batch_MGG2_10/B010AMD0985/humann/B010AMD0985_reaction_ec.tsv,s3://amili-global-archive/SHOTGUN/v3/Batch_MGG2_10/B010AMD0985/humann/B010AMD0985_genefamilies.tsv,s3://amili-global-archive/SHOTGUN/v3/Batch_MGG2_10/B010AMD0985/humann/B010AMD0985_reaction_ko.tsv,s3://amili-analysis-lab/Macrogen/sequencing-data/Batch_MGG2_10-37samples/B010AMD0985_1.fastq.gz,s3://amili-analysis-lab/Macrogen/sequencing-data/Batch_MGG2_10-37samples/B010AMD0985_2.fastq.gz
B010AMD0986,MGG2_10,,DAPZ-P3VC-EUG9,AMD0986,AMD,SHOTGUN,v3,s3://amili-global-archive/SHOTGUN/v3/Batch_MGG2_10/B010AMD0986/kneaddata/B010AMD0986.fastq,s3://amili-global-archive/SHOTGUN/v3/Batch_MGG2_10/B010AMD0986/kneaddata/B010AMD0986_stat.tsv,s3://amili-global-archive/SHOTGUN/v3/Batch_MGG2_10/B010AMD0986/metaphlan/B010AMD0986_metaphlan.tsv,s3://amili-global-archive/SHOTGUN/v3/Batch_MGG2_10/B010AMD0986/humann/B010AMD0986_pathabundance.tsv,s3://amili-global-archive/SHOTGUN/v3/Batch_MGG2_10/B010AMD0986/humann/B010AMD0986_reaction_ec.tsv,s3://amili-global-archive/SHOTGUN/v3/Batch_MGG2_10/B010AMD0986/humann/B010AMD0986_genefamilies.tsv,s3://amili-global-archive/SHOTGUN/v3/Batch_MGG2_10/B010AMD0986/humann/B010AMD0986_reaction_ko.tsv,s3://amili-analysis-lab/Macrogen/sequencing-data/Batch_MGG2_10-37samples/B010AMD0986_1.fastq.gz,s3://amili-analysis-lab/Macrogen/sequencing-data/Batch_MGG2_10-37samples/B010AMD0986_2.fastq.gz
B010AMD0986,MGG2_10,,DAPZ-P3VC-EUG9,AMD0986,AMD,SHOTGUN,v3,s3://amili-global-archive/SHOTGUN/v3/batch_mgg2_10_37samples/B010AMD0986/kneaddata/B010AMD0986.fastq,s3://amili-global-archive/SHOTGUN/v3/batch_mgg2_10_37samples/B010AMD0986/kneaddata/B010AMD0986_stat.tsv,s3://amili-global-archive/SHOTGUN/v3/batch_mgg2_10_37samples/B010AMD0986/metaphlan/B010AMD0986_metaphlan.tsv,s3://amili-global-archive/SHOTGUN/v3/batch_mgg2_10_37samples/B010AMD0986/humann/B010AMD0986_pathabundance.tsv,s3://amili-global-archive/SHOTGUN/v3/batch_mgg2_10_37samples/B010AMD0986/humann/B010AMD0986_reaction_ec.tsv,s3://amili-global-archive/SHOTGUN/v3/batch_mgg2_10_37samples/B010AMD0986/humann/B010AMD0986_genefamilies.tsv,s3://amili-global-archive/SHOTGUN/v3/batch_mgg2_10_37samples/B010AMD0986/humann/B010AMD0986_reaction_ko.tsv,s3://amili-analysis-lab/Macrogen/sequencing-data/Batch_MGG2_10-37samples/B010AMD0986_1.fastq.gz,s3://amili-analysis-lab/Macrogen/sequencing-data/Batch_MGG2_10-37samples/B010AMD0986_2.fastq.gz
B010AMD0987,MGG2_10,,ECJF-W2GJ-8STC,AMD0987,AMD,SHOTGUN,v3,s3://amili-global-archive/SHOTGUN/v3/Batch_MGG2_10/B010AMD0987/kneaddata/B010AMD0987.fastq,s3://amili-global-archive/SHOTGUN/v3/Batch_MGG2_10/B010AMD0987/kneaddata/B010AMD0987_stat.tsv,s3://amili-global-archive/SHOTGUN/v3/Batch_MGG2_10/B010AMD0987/metaphlan/B010AMD0987_metaphlan.tsv,s3://amili-global-archive/SHOTGUN/v3/Batch_MGG2_10/B010AMD0987/humann/B010AMD0987_pathabundance.tsv,s3://amili-global-archive/SHOTGUN/v3/Batch_MGG2_10/B010AMD0987/humann/B010AMD0987_reaction_ec.tsv,s3://amili-global-archive/SHOTGUN/v3/Batch_MGG2_10/B010AMD0987/humann/B010AMD0987_genefamilies.tsv,s3://amili-global-archive/SHOTGUN/v3/Batch_MGG2_10/B010AMD0987/humann/B010AMD0987_reaction_ko.tsv,s3://amili-analysis-lab/Macrogen/sequencing-data/Batch_MGG2_10-37samples/B010AMD0987_1.fastq.gz,s3://amili-analysis-lab/Macrogen/sequencing-data/Batch_MGG2_10-37samples/B010AMD0987_2.fastq.gz
B010AMD0988,MGG2_10,,6VM8-C9X4-8WRQ,AMD0988,AMD,SHOTGUN,v3,s3://amili-global-archive/SHOTGUN/v3/Batch_MGG2_10/B010AMD0988/kneaddata/B010AMD0988.fastq,s3://amili-global-archive/SHOTGUN/v3/Batch_MGG2_10/B010AMD0988/kneaddata/B010AMD0988_stat.tsv,s3://amili-global-archive/SHOTGUN/v3/Batch_MGG2_10/B010AMD0988/metaphlan/B010AMD0988_metaphlan.tsv,s3://amili-global-archive/SHOTGUN/v3/Batch_MGG2_10/B010AMD0988/humann/B010AMD0988_pathabundance.tsv,s3://amili-global-archive/SHOTGUN/v3/Batch_MGG2_10/B010AMD0988/humann/B010AMD0988_reaction_ec.tsv,s3://amili-global-archive/SHOTGUN/v3/Batch_MGG2_10/B010AMD0988/humann/B010AMD0988_genefamilies.tsv,s3://amili-global-archive/SHOTGUN/v3/Batch_MGG2_10/B010AMD0988/humann/B010AMD0988_reaction_ko.tsv,s3://amili-analysis-lab/Macrogen/sequencing-data/Batch_MGG2_10-37samples/B010AMD0988_1.fastq.gz,s3://amili-analysis-lab/Macrogen/sequencing-data/Batch_MGG2_10-37samples/B010AMD0988_2.fastq.gz
B010AMD0990,MGG2_10,,VE3Q-ZMCS-BFKW,AMD0990,AMD,SHOTGUN,v3,s3://amili-global-archive/SHOTGUN/v3/Batch_MGG2_10/B010AMD0990/kneaddata/B010AMD0990.fastq,s3://amili-global-archive/SHOTGUN/v3/Batch_MGG2_10/B010AMD0990/kneaddata/B010AMD0990_stat.tsv,s3://amili-global-archive/SHOTGUN/v3/Batch_MGG2_10/B010AMD0990/metaphlan/B010AMD0990_metaphlan.tsv,s3://amili-global-archive/SHOTGUN/v3/Batch_MGG2_10/B010AMD0990/humann/B010AMD0990_pathabundance.tsv,s3://amili-global-archive/SHOTGUN/v3/Batch_MGG2_10/B010AMD0990/humann/B010AMD0990_reaction_ec.tsv,s3://amili-global-archive/SHOTGUN/v3/Batch_MGG2_10/B010AMD0990/humann/B010AMD0990_genefamilies.tsv,s3://amili-global-archive/SHOTGUN/v3/Batch_MGG2_10/B010AMD0990/humann/B010AMD0990_reaction_ko.tsv,s3://amili-analysis-lab/Macrogen/sequencing-data/Batch_MGG2_10-37samples/B010AMD0990_1.fastq.gz,s3://amili-analysis-lab/Macrogen/sequencing-data/Batch_MGG2_10-37samples/B010AMD0990_2.fastq.gz
B010AMD0991,MGG2_10,,H6XA-MGTR-CDBZ,AMD0991,AMD,SHOTGUN,v3,s3://amili-global-archive/SHOTGUN/v3/Batch_MGG2_10/B010AMD0991/kneaddata/B010AMD0991.fastq,s3://amili-global-archive/SHOTGUN/v3/Batch_MGG2_10/B010AMD0991/kneaddata/B010AMD0991_stat.tsv,s3://amili-global-archive/SHOTGUN/v3/Batch_MGG2_10/B010AMD0991/metaphlan/B010AMD0991_metaphlan.tsv,s3://amili-global-archive/SHOTGUN/v3/Batch_MGG2_10/B010AMD0991/humann/B010AMD0991_pathabundance.tsv,s3://amili-global-archive/SHOTGUN/v3/Batch_MGG2_10/B010AMD0991/humann/B010AMD0991_reaction_ec.tsv,s3://amili-global-archive/SHOTGUN/v3/Batch_MGG2_10/B010AMD0991/humann/B010AMD0991_genefamilies.tsv,s3://amili-global-archive/SHOTGUN/v3/Batch_MGG2_10/B010AMD0991/humann/B010AMD0991_reaction_ko.tsv,s3://amili-analysis-lab/Macrogen/sequencing-data/Batch_MGG2_10-37samples/B010AMD0991_1.fastq.gz,s3://amili-analysis-lab/Macrogen/sequencing-data/Batch_MGG2_10-37samples/B010AMD0991_2.fastq.gz
B010AMD0993,MGG2_10,,JSGT-J2FW-VBGY,AMD0993,AMD,SHOTGUN,v3,s3://amili-global-archive/SHOTGUN/v3/Batch_MGG2_10/B010AMD0993/kneaddata/B010AMD0993.fastq,s3://amili-global-archive/SHOTGUN/v3/Batch_MGG2_10/B010AMD0993/kneaddata/B010AMD0993_stat.tsv,s3://amili-global-archive/SHOTGUN/v3/Batch_MGG2_10/B010AMD0993/metaphlan/B010AMD0993_metaphlan.tsv,s3://amili-global-archive/SHOTGUN/v3/Batch_MGG2_10/B010AMD0993/humann/B010AMD0993_pathabundance.tsv,s3://amili-global-archive/SHOTGUN/v3/Batch_MGG2_10/B010AMD0993/humann/B010AMD0993_reaction_ec.tsv,s3://amili-global-archive/SHOTGUN/v3/Batch_MGG2_10/B010AMD0993/humann/B010AMD0993_genefamilies.tsv,s3://amili-global-archive/SHOTGUN/v3/Batch_MGG2_10/B010AMD0993/humann/B010AMD0993_reaction_ko.tsv,s3://amili-analysis-lab/Macrogen/sequencing-data/Batch_MGG2_10-37samples/B010AMD0993_1.fastq.gz,s3://amili-analysis-lab/Macrogen/sequencing-data/Batch_MGG2_10-37samples/B010AMD0993_2.fastq.gz
B010AMD1018,MGG2_10,,WWGW-JJEP-987Y,AMD1018,AMD,SHOTGUN,v3,s3://amili-global-archive/SHOTGUN/v3/Batch_MGG2_10/B010AMD1018/kneaddata/B010AMD1018.fastq,s3://amili-global-archive/SHOTGUN/v3/Batch_MGG2_10/B010AMD1018/kneaddata/B010AMD1018_stat.tsv,s3://amili-global-archive/SHOTGUN/v3/Batch_MGG2_10/B010AMD1018/metaphlan/B010AMD1018_metaphlan.tsv,s3://amili-global-archive/SHOTGUN/v3/Batch_MGG2_10/B010AMD1018/humann/B010AMD1018_pathabundance.tsv,s3://amili-global-archive/SHOTGUN/v3/Batch_MGG2_10/B010AMD1018/humann/B010AMD1018_reaction_ec.tsv,s3://amili-global-archive/SHOTGUN/v3/Batch_MGG2_10/B010AMD1018/humann/B010AMD1018_genefamilies.tsv,s3://amili-global-archive/SHOTGUN/v3/Batch_MGG2_10/B010AMD1018/humann/B010AMD1018_reaction_ko.tsv,s3://amili-analysis-lab/Macrogen/sequencing-data/Batch_MGG2_10-37samples/B010AMD1018_1.fastq.gz,s3://amili-analysis-lab/Macrogen/sequencing-data/Batch_MGG2_10-37samples/B010AMD1018_2.fastq.gz
B010AMD1021,MGG2_10,,VZH7-57FJ-DMZQ,AMD1021,AMD,SHOTGUN,v3,s3://amili-global-archive/SHOTGUN/v3/Batch_MGG2_10/B010AMD1021/kneaddata/B010AMD1021.fastq,s3://amili-global-archive/SHOTGUN/v3/Batch_MGG2_10/B010AMD1021/kneaddata/B010AMD1021_stat.tsv,s3://amili-global-archive/SHOTGUN/v3/Batch_MGG2_10/B010AMD1021/metaphlan/B010AMD1021_metaphlan.tsv,s3://amili-global-archive/SHOTGUN/v3/Batch_MGG2_10/B010AMD1021/humann/B010AMD1021_pathabundance.tsv,s3://amili-global-archive/SHOTGUN/v3/Batch_MGG2_10/B010AMD1021/humann/B010AMD1021_reaction_ec.tsv,s3://amili-global-archive/SHOTGUN/v3/Batch_MGG2_10/B010AMD1021/humann/B010AMD1021_genefamilies.tsv,s3://amili-global-archive/SHOTGUN/v3/Batch_MGG2_10/B010AMD1021/humann/B010AMD1021_reaction_ko.tsv,s3://amili-analysis-lab/Macrogen/sequencing-data/Batch_MGG2_10-37samples/B010AMD1021_1.fastq.gz,s3://amili-analysis-lab/Macrogen/sequencing-data/Batch_MGG2_10-37samples/B010AMD1021_2.fastq.gz
B010AMD1024,MGG2_10,,DEJW-PNRW-CJN2,AMD1024,AMD,SHOTGUN,v3,s3://amili-global-archive/SHOTGUN/v3/Batch_MGG2_10/B010AMD1024/kneaddata/B010AMD1024.fastq,s3://amili-global-archive/SHOTGUN/v3/Batch_MGG2_10/B010AMD1024/kneaddata/B010AMD1024_stat.tsv,s3://amili-global-archive/SHOTGUN/v3/Batch_MGG2_10/B010AMD1024/metaphlan/B010AMD1024_metaphlan.tsv,s3://amili-global-archive/SHOTGUN/v3/Batch_MGG2_10/B010AMD1024/humann/B010AMD1024_pathabundance.tsv,s3://amili-global-archive/SHOTGUN/v3/Batch_MGG2_10/B010AMD1024/humann/B010AMD1024_reaction_ec.tsv,s3://amili-global-archive/SHOTGUN/v3/Batch_MGG2_10/B010AMD1024/humann/B010AMD1024_genefamilies.tsv,s3://amili-global-archive/SHOTGUN/v3/Batch_MGG2_10/B010AMD1024/humann/B010AMD1024_reaction_ko.tsv,s3://amili-analysis-lab/Macrogen/sequencing-data/Batch_MGG2_10-37samples/B010AMD1024_1.fastq.gz,s3://amili-analysis-lab/Macrogen/sequencing-data/Batch_MGG2_10-37samples/B010AMD1024_2.fastq.gz
B010AMD1026,MGG2_10,,4E4B-7F9Y-X7SS,AMD1026,AMD,SHOTGUN,v3,s3://amili-global-archive/SHOTGUN/v3/Batch_MGG2_10/B010AMD1026/kneaddata/B010AMD1026.fastq,s3://amili-global-archive/SHOTGUN/v3/Batch_MGG2_10/B010AMD1026/kneaddata/B010AMD1026_stat.tsv,s3://amili-global-archive/SHOTGUN/v3/Batch_MGG2_10/B010AMD1026/metaphlan/B010AMD1026_metaphlan.tsv,s3://amili-global-archive/SHOTGUN/v3/Batch_MGG2_10/B010AMD1026/humann/B010AMD1026_pathabundance.tsv,s3://amili-global-archive/SHOTGUN/v3/Batch_MGG2_10/B010AMD1026/humann/B010AMD1026_reaction_ec.tsv,s3://amili-global-archive/SHOTGUN/v3/Batch_MGG2_10/B010AMD1026/humann/B010AMD1026_genefamilies.tsv,s3://amili-global-archive/SHOTGUN/v3/Batch_MGG2_10/B010AMD1026/humann/B010AMD1026_reaction_ko.tsv,s3://amili-analysis-lab/Macrogen/sequencing-data/Batch_MGG2_10-37samples/B010AMD1026_1.fastq.gz,s3://amili-analysis-lab/Macrogen/sequencing-data/Batch_MGG2_10-37samples/B010AMD1026_2.fastq.gz
B010AMD1030,MGG2_10,,TED8-FN84-NVJH,AMD1030,AMD,SHOTGUN,v3,s3://amili-global-archive/SHOTGUN/v3/Batch_MGG2_10/B010AMD1030/kneaddata/B010AMD1030.fastq,s3://amili-global-archive/SHOTGUN/v3/Batch_MGG2_10/B010AMD1030/kneaddata/B010AMD1030_stat.tsv,s3://amili-global-archive/SHOTGUN/v3/Batch_MGG2_10/B010AMD1030/metaphlan/B010AMD1030_metaphlan.tsv,s3://amili-global-archive/SHOTGUN/v3/Batch_MGG2_10/B010AMD1030/humann/B010AMD1030_pathabundance.tsv,s3://amili-global-archive/SHOTGUN/v3/Batch_MGG2_10/B010AMD1030/humann/B010AMD1030_reaction_ec.tsv,s3://amili-global-archive/SHOTGUN/v3/Batch_MGG2_10/B010AMD1030/humann/B010AMD1030_genefamilies.tsv,s3://amili-global-archive/SHOTGUN/v3/Batch_MGG2_10/B010AMD1030/humann/B010AMD1030_reaction_ko.tsv,s3://amili-analysis-lab/Macrogen/sequencing-data/Batch_MGG2_10-37samples/B010AMD1030_1.fastq.gz,s3://amili-analysis-lab/Macrogen/sequencing-data/Batch_MGG2_10-37samples/B010AMD1030_2.fastq.gz
B010AMD1035,MGG2_10,,P2FU-T9KV-ZKKS,AMD1035,AMD,SHOTGUN,v3,s3://amili-global-archive/SHOTGUN/v3/Batch_MGG2_10/B010AMD1035/kneaddata/B010AMD1035.fastq,s3://amili-global-archive/SHOTGUN/v3/Batch_MGG2_10/B010AMD1035/kneaddata/B010AMD1035_stat.tsv,s3://amili-global-archive/SHOTGUN/v3/Batch_MGG2_10/B010AMD1035/metaphlan/B010AMD1035_metaphlan.tsv,s3://amili-global-archive/SHOTGUN/v3/Batch_MGG2_10/B010AMD1035/humann/B010AMD1035_pathabundance.tsv,s3://amili-global-archive/SHOTGUN/v3/Batch_MGG2_10/B010AMD1035/humann/B010AMD1035_reaction_ec.tsv,s3://amili-global-archive/SHOTGUN/v3/Batch_MGG2_10/B010AMD1035/humann/B010AMD1035_genefamilies.tsv,s3://amili-global-archive/SHOTGUN/v3/Batch_MGG2_10/B010AMD1035/humann/B010AMD1035_reaction_ko.tsv,s3://amili-analysis-lab/Macrogen/sequencing-data/Batch_MGG2_10-37samples/B010AMD1035_1.fastq.gz,s3://amili-analysis-lab/Macrogen/sequencing-data/Batch_MGG2_10-37samples/B010AMD1035_2.fastq.gz
B010AMD1045,MGG2_10,,NGKW-TQU7-RNDA,AMD1045,AMD,SHOTGUN,v3,s3://amili-global-archive/SHOTGUN/v3/Batch_MGG2_10/B010AMD1045/kneaddata/B010AMD1045.fastq,s3://amili-global-archive/SHOTGUN/v3/Batch_MGG2_10/B010AMD1045/kneaddata/B010AMD1045_stat.tsv,s3://amili-global-archive/SHOTGUN/v3/Batch_MGG2_10/B010AMD1045/metaphlan/B010AMD1045_metaphlan.tsv,s3://amili-global-archive/SHOTGUN/v3/Batch_MGG2_10/B010AMD1045/humann/B010AMD1045_pathabundance.tsv,s3://amili-global-archive/SHOTGUN/v3/Batch_MGG2_10/B010AMD1045/humann/B010AMD1045_reaction_ec.tsv,s3://amili-global-archive/SHOTGUN/v3/Batch_MGG2_10/B010AMD1045/humann/B010AMD1045_genefamilies.tsv,s3://amili-global-archive/SHOTGUN/v3/Batch_MGG2_10/B010AMD1045/humann/B010AMD1045_reaction_ko.tsv,s3://amili-analysis-lab/Macrogen/sequencing-data/Batch_MGG2_10-37samples/B010AMD1045_1.fastq.gz,s3://amili-analysis-lab/Macrogen/sequencing-data/Batch_MGG2_10-37samples/B010AMD1045_2.fastq.gz
B010AMD1053,MGG2_10,,UAD2-T3NJ-4S4H,AMD1053,AMD,SHOTGUN,v3,s3://amili-global-archive/SHOTGUN/v3/Batch_MGG2_10/B010AMD1053/kneaddata/B010AMD1053.fastq,s3://amili-global-archive/SHOTGUN/v3/Batch_MGG2_10/B010AMD1053/kneaddata/B010AMD1053_stat.tsv,s3://amili-global-archive/SHOTGUN/v3/Batch_MGG2_10/B010AMD1053/metaphlan/B010AMD1053_metaphlan.tsv,s3://amili-global-archive/SHOTGUN/v3/Batch_MGG2_10/B010AMD1053/humann/B010AMD1053_pathabundance.tsv,s3://amili-global-archive/SHOTGUN/v3/Batch_MGG2_10/B010AMD1053/humann/B010AMD1053_reaction_ec.tsv,s3://amili-global-archive/SHOTGUN/v3/Batch_MGG2_10/B010AMD1053/humann/B010AMD1053_genefamilies.tsv,s3://amili-global-archive/SHOTGUN/v3/Batch_MGG2_10/B010AMD1053/humann/B010AMD1053_reaction_ko.tsv,s3://amili-analysis-lab/Macrogen/sequencing-data/Batch_MGG2_10-37samples/B010AMD1053_1.fastq.gz,s3://amili-analysis-lab/Macrogen/sequencing-data/Batch_MGG2_10-37samples/B010AMD1053_2.fastq.gz
B010AMD1054,MGG2_10,,UEFE-QUX8-3M4D,AMD1054,AMD,SHOTGUN,v3,s3://amili-global-archive/SHOTGUN/v3/Batch_MGG2_10/B010AMD1054/kneaddata/B010AMD1054.fastq,s3://amili-global-archive/SHOTGUN/v3/Batch_MGG2_10/B010AMD1054/kneaddata/B010AMD1054_stat.tsv,s3://amili-global-archive/SHOTGUN/v3/Batch_MGG2_10/B010AMD1054/metaphlan/B010AMD1054_metaphlan.tsv,s3://amili-global-archive/SHOTGUN/v3/Batch_MGG2_10/B010AMD1054/humann/B010AMD1054_pathabundance.tsv,s3://amili-global-archive/SHOTGUN/v3/Batch_MGG2_10/B010AMD1054/humann/B010AMD1054_reaction_ec.tsv,s3://amili-global-archive/SHOTGUN/v3/Batch_MGG2_10/B010AMD1054/humann/B010AMD1054_genefamilies.tsv,s3://amili-global-archive/SHOTGUN/v3/Batch_MGG2_10/B010AMD1054/humann/B010AMD1054_reaction_ko.tsv,s3://amili-analysis-lab/Macrogen/sequencing-data/Batch_MGG2_10-37samples/B010AMD1054_1.fastq.gz,s3://amili-analysis-lab/Macrogen/sequencing-data/Batch_MGG2_10-37samples/B010AMD1054_2.fastq.gz
B010AMD1061,MGG2_10,,TSA2-2FE9-3FBQ,AMD1061,AMD,SHOTGUN,v3,s3://amili-global-archive/SHOTGUN/v3/Batch_MGG2_10/B010AMD1061/kneaddata/B010AMD1061.fastq,s3://amili-global-archive/SHOTGUN/v3/Batch_MGG2_10/B010AMD1061/kneaddata/B010AMD1061_stat.tsv,s3://amili-global-archive/SHOTGUN/v3/Batch_MGG2_10/B010AMD1061/metaphlan/B010AMD1061_metaphlan.tsv,s3://amili-global-archive/SHOTGUN/v3/Batch_MGG2_10/B010AMD1061/humann/B010AMD1061_pathabundance.tsv,s3://amili-global-archive/SHOTGUN/v3/Batch_MGG2_10/B010AMD1061/humann/B010AMD1061_reaction_ec.tsv,s3://amili-global-archive/SHOTGUN/v3/Batch_MGG2_10/B010AMD1061/humann/B010AMD1061_genefamilies.tsv,s3://amili-global-archive/SHOTGUN/v3/Batch_MGG2_10/B010AMD1061/humann/B010AMD1061_reaction_ko.tsv,s3://amili-analysis-lab/Macrogen/sequencing-data/Batch_MGG2_10-37samples/B010AMD1061_1.fastq.gz,s3://amili-analysis-lab/Macrogen/sequencing-data/Batch_MGG2_10-37samples/B010AMD1061_2.fastq.gz
B010AMD1065,MGG2_10,,E23R-2SQP-4WXQ,AMD1065,AMD,SHOTGUN,v3,s3://amili-global-archive/SHOTGUN/v3/Batch_MGG2_10/B010AMD1065/kneaddata/B010AMD1065.fastq,s3://amili-global-archive/SHOTGUN/v3/Batch_MGG2_10/B010AMD1065/kneaddata/B010AMD1065_stat.tsv,s3://amili-global-archive/SHOTGUN/v3/Batch_MGG2_10/B010AMD1065/metaphlan/B010AMD1065_metaphlan.tsv,s3://amili-global-archive/SHOTGUN/v3/Batch_MGG2_10/B010AMD1065/humann/B010AMD1065_pathabundance.tsv,s3://amili-global-archive/SHOTGUN/v3/Batch_MGG2_10/B010AMD1065/humann/B010AMD1065_reaction_ec.tsv,s3://amili-global-archive/SHOTGUN/v3/Batch_MGG2_10/B010AMD1065/humann/B010AMD1065_genefamilies.tsv,s3://amili-global-archive/SHOTGUN/v3/Batch_MGG2_10/B010AMD1065/humann/B010AMD1065_reaction_ko.tsv,s3://amili-analysis-lab/Macrogen/sequencing-data/Batch_MGG2_10-37samples/B010AMD1065_1.fastq.gz,s3://amili-analysis-lab/Macrogen/sequencing-data/Batch_MGG2_10-37samples/B010AMD1065_2.fastq.gz
B010AMD1073,MGG2_10,,Z56H-VQPH-3NND,AMD1073,AMD,SHOTGUN,v3,s3://amili-global-archive/SHOTGUN/v3/Batch_MGG2_10/B010AMD1073/kneaddata/B010AMD1073.fastq,s3://amili-global-archive/SHOTGUN/v3/Batch_MGG2_10/B010AMD1073/kneaddata/B010AMD1073_stat.tsv,s3://amili-global-archive/SHOTGUN/v3/Batch_MGG2_10/B010AMD1073/metaphlan/B010AMD1073_metaphlan.tsv,s3://amili-global-archive/SHOTGUN/v3/Batch_MGG2_10/B010AMD1073/humann/B010AMD1073_pathabundance.tsv,s3://amili-global-archive/SHOTGUN/v3/Batch_MGG2_10/B010AMD1073/humann/B010AMD1073_reaction_ec.tsv,s3://amili-global-archive/SHOTGUN/v3/Batch_MGG2_10/B010AMD1073/humann/B010AMD1073_genefamilies.tsv,s3://amili-global-archive/SHOTGUN/v3/Batch_MGG2_10/B010AMD1073/humann/B010AMD1073_reaction_ko.tsv,s3://amili-analysis-lab/Macrogen/sequencing-data/Batch_MGG2_10-37samples/B010AMD1073_1.fastq.gz,s3://amili-analysis-lab/Macrogen/sequencing-data/Batch_MGG2_10-37samples/B010AMD1073_2.fastq.gz
CN9NSKX77F43,MGG2_100,R5EG867SD2U4VXXV,HHTR-ZEP4-GXBR,AMD1555,AMD,SHOTGUN,v3,s3://amili-global-archive/SHOTGUN/v3/Batch_MGG2_100/CN9NSKX77F43/kneaddata/CN9NSKX77F43.fastq,s3://amili-global-archive/SHOTGUN/v3/Batch_MGG2_100/CN9NSKX77F43/kneaddata/CN9NSKX77F43_stat.tsv,s3://amili-global-archive/SHOTGUN/v3/Batch_MGG2_100/CN9NSKX77F43/metaphlan/CN9NSKX77F43_metaphlan.tsv,s3://amili-global-archive/SHOTGUN/v3/Batch_MGG2_100/CN9NSKX77F43/humann/CN9NSKX77F43_pathabundance.tsv,s3://amili-global-archive/SHOTGUN/v3/Batch_MGG2_100/CN9NSKX77F43/humann/CN9NSKX77F43_reaction_ec.tsv,s3://amili-global-archive/SHOTGUN/v3/Batch_MGG2_100/CN9NSKX77F43/humann/CN9NSKX77F43_genefamilies.tsv,s3://amili-global-archive/SHOTGUN/v3/Batch_MGG2_100/CN9NSKX77F43/humann/CN9NSKX77F43_reaction_ko.tsv,s3://amili-analysis-lab/Macrogen/sequencing-data/Batch_MGG2_100-22samples/CN9NSKX77F43_1.fastq.gz,s3://amili-analysis-lab/Macrogen/sequencing-data/Batch_MGG2_100-22samples/CN9NSKX77F43_2.fastq.gz
CN9NSKX77F43,MGG2_100,R5EG867SD2U4VXXV,HHTR-ZEP4-GXBR,AMD1555,AMD,SHOTGUN,v3,s3://amili-global-archive/SHOTGUN/v3/batch_mgg2_100/CN9NSKX77F43/kneaddata/CN9NSKX77F43.fastq,s3://amili-global-archive/SHOTGUN/v3/batch_mgg2_100/CN9NSKX77F43/kneaddata/CN9NSKX77F43_stat.tsv,s3://amili-global-archive/SHOTGUN/v3/batch_mgg2_100/CN9NSKX77F43/metaphlan/CN9NSKX77F43_metaphlan.tsv,s3://amili-global-archive/SHOTGUN/v3/batch_mgg2_100/CN9NSKX77F43/humann/CN9NSKX77F43_pathabundance.tsv,s3://amili-global-archive/SHOTGUN/v3/batch_mgg2_100/CN9NSKX77F43/humann/CN9NSKX77F43_reaction_ec.tsv,s3://amili-global-archive/SHOTGUN/v3/batch_mgg2_100/CN9NSKX77F43/humann/CN9NSKX77F43_genefamilies.tsv,s3://amili-global-archive/SHOTGUN/v3/batch_mgg2_100/CN9NSKX77F43/humann/CN9NSKX77F43_reaction_ko.tsv,s3://amili-analysis-lab/Macrogen/sequencing-data/Batch_MGG2_100-22samples/CN9NSKX77F43_1.fastq.gz,s3://amili-analysis-lab/Macrogen/sequencing-data/Batch_MGG2_100-22samples/CN9NSKX77F43_2.fastq.gz
DU9PB7TUEN4V,MGG2_100,BFHZD6CCY39E74Q4,P57H-JAZA-XZRA,AMD1566,AMD,SHOTGUN,v3,s3://amili-global-archive/SHOTGUN/v3/Batch_MGG2_100/DU9PB7TUEN4V/kneaddata/DU9PB7TUEN4V.fastq,s3://amili-global-archive/SHOTGUN/v3/Batch_MGG2_100/DU9PB7TUEN4V/kneaddata/DU9PB7TUEN4V_stat.tsv,s3://amili-global-archive/SHOTGUN/v3/Batch_MGG2_100/DU9PB7TUEN4V/metaphlan/DU9PB7TUEN4V_metaphlan.tsv,s3://amili-global-archive/SHOTGUN/v3/Batch_MGG2_100/DU9PB7TUEN4V/humann/DU9PB7TUEN4V_pathabundance.tsv,s3://amili-global-archive/SHOTGUN/v3/Batch_MGG2_100/DU9PB7TUEN4V/humann/DU9PB7TUEN4V_reaction_ec.tsv,s3://amili-global-archive/SHOTGUN/v3/Batch_MGG2_100/DU9PB7TUEN4V/humann/DU9PB7TUEN4V_genefamilies.tsv,s3://amili-global-archive/SHOTGUN/v3/Batch_MGG2_100/DU9PB7TUEN4V/humann/DU9PB7TUEN4V_reaction_ko.tsv,s3://amili-analysis-lab/Macrogen/sequencing-data/Batch_MGG2_100-22samples/DU9PB7TUEN4V_1.fastq.gz,s3://amili-analysis-lab/Macrogen/sequencing-data/Batch_MGG2_100-22samples/DU9PB7TUEN4V_2.fastq.gz
DU9PB7TUEN4V,MGG2_100,BFHZD6CCY39E74Q4,P57H-JAZA-XZRA,AMD1566,AMD,SHOTGUN,v3,s3://amili-global-archive/SHOTGUN/v3/batch_mgg2_100/DU9PB7TUEN4V/kneaddata/DU9PB7TUEN4V.fastq,s3://amili-global-archive/SHOTGUN/v3/batch_mgg2_100/DU9PB7TUEN4V/kneaddata/DU9PB7TUEN4V_stat.tsv,s3://amili-global-archive/SHOTGUN/v3/batch_mgg2_100/DU9PB7TUEN4V/metaphlan/DU9PB7TUEN4V_metaphlan.tsv,s3://amili-global-archive/SHOTGUN/v3/batch_mgg2_100/DU9PB7TUEN4V/humann/DU9PB7TUEN4V_pathabundance.tsv,s3://amili-global-archive/SHOTGUN/v3/batch_mgg2_100/DU9PB7TUEN4V/humann/DU9PB7TUEN4V_reaction_ec.tsv,s3://amili-global-archive/SHOTGUN/v3/batch_mgg2_100/DU9PB7TUEN4V/humann/DU9PB7TUEN4V_genefamilies.tsv,s3://amili-global-archive/SHOTGUN/v3/batch_mgg2_100/DU9PB7TUEN4V/humann/DU9PB7TUEN4V_reaction_ko.tsv,s3://amili-analysis-lab/Macrogen/sequencing-data/Batch_MGG2_100-22samples/DU9PB7TUEN4V_1.fastq.gz,s3://amili-analysis-lab/Macrogen/sequencing-data/Batch_MGG2_100-22samples/DU9PB7TUEN4V_2.fastq.gz
EP8CF5FJGQ4E,MGG2_100,T4VTVTYSQF5V2JR2,AMDJ-K99V-7MSU,AMD0027,AMD,SHOTGUN,v3,s3://amili-global-archive/SHOTGUN/v3/batch_mgg2_100-22samples/EP8CF5FJGQ4E/kneaddata/EP8CF5FJGQ4E.fastq,s3://amili-global-archive/SHOTGUN/v3/batch_mgg2_100-22samples/EP8CF5FJGQ4E/kneaddata/EP8CF5FJGQ4E_stat.tsv,s3://amili-global-archive/SHOTGUN/v3/batch_mgg2_100-22samples/EP8CF5FJGQ4E/metaphlan/EP8CF5FJGQ4E_metaphlan.tsv,s3://amili-global-archive/SHOTGUN/v3/batch_mgg2_100-22samples/EP8CF5FJGQ4E/humann/EP8CF5FJGQ4E_pathabundance.tsv,s3://amili-global-archive/SHOTGUN/v3/batch_mgg2_100-22samples/EP8CF5FJGQ4E/humann/EP8CF5FJGQ4E_reaction_ec.tsv,s3://amili-global-archive/SHOTGUN/v3/batch_mgg2_100-22samples/EP8CF5FJGQ4E/humann/EP8CF5FJGQ4E_genefamilies.tsv,s3://amili-global-archive/SHOTGUN/v3/batch_mgg2_100-22samples/EP8CF5FJGQ4E/humann/EP8CF5FJGQ4E_reaction_ko.tsv,s3://amili-analysis-lab/Macrogen/sequencing-data/Batch_MGG2_100-22samples/EP8CF5FJGQ4E_1.fastq.gz,s3://amili-analysis-lab/Macrogen/sequencing-data/Batch_MGG2_100-22samples/EP8CF5FJGQ4E_2.fastq.gz
EP8CF5FJGQ4E,MGG2_100,T4VTVTYSQF5V2JR2,AMDJ-K99V-7MSU,AMD0027,AMD,SHOTGUN,v3,s3://amili-global-archive/SHOTGUN/v3/batch_mgg2_100/EP8CF5FJGQ4E/kneaddata/EP8CF5FJGQ4E.fastq,s3://amili-global-archive/SHOTGUN/v3/batch_mgg2_100/EP8CF5FJGQ4E/kneaddata/EP8CF5FJGQ4E_stat.tsv,s3://amili-global-archive/SHOTGUN/v3/batch_mgg2_100/EP8CF5FJGQ4E/metaphlan/EP8CF5FJGQ4E_metaphlan.tsv,s3://amili-global-archive/SHOTGUN/v3/batch_mgg2_100/EP8CF5FJGQ4E/humann/EP8CF5FJGQ4E_pathabundance.tsv,s3://amili-global-archive/SHOTGUN/v3/batch_mgg2_100/EP8CF5FJGQ4E/humann/EP8CF5FJGQ4E_reaction_ec.tsv,s3://amili-global-archive/SHOTGUN/v3/batch_mgg2_100/EP8CF5FJGQ4E/humann/EP8CF5FJGQ4E_genefamilies.tsv,s3://amili-global-archive/SHOTGUN/v3/batch_mgg2_100/EP8CF5FJGQ4E/humann/EP8CF5FJGQ4E_reaction_ko.tsv,s3://amili-analysis-lab/Macrogen/sequencing-data/Batch_MGG2_100-22samples/EP8CF5FJGQ4E_1.fastq.gz,s3://amili-analysis-lab/Macrogen/sequencing-data/Batch_MGG2_100-22samples/EP8CF5FJGQ4E_2.fastq.gz
G9JUFES3EHHE,MGG2_100,W48WFUYC3J64GG26,EE6U-HBQ5-8RPZ,AMD1557,AMD,SHOTGUN,v3,s3://amili-global-archive/SHOTGUN/v3/Batch_MGG2_100/G9JUFES3EHHE/kneaddata/G9JUFES3EHHE.fastq,s3://amili-global-archive/SHOTGUN/v3/Batch_MGG2_100/G9JUFES3EHHE/kneaddata/G9JUFES3EHHE_stat.tsv,s3://amili-global-archive/SHOTGUN/v3/Batch_MGG2_100/G9JUFES3EHHE/metaphlan/G9JUFES3EHHE_metaphlan.tsv,s3://amili-global-archive/SHOTGUN/v3/Batch_MGG2_100/G9JUFES3EHHE/humann/G9JUFES3EHHE_pathabundance.tsv,s3://amili-global-archive/SHOTGUN/v3/Batch_MGG2_100/G9JUFES3EHHE/humann/G9JUFES3EHHE_reaction_ec.tsv,s3://amili-global-archive/SHOTGUN/v3/Batch_MGG2_100/G9JUFES3EHHE/humann/G9JUFES3EHHE_genefamilies.tsv,s3://amili-global-archive/SHOTGUN/v3/Batch_MGG2_100/G9JUFES3EHHE/humann/G9JUFES3EHHE_reaction_ko.tsv,s3://amili-analysis-lab/Macrogen/sequencing-data/Batch_MGG2_100-22samples/G9JUFES3EHHE_1.fastq.gz,s3://amili-analysis-lab/Macrogen/sequencing-data/Batch_MGG2_100-22samples/G9JUFES3EHHE_2.fastq.gz
G9JUFES3EHHE,MGG2_100,W48WFUYC3J64GG26,EE6U-HBQ5-8RPZ,AMD1557,AMD,SHOTGUN,v3,s3://amili-global-archive/SHOTGUN/v3/batch_mgg2_100/G9JUFES3EHHE/kneaddata/G9JUFES3EHHE.fastq,s3://amili-global-archive/SHOTGUN/v3/batch_mgg2_100/G9JUFES3EHHE/kneaddata/G9JUFES3EHHE_stat.tsv,s3://amili-global-archive/SHOTGUN/v3/batch_mgg2_100/G9JUFES3EHHE/metaphlan/G9JUFES3EHHE_metaphlan.tsv,s3://amili-global-archive/SHOTGUN/v3/batch_mgg2_100/G9JUFES3EHHE/humann/G9JUFES3EHHE_pathabundance.tsv,s3://amili-global-archive/SHOTGUN/v3/batch_mgg2_100/G9JUFES3EHHE/humann/G9JUFES3EHHE_reaction_ec.tsv,s3://amili-global-archive/SHOTGUN/v3/batch_mgg2_100/G9JUFES3EHHE/humann/G9JUFES3EHHE_genefamilies.tsv,s3://amili-global-archive/SHOTGUN/v3/batch_mgg2_100/G9JUFES3EHHE/humann/G9JUFES3EHHE_reaction_ko.tsv,s3://amili-analysis-lab/Macrogen/sequencing-data/Batch_MGG2_100-22samples/G9JUFES3EHHE_1.fastq.gz,s3://amili-analysis-lab/Macrogen/sequencing-data/Batch_MGG2_100-22samples/G9JUFES3EHHE_2.fastq.gz
JNUSUFNQBH9N,MGG2_100,S4BGFT5UX5A5MBJB,AMDJ-JFAZ-4JYX,AMD0792,AMD,SHOTGUN,v3,s3://amili-global-archive/SHOTGUN/v3/batch_mgg2_100/JNUSUFNQBH9N/kneaddata/JNUSUFNQBH9N.fastq,s3://amili-global-archive/SHOTGUN/v3/batch_mgg2_100/JNUSUFNQBH9N/kneaddata/JNUSUFNQBH9N_stat.tsv,s3://amili-global-archive/SHOTGUN/v3/batch_mgg2_100/JNUSUFNQBH9N/metaphlan/JNUSUFNQBH9N_metaphlan.tsv,s3://amili-global-archive/SHOTGUN/v3/batch_mgg2_100/JNUSUFNQBH9N/humann/JNUSUFNQBH9N_pathabundance.tsv,s3://amili-global-archive/SHOTGUN/v3/batch_mgg2_100/JNUSUFNQBH9N/humann/JNUSUFNQBH9N_reaction_ec.tsv,s3://amili-global-archive/SHOTGUN/v3/batch_mgg2_100/JNUSUFNQBH9N/humann/JNUSUFNQBH9N_genefamilies.tsv,s3://amili-global-archive/SHOTGUN/v3/batch_mgg2_100/JNUSUFNQBH9N/humann/JNUSUFNQBH9N_reaction_ko.tsv,s3://amili-analysis-lab/Macrogen/sequencing-data/Batch_MGG2_100-22samples/JNUSUFNQBH9N_1.fastq.gz,s3://amili-analysis-lab/Macrogen/sequencing-data/Batch_MGG2_100-22samples/JNUSUFNQBH9N_2.fastq.gz
MSJUQD7ZK69A,MGG2_100,T28SQFY8WH8WACCB,PMXC-6CEQ-MTNG,AMD1554,AMD,SHOTGUN,v3,s3://amili-global-archive/SHOTGUN/v3/Batch_MGG2_100/MSJUQD7ZK69A/kneaddata/MSJUQD7ZK69A.fastq,s3://amili-global-archive/SHOTGUN/v3/Batch_MGG2_100/MSJUQD7ZK69A/kneaddata/MSJUQD7ZK69A_stat.tsv,s3://amili-global-archive/SHOTGUN/v3/Batch_MGG2_100/MSJUQD7ZK69A/metaphlan/MSJUQD7ZK69A_metaphlan.tsv,s3://amili-global-archive/SHOTGUN/v3/Batch_MGG2_100/MSJUQD7ZK69A/humann/MSJUQD7ZK69A_pathabundance.tsv,s3://amili-global-archive/SHOTGUN/v3/Batch_MGG2_100/MSJUQD7ZK69A/humann/MSJUQD7ZK69A_reaction_ec.tsv,s3://amili-global-archive/SHOTGUN/v3/Batch_MGG2_100/MSJUQD7ZK69A/humann/MSJUQD7ZK69A_genefamilies.tsv,s3://amili-global-archive/SHOTGUN/v3/Batch_MGG2_100/MSJUQD7ZK69A/humann/MSJUQD7ZK69A_reaction_ko.tsv,s3://amili-analysis-lab/Macrogen/sequencing-data/Batch_MGG2_100-22samples/MSJUQD7ZK69A_1.fastq.gz,s3://amili-analysis-lab/Macrogen/sequencing-data/Batch_MGG2_100-22samples/MSJUQD7ZK69A_2.fastq.gz
MSJUQD7ZK69A,MGG2_100,T28SQFY8WH8WACCB,PMXC-6CEQ-MTNG,AMD1554,AMD,SHOTGUN,v3,s3://amili-global-archive/SHOTGUN/v3/batch_mgg2_100/MSJUQD7ZK69A/kneaddata/MSJUQD7ZK69A.fastq,s3://amili-global-archive/SHOTGUN/v3/batch_mgg2_100/MSJUQD7ZK69A/kneaddata/MSJUQD7ZK69A_stat.tsv,s3://amili-global-archive/SHOTGUN/v3/batch_mgg2_100/MSJUQD7ZK69A/metaphlan/MSJUQD7ZK69A_metaphlan.tsv,s3://amili-global-archive/SHOTGUN/v3/batch_mgg2_100/MSJUQD7ZK69A/humann/MSJUQD7ZK69A_pathabundance.tsv,s3://amili-global-archive/SHOTGUN/v3/batch_mgg2_100/MSJUQD7ZK69A/humann/MSJUQD7ZK69A_reaction_ec.tsv,s3://amili-global-archive/SHOTGUN/v3/batch_mgg2_100/MSJUQD7ZK69A/humann/MSJUQD7ZK69A_genefamilies.tsv,s3://amili-global-archive/SHOTGUN/v3/batch_mgg2_100/MSJUQD7ZK69A/humann/MSJUQD7ZK69A_reaction_ko.tsv,s3://amili-analysis-lab/Macrogen/sequencing-data/Batch_MGG2_100-22samples/MSJUQD7ZK69A_1.fastq.gz,s3://amili-analysis-lab/Macrogen/sequencing-data/Batch_MGG2_100-22samples/MSJUQD7ZK69A_2.fastq.gz
NS58BWHK8ZUY,MGG2_100,K4VYNPSBV53K3PVR,79N5-BSUK-ABDB,AMD1563,AMD,SHOTGUN,v3,s3://amili-global-archive/SHOTGUN/v3/Batch_MGG2_100/NS58BWHK8ZUY/kneaddata/NS58BWHK8ZUY.fastq,s3://amili-global-archive/SHOTGUN/v3/Batch_MGG2_100/NS58BWHK8ZUY/kneaddata/NS58BWHK8ZUY_stat.tsv,s3://amili-global-archive/SHOTGUN/v3/Batch_MGG2_100/NS58BWHK8ZUY/metaphlan/NS58BWHK8ZUY_metaphlan.tsv,s3://amili-global-archive/SHOTGUN/v3/Batch_MGG2_100/NS58BWHK8ZUY/humann/NS58BWHK8ZUY_pathabundance.tsv,s3://amili-global-archive/SHOTGUN/v3/Batch_MGG2_100/NS58BWHK8ZUY/humann/NS58BWHK8ZUY_reaction_ec.tsv,s3://amili-global-archive/SHOTGUN/v3/Batch_MGG2_100/NS58BWHK8ZUY/humann/NS58BWHK8ZUY_genefamilies.tsv,s3://amili-global-archive/SHOTGUN/v3/Batch_MGG2_100/NS58BWHK8ZUY/humann/NS58BWHK8ZUY_reaction_ko.tsv,s3://amili-analysis-lab/Macrogen/sequencing-data/Batch_MGG2_100-22samples/NS58BWHK8ZUY_1.fastq.gz,s3://amili-analysis-lab/Macrogen/sequencing-data/Batch_MGG2_100-22samples/NS58BWHK8ZUY_2.fastq.gz
NS58BWHK8ZUY,MGG2_100,K4VYNPSBV53K3PVR,79N5-BSUK-ABDB,AMD1563,AMD,SHOTGUN,v3,s3://amili-global-archive/SHOTGUN/v3/batch_mgg2_100/NS58BWHK8ZUY/kneaddata/NS58BWHK8ZUY.fastq,s3://amili-global-archive/SHOTGUN/v3/batch_mgg2_100/NS58BWHK8ZUY/kneaddata/NS58BWHK8ZUY_stat.tsv,s3://amili-global-archive/SHOTGUN/v3/batch_mgg2_100/NS58BWHK8ZUY/metaphlan/NS58BWHK8ZUY_metaphlan.tsv,s3://amili-global-archive/SHOTGUN/v3/batch_mgg2_100/NS58BWHK8ZUY/humann/NS58BWHK8ZUY_pathabundance.tsv,s3://amili-global-archive/SHOTGUN/v3/batch_mgg2_100/NS58BWHK8ZUY/humann/NS58BWHK8ZUY_reaction_ec.tsv,s3://amili-global-archive/SHOTGUN/v3/batch_mgg2_100/NS58BWHK8ZUY/humann/NS58BWHK8ZUY_genefamilies.tsv,s3://amili-global-archive/SHOTGUN/v3/batch_mgg2_100/NS58BWHK8ZUY/humann/NS58BWHK8ZUY_reaction_ko.tsv,s3://amili-analysis-lab/Macrogen/sequencing-data/Batch_MGG2_100-22samples/NS58BWHK8ZUY_1.fastq.gz,s3://amili-analysis-lab/Macrogen/sequencing-data/Batch_MGG2_100-22samples/NS58BWHK8ZUY_2.fastq.gz
PUVNKZKZDQ6T,MGG2_100,EKMWQ94C6C7DVS2Z,JMRR-8EFY-8C4W,AMD1551,AMD,SHOTGUN,v3,s3://amili-global-archive/SHOTGUN/v3/Batch_MGG2_100/PUVNKZKZDQ6T/kneaddata/PUVNKZKZDQ6T.fastq,s3://amili-global-archive/SHOTGUN/v3/Batch_MGG2_100/PUVNKZKZDQ6T/kneaddata/PUVNKZKZDQ6T_stat.tsv,s3://amili-global-archive/SHOTGUN/v3/Batch_MGG2_100/PUVNKZKZDQ6T/metaphlan/PUVNKZKZDQ6T_metaphlan.tsv,s3://amili-global-archive/SHOTGUN/v3/Batch_MGG2_100/PUVNKZKZDQ6T/humann/PUVNKZKZDQ6T_pathabundance.tsv,s3://amili-global-archive/SHOTGUN/v3/Batch_MGG2_100/PUVNKZKZDQ6T/humann/PUVNKZKZDQ6T_reaction_ec.tsv,s3://amili-global-archive/SHOTGUN/v3/Batch_MGG2_100/PUVNKZKZDQ6T/humann/PUVNKZKZDQ6T_genefamilies.tsv,s3://amili-global-archive/SHOTGUN/v3/Batch_MGG2_100/PUVNKZKZDQ6T/humann/PUVNKZKZDQ6T_reaction_ko.tsv,s3://amili-analysis-lab/Macrogen/sequencing-data/Batch_MGG2_100-22samples/PUVNKZKZDQ6T_1.fastq.gz,s3://amili-analysis-lab/Macrogen/sequencing-data/Batch_MGG2_100-22samples/PUVNKZKZDQ6T_2.fastq.gz
PUVNKZKZDQ6T,MGG2_100,EKMWQ94C6C7DVS2Z,JMRR-8EFY-8C4W,AMD1551,AMD,SHOTGUN,v3,s3://amili-global-archive/SHOTGUN/v3/batch_mgg2_100/PUVNKZKZDQ6T/kneaddata/PUVNKZKZDQ6T.fastq,s3://amili-global-archive/SHOTGUN/v3/batch_mgg2_100/PUVNKZKZDQ6T/kneaddata/PUVNKZKZDQ6T_stat.tsv,s3://amili-global-archive/SHOTGUN/v3/batch_mgg2_100/PUVNKZKZDQ6T/metaphlan/PUVNKZKZDQ6T_metaphlan.tsv,s3://amili-global-archive/SHOTGUN/v3/batch_mgg2_100/PUVNKZKZDQ6T/humann/PUVNKZKZDQ6T_pathabundance.tsv,s3://amili-global-archive/SHOTGUN/v3/batch_mgg2_100/PUVNKZKZDQ6T/humann/PUVNKZKZDQ6T_reaction_ec.tsv,s3://amili-global-archive/SHOTGUN/v3/batch_mgg2_100/PUVNKZKZDQ6T/humann/PUVNKZKZDQ6T_genefamilies.tsv,s3://amili-global-archive/SHOTGUN/v3/batch_mgg2_100/PUVNKZKZDQ6T/humann/PUVNKZKZDQ6T_reaction_ko.tsv,s3://amili-analysis-lab/Macrogen/sequencing-data/Batch_MGG2_100-22samples/PUVNKZKZDQ6T_1.fastq.gz,s3://amili-analysis-lab/Macrogen/sequencing-data/Batch_MGG2_100-22samples/PUVNKZKZDQ6T_2.fastq.gz
S3AE3FKKAGM9,MGG2_100,R6WGD6WR2GYZ8HWS,9JXF-K4WM-V6NA,AMD1068,AMD,SHOTGUN,v3,s3://amili-global-archive/SHOTGUN/v3/Batch_MGG2_100/S3AE3FKKAGM9/kneaddata/S3AE3FKKAGM9.fastq,s3://amili-global-archive/SHOTGUN/v3/Batch_MGG2_100/S3AE3FKKAGM9/kneaddata/S3AE3FKKAGM9_stat.tsv,s3://amili-global-archive/SHOTGUN/v3/Batch_MGG2_100/S3AE3FKKAGM9/metaphlan/S3AE3FKKAGM9_metaphlan.tsv,s3://amili-global-archive/SHOTGUN/v3/Batch_MGG2_100/S3AE3FKKAGM9/humann/S3AE3FKKAGM9_pathabundance.tsv,s3://amili-global-archive/SHOTGUN/v3/Batch_MGG2_100/S3AE3FKKAGM9/humann/S3AE3FKKAGM9_reaction_ec.tsv,s3://amili-global-archive/SHOTGUN/v3/Batch_MGG2_100/S3AE3FKKAGM9/humann/S3AE3FKKAGM9_genefamilies.tsv,s3://amili-global-archive/SHOTGUN/v3/Batch_MGG2_100/S3AE3FKKAGM9/humann/S3AE3FKKAGM9_reaction_ko.tsv,s3://amili-analysis-lab/Macrogen/sequencing-data/Batch_MGG2_100-22samples/S3AE3FKKAGM9_1.fastq.gz,s3://amili-analysis-lab/Macrogen/sequencing-data/Batch_MGG2_100-22samples/S3AE3FKKAGM9_2.fastq.gz
S3AE3FKKAGM9,MGG2_100,R6WGD6WR2GYZ8HWS,9JXF-K4WM-V6NA,AMD1068,AMD,SHOTGUN,v3,s3://amili-global-archive/SHOTGUN/v3/batch_mgg2_100/S3AE3FKKAGM9/kneaddata/S3AE3FKKAGM9.fastq,s3://amili-global-archive/SHOTGUN/v3/batch_mgg2_100/S3AE3FKKAGM9/kneaddata/S3AE3FKKAGM9_stat.tsv,s3://amili-global-archive/SHOTGUN/v3/batch_mgg2_100/S3AE3FKKAGM9/metaphlan/S3AE3FKKAGM9_metaphlan.tsv,s3://amili-global-archive/SHOTGUN/v3/batch_mgg2_100/S3AE3FKKAGM9/humann/S3AE3FKKAGM9_pathabundance.tsv,s3://amili-global-archive/SHOTGUN/v3/batch_mgg2_100/S3AE3FKKAGM9/humann/S3AE3FKKAGM9_reaction_ec.tsv,s3://amili-global-archive/SHOTGUN/v3/batch_mgg2_100/S3AE3FKKAGM9/humann/S3AE3FKKAGM9_genefamilies.tsv,s3://amili-global-archive/SHOTGUN/v3/batch_mgg2_100/S3AE3FKKAGM9/humann/S3AE3FKKAGM9_reaction_ko.tsv,s3://amili-analysis-lab/Macrogen/sequencing-data/Batch_MGG2_100-22samples/S3AE3FKKAGM9_1.fastq.gz,s3://amili-analysis-lab/Macrogen/sequencing-data/Batch_MGG2_100-22samples/S3AE3FKKAGM9_2.fastq.gz
T6YE6HPWXMAY,MGG2_100,FSPRTCHWRZX9X67K,UF6M-YCHE-9BWY,AMD1559,AMD,SHOTGUN,v3,s3://amili-global-archive/SHOTGUN/v3/Batch_MGG2_100/T6YE6HPWXMAY/kneaddata/T6YE6HPWXMAY.fastq,s3://amili-global-archive/SHOTGUN/v3/Batch_MGG2_100/T6YE6HPWXMAY/kneaddata/T6YE6HPWXMAY_stat.tsv,s3://amili-global-archive/SHOTGUN/v3/Batch_MGG2_100/T6YE6HPWXMAY/metaphlan/T6YE6HPWXMAY_metaphlan.tsv,s3://amili-global-archive/SHOTGUN/v3/Batch_MGG2_100/T6YE6HPWXMAY/humann/T6YE6HPWXMAY_pathabundance.tsv,s3://amili-global-archive/SHOTGUN/v3/Batch_MGG2_100/T6YE6HPWXMAY/humann/T6YE6HPWXMAY_reaction_ec.tsv,s3://amili-global-archive/SHOTGUN/v3/Batch_MGG2_100/T6YE6HPWXMAY/humann/T6YE6HPWXMAY_genefamilies.tsv,s3://amili-global-archive/SHOTGUN/v3/Batch_MGG2_100/T6YE6HPWXMAY/humann/T6YE6HPWXMAY_reaction_ko.tsv,s3://amili-analysis-lab/Macrogen/sequencing-data/Batch_MGG2_100-22samples/T6YE6HPWXMAY_1.fastq.gz,s3://amili-analysis-lab/Macrogen/sequencing-data/Batch_MGG2_100-22samples/T6YE6HPWXMAY_2.fastq.gz
T6YE6HPWXMAY,MGG2_100,FSPRTCHWRZX9X67K,UF6M-YCHE-9BWY,AMD1559,AMD,SHOTGUN,v3,s3://amili-global-archive/SHOTGUN/v3/batch_mgg2_100-22samples/T6YE6HPWXMAY/kneaddata/T6YE6HPWXMAY.fastq,s3://amili-global-archive/SHOTGUN/v3/batch_mgg2_100-22samples/T6YE6HPWXMAY/kneaddata/T6YE6HPWXMAY_stat.tsv,s3://amili-global-archive/SHOTGUN/v3/batch_mgg2_100-22samples/T6YE6HPWXMAY/metaphlan/T6YE6HPWXMAY_metaphlan.tsv,s3://amili-global-archive/SHOTGUN/v3/batch_mgg2_100-22samples/T6YE6HPWXMAY/humann/T6YE6HPWXMAY_pathabundance.tsv,s3://amili-global-archive/SHOTGUN/v3/batch_mgg2_100-22samples/T6YE6HPWXMAY/humann/T6YE6HPWXMAY_reaction_ec.tsv,s3://amili-global-archive/SHOTGUN/v3/batch_mgg2_100-22samples/T6YE6HPWXMAY/humann/T6YE6HPWXMAY_genefamilies.tsv,s3://amili-global-archive/SHOTGUN/v3/batch_mgg2_100-22samples/T6YE6HPWXMAY/humann/T6YE6HPWXMAY_reaction_ko.tsv,s3://amili-analysis-lab/Macrogen/sequencing-data/Batch_MGG2_100-22samples/T6YE6HPWXMAY_1.fastq.gz,s3://amili-analysis-lab/Macrogen/sequencing-data/Batch_MGG2_100-22samples/T6YE6HPWXMAY_2.fastq.gz
T6YE6HPWXMAY,MGG2_100,FSPRTCHWRZX9X67K,UF6M-YCHE-9BWY,AMD1559,AMD,SHOTGUN,v3,s3://amili-global-archive/SHOTGUN/v3/batch_mgg2_100/T6YE6HPWXMAY/kneaddata/T6YE6HPWXMAY.fastq,s3://amili-global-archive/SHOTGUN/v3/batch_mgg2_100/T6YE6HPWXMAY/kneaddata/T6YE6HPWXMAY_stat.tsv,s3://amili-global-archive/SHOTGUN/v3/batch_mgg2_100/T6YE6HPWXMAY/metaphlan/T6YE6HPWXMAY_metaphlan.tsv,s3://amili-global-archive/SHOTGUN/v3/batch_mgg2_100/T6YE6HPWXMAY/humann/T6YE6HPWXMAY_pathabundance.tsv,s3://amili-global-archive/SHOTGUN/v3/batch_mgg2_100/T6YE6HPWXMAY/humann/T6YE6HPWXMAY_reaction_ec.tsv,s3://amili-global-archive/SHOTGUN/v3/batch_mgg2_100/T6YE6HPWXMAY/humann/T6YE6HPWXMAY_genefamilies.tsv,s3://amili-global-archive/SHOTGUN/v3/batch_mgg2_100/T6YE6HPWXMAY/humann/T6YE6HPWXMAY_reaction_ko.tsv,s3://amili-analysis-lab/Macrogen/sequencing-data/Batch_MGG2_100-22samples/T6YE6HPWXMAY_1.fastq.gz,s3://amili-analysis-lab/Macrogen/sequencing-data/Batch_MGG2_100-22samples/T6YE6HPWXMAY_2.fastq.gz
WV2FJ9EMYCSS,MGG2_100,F2455Y24S8M9642D,X2F5-NNBU-VXZ5,AMD1570,AMD,SHOTGUN,v3,s3://amili-global-archive/SHOTGUN/v3/Batch_MGG2_100/WV2FJ9EMYCSS/kneaddata/WV2FJ9EMYCSS.fastq,s3://amili-global-archive/SHOTGUN/v3/Batch_MGG2_100/WV2FJ9EMYCSS/kneaddata/WV2FJ9EMYCSS_stat.tsv,s3://amili-global-archive/SHOTGUN/v3/Batch_MGG2_100/WV2FJ9EMYCSS/metaphlan/WV2FJ9EMYCSS_metaphlan.tsv,s3://amili-global-archive/SHOTGUN/v3/Batch_MGG2_100/WV2FJ9EMYCSS/humann/WV2FJ9EMYCSS_pathabundance.tsv,s3://amili-global-archive/SHOTGUN/v3/Batch_MGG2_100/WV2FJ9EMYCSS/humann/WV2FJ9EMYCSS_reaction_ec.tsv,s3://amili-global-archive/SHOTGUN/v3/Batch_MGG2_100/WV2FJ9EMYCSS/humann/WV2FJ9EMYCSS_genefamilies.tsv,s3://amili-global-archive/SHOTGUN/v3/Batch_MGG2_100/WV2FJ9EMYCSS/humann/WV2FJ9EMYCSS_reaction_ko.tsv,s3://amili-analysis-lab/Macrogen/sequencing-data/Batch_MGG2_100-22samples/WV2FJ9EMYCSS_1.fastq.gz,s3://amili-analysis-lab/Macrogen/sequencing-data/Batch_MGG2_100-22samples/WV2FJ9EMYCSS_2.fastq.gz
WV2FJ9EMYCSS,MGG2_100,F2455Y24S8M9642D,X2F5-NNBU-VXZ5,AMD1570,AMD,SHOTGUN,v3,s3://amili-global-archive/SHOTGUN/v3/batch_mgg2_100/WV2FJ9EMYCSS/kneaddata/WV2FJ9EMYCSS.fastq,s3://amili-global-archive/SHOTGUN/v3/batch_mgg2_100/WV2FJ9EMYCSS/kneaddata/WV2FJ9EMYCSS_stat.tsv,s3://amili-global-archive/SHOTGUN/v3/batch_mgg2_100/WV2FJ9EMYCSS/metaphlan/WV2FJ9EMYCSS_metaphlan.tsv,s3://amili-global-archive/SHOTGUN/v3/batch_mgg2_100/WV2FJ9EMYCSS/humann/WV2FJ9EMYCSS_pathabundance.tsv,s3://amili-global-archive/SHOTGUN/v3/batch_mgg2_100/WV2FJ9EMYCSS/humann/WV2FJ9EMYCSS_reaction_ec.tsv,s3://amili-global-archive/SHOTGUN/v3/batch_mgg2_100/WV2FJ9EMYCSS/humann/WV2FJ9EMYCSS_genefamilies.tsv,s3://amili-global-archive/SHOTGUN/v3/batch_mgg2_100/WV2FJ9EMYCSS/humann/WV2FJ9EMYCSS_reaction_ko.tsv,s3://amili-analysis-lab/Macrogen/sequencing-data/Batch_MGG2_100-22samples/WV2FJ9EMYCSS_1.fastq.gz,s3://amili-analysis-lab/Macrogen/sequencing-data/Batch_MGG2_100-22samples/WV2FJ9EMYCSS_2.fastq.gz
GEBU72G54HK9,MGG2_103,X8AAJD7YCHTQ7DPS,VEDC-BXV7-WNGU,AMD1582,AMD,SHOTGUN,v3,s3://amili-global-archive/SHOTGUN/v3/Batch_MGG2_103/GEBU72G54HK9/kneaddata/GEBU72G54HK9.fastq,s3://amili-global-archive/SHOTGUN/v3/Batch_MGG2_103/GEBU72G54HK9/kneaddata/GEBU72G54HK9_stat.tsv,s3://amili-global-archive/SHOTGUN/v3/Batch_MGG2_103/GEBU72G54HK9/metaphlan/GEBU72G54HK9_metaphlan.tsv,s3://amili-global-archive/SHOTGUN/v3/Batch_MGG2_103/GEBU72G54HK9/humann/GEBU72G54HK9_pathabundance.tsv,s3://amili-global-archive/SHOTGUN/v3/Batch_MGG2_103/GEBU72G54HK9/humann/GEBU72G54HK9_reaction_ec.tsv,s3://amili-global-archive/SHOTGUN/v3/Batch_MGG2_103/GEBU72G54HK9/humann/GEBU72G54HK9_genefamilies.tsv,s3://amili-global-archive/SHOTGUN/v3/Batch_MGG2_103/GEBU72G54HK9/humann/GEBU72G54HK9_reaction_ko.tsv,s3://amili-analysis-lab/Macrogen/sequencing-data/Batch_MGG2_103-19samples/GEBU72G54HK9_1.fastq.gz,s3://amili-analysis-lab/Macrogen/sequencing-data/Batch_MGG2_103-19samples/GEBU72G54HK9_2.fastq.gz
K2R3RGCDU8EY,MGG2_103,ZXPKNPA4R8U4SP4X,PX4J-4C5Z-T5A2,AMD1580,AMD,SHOTGUN,v3,s3://amili-global-archive/SHOTGUN/v3/Batch_MGG2_103/K2R3RGCDU8EY/kneaddata/K2R3RGCDU8EY.fastq,s3://amili-global-archive/SHOTGUN/v3/Batch_MGG2_103/K2R3RGCDU8EY/kneaddata/K2R3RGCDU8EY_stat.tsv,s3://amili-global-archive/SHOTGUN/v3/Batch_MGG2_103/K2R3RGCDU8EY/metaphlan/K2R3RGCDU8EY_metaphlan.tsv,s3://amili-global-archive/SHOTGUN/v3/Batch_MGG2_103/K2R3RGCDU8EY/humann/K2R3RGCDU8EY_pathabundance.tsv,s3://amili-global-archive/SHOTGUN/v3/Batch_MGG2_103/K2R3RGCDU8EY/humann/K2R3RGCDU8EY_reaction_ec.tsv,s3://amili-global-archive/SHOTGUN/v3/Batch_MGG2_103/K2R3RGCDU8EY/humann/K2R3RGCDU8EY_genefamilies.tsv,s3://amili-global-archive/SHOTGUN/v3/Batch_MGG2_103/K2R3RGCDU8EY/humann/K2R3RGCDU8EY_reaction_ko.tsv,s3://amili-analysis-lab/Macrogen/sequencing-data/Batch_MGG2_103-19samples/K2R3RGCDU8EY_1.fastq.gz,s3://amili-analysis-lab/Macrogen/sequencing-data/Batch_MGG2_103-19samples/K2R3RGCDU8EY_2.fastq.gz
PGWMNWYTG5XC,MGG2_103,H63DRMZU8HE87CTK,AP3J-H2BR-94JT,AMD1573,AMD,SHOTGUN,v3,s3://amili-global-archive/SHOTGUN/v3/Batch_MGG2_103/PGWMNWYTG5XC/kneaddata/PGWMNWYTG5XC.fastq,s3://amili-global-archive/SHOTGUN/v3/Batch_MGG2_103/PGWMNWYTG5XC/kneaddata/PGWMNWYTG5XC_stat.tsv,s3://amili-global-archive/SHOTGUN/v3/Batch_MGG2_103/PGWMNWYTG5XC/metaphlan/PGWMNWYTG5XC_metaphlan.tsv,s3://amili-global-archive/SHOTGUN/v3/Batch_MGG2_103/PGWMNWYTG5XC/humann/PGWMNWYTG5XC_pathabundance.tsv,s3://amili-global-archive/SHOTGUN/v3/Batch_MGG2_103/PGWMNWYTG5XC/humann/PGWMNWYTG5XC_reaction_ec.tsv,s3://amili-global-archive/SHOTGUN/v3/Batch_MGG2_103/PGWMNWYTG5XC/humann/PGWMNWYTG5XC_genefamilies.tsv,s3://amili-global-archive/SHOTGUN/v3/Batch_MGG2_103/PGWMNWYTG5XC/humann/PGWMNWYTG5XC_reaction_ko.tsv,s3://amili-analysis-lab/Macrogen/sequencing-data/Batch_MGG2_103-19samples/PGWMNWYTG5XC_1.fastq.gz,s3://amili-analysis-lab/Macrogen/sequencing-data/Batch_MGG2_103-19samples/PGWMNWYTG5XC_2.fastq.gz
PZT7UH4BZHHG,MGG2_103,PKW9NAR6Z8FGP99W,EBPP-8ZME-94ZJ,AMD1569,AMD,SHOTGUN,v3,s3://amili-global-archive/SHOTGUN/v3/Batch_MGG2_103/PZT7UH4BZHHG/kneaddata/PZT7UH4BZHHG.fastq,s3://amili-global-archive/SHOTGUN/v3/Batch_MGG2_103/PZT7UH4BZHHG/kneaddata/PZT7UH4BZHHG_stat.tsv,s3://amili-global-archive/SHOTGUN/v3/Batch_MGG2_103/PZT7UH4BZHHG/metaphlan/PZT7UH4BZHHG_metaphlan.tsv,s3://amili-global-archive/SHOTGUN/v3/Batch_MGG2_103/PZT7UH4BZHHG/humann/PZT7UH4BZHHG_pathabundance.tsv,s3://amili-global-archive/SHOTGUN/v3/Batch_MGG2_103/PZT7UH4BZHHG/humann/PZT7UH4BZHHG_reaction_ec.tsv,s3://amili-global-archive/SHOTGUN/v3/Batch_MGG2_103/PZT7UH4BZHHG/humann/PZT7UH4BZHHG_genefamilies.tsv,s3://amili-global-archive/SHOTGUN/v3/Batch_MGG2_103/PZT7UH4BZHHG/humann/PZT7UH4BZHHG_reaction_ko.tsv,s3://amili-analysis-lab/Macrogen/sequencing-data/Batch_MGG2_103-19samples/PZT7UH4BZHHG_1.fastq.gz,s3://amili-analysis-lab/Macrogen/sequencing-data/Batch_MGG2_103-19samples/PZT7UH4BZHHG_2.fastq.gz
XPXDQ5C3CCRJ,MGG2_103,XEE8GZ7227QASY78,285K-ZCXV-26V5,AMD1581,AMD,SHOTGUN,v3,s3://amili-global-archive/SHOTGUN/v3/Batch_MGG2_103/XPXDQ5C3CCRJ/kneaddata/XPXDQ5C3CCRJ.fastq,s3://amili-global-archive/SHOTGUN/v3/Batch_MGG2_103/XPXDQ5C3CCRJ/kneaddata/XPXDQ5C3CCRJ_stat.tsv,s3://amili-global-archive/SHOTGUN/v3/Batch_MGG2_103/XPXDQ5C3CCRJ/metaphlan/XPXDQ5C3CCRJ_metaphlan.tsv,s3://amili-global-archive/SHOTGUN/v3/Batch_MGG2_103/XPXDQ5C3CCRJ/humann/XPXDQ5C3CCRJ_pathabundance.tsv,s3://amili-global-archive/SHOTGUN/v3/Batch_MGG2_103/XPXDQ5C3CCRJ/humann/XPXDQ5C3CCRJ_reaction_ec.tsv,s3://amili-global-archive/SHOTGUN/v3/Batch_MGG2_103/XPXDQ5C3CCRJ/humann/XPXDQ5C3CCRJ_genefamilies.tsv,s3://amili-global-archive/SHOTGUN/v3/Batch_MGG2_103/XPXDQ5C3CCRJ/humann/XPXDQ5C3CCRJ_reaction_ko.tsv,s3://amili-analysis-lab/Macrogen/sequencing-data/Batch_MGG2_103-19samples/XPXDQ5C3CCRJ_1.fastq.gz,s3://amili-analysis-lab/Macrogen/sequencing-data/Batch_MGG2_103-19samples/XPXDQ5C3CCRJ_2.fastq.gz
B046AMD0681,MGG2_46,YM66MDEE9W33AAVE,28K4-785Q-UJWR,AMD0681,AMD,SHOTGUN,v3,s3://amili-global-archive/SHOTGUN/v3/Batch_MGG2_46/B046AMD0681/kneaddata/B046AMD0681.fastq,s3://amili-global-archive/SHOTGUN/v3/Batch_MGG2_46/B046AMD0681/kneaddata/B046AMD0681_stat.tsv,s3://amili-global-archive/SHOTGUN/v3/Batch_MGG2_46/B046AMD0681/metaphlan/B046AMD0681_metaphlan.tsv,s3://amili-global-archive/SHOTGUN/v3/Batch_MGG2_46/B046AMD0681/humann/B046AMD0681_pathabundance.tsv,s3://amili-global-archive/SHOTGUN/v3/Batch_MGG2_46/B046AMD0681/humann/B046AMD0681_reaction_ec.tsv,s3://amili-global-archive/SHOTGUN/v3/Batch_MGG2_46/B046AMD0681/humann/B046AMD0681_genefamilies.tsv,s3://amili-global-archive/SHOTGUN/v3/Batch_MGG2_46/B046AMD0681/humann/B046AMD0681_reaction_ko.tsv,s3://amili-analysis-lab/Macrogen/sequencing-data/Batch_MGG2_46-40samples/B046AMD0681_1.fastq.gz,s3://amili-analysis-lab/Macrogen/sequencing-data/Batch_MGG2_46-40samples/B046AMD0681_2.fastq.gz
B046AMD0698,MGG2_46,NFABHABBS6U9VPFR,AMDJ-7K9W-J4AA,AMD0698,AMD,SHOTGUN,v3,s3://amili-global-archive/SHOTGUN/v3/Batch_MGG2_46/B046AMD0698/kneaddata/B046AMD0698.fastq,s3://amili-global-archive/SHOTGUN/v3/Batch_MGG2_46/B046AMD0698/kneaddata/B046AMD0698_stat.tsv,s3://amili-global-archive/SHOTGUN/v3/Batch_MGG2_46/B046AMD0698/metaphlan/B046AMD0698_metaphlan.tsv,s3://amili-global-archive/SHOTGUN/v3/Batch_MGG2_46/B046AMD0698/humann/B046AMD0698_pathabundance.tsv,s3://amili-global-archive/SHOTGUN/v3/Batch_MGG2_46/B046AMD0698/humann/B046AMD0698_reaction_ec.tsv,s3://amili-global-archive/SHOTGUN/v3/Batch_MGG2_46/B046AMD0698/humann/B046AMD0698_genefamilies.tsv,s3://amili-global-archive/SHOTGUN/v3/Batch_MGG2_46/B046AMD0698/humann/B046AMD0698_reaction_ko.tsv,s3://amili-analysis-lab/Macrogen/sequencing-data/Batch_MGG2_46-40samples/B046AMD0698_1.fastq.gz,s3://amili-analysis-lab/Macrogen/sequencing-data/Batch_MGG2_46-40samples/B046AMD0698_2.fastq.gz
B046AMD0698,MGG2_46,NFABHABBS6U9VPFR,AMDJ-7K9W-J4AA,AMD0698,AMD,SHOTGUN,v3,,s3://amili-global-archive/SHOTGUN/v3/batch_13/B046AMD0698/kneaddata/B046AMD0698_stat.tsv,,,,,,s3://amili-analysis-lab/Macrogen/sequencing-data/Batch_MGG2_46-40samples/B046AMD0698_1.fastq.gz,s3://amili-analysis-lab/Macrogen/sequencing-data/Batch_MGG2_46-40samples/B046AMD0698_2.fastq.gz
B046AMD0810,MGG2_46,Y37H48KWPMGKFM6V,AMDJ-9ZDW-BZYH,AMD0810,AMD,SHOTGUN,v3,s3://amili-global-archive/SHOTGUN/v3/Batch_MGG2_46/B046AMD0810/kneaddata/B046AMD0810.fastq,s3://amili-global-archive/SHOTGUN/v3/Batch_MGG2_46/B046AMD0810/kneaddata/B046AMD0810_stat.tsv,s3://amili-global-archive/SHOTGUN/v3/Batch_MGG2_46/B046AMD0810/metaphlan/B046AMD0810_metaphlan.tsv,s3://amili-global-archive/SHOTGUN/v3/Batch_MGG2_46/B046AMD0810/humann/B046AMD0810_pathabundance.tsv,s3://amili-global-archive/SHOTGUN/v3/Batch_MGG2_46/B046AMD0810/humann/B046AMD0810_reaction_ec.tsv,s3://amili-global-archive/SHOTGUN/v3/Batch_MGG2_46/B046AMD0810/humann/B046AMD0810_genefamilies.tsv,s3://amili-global-archive/SHOTGUN/v3/Batch_MGG2_46/B046AMD0810/humann/B046AMD0810_reaction_ko.tsv,s3://amili-analysis-lab/Macrogen/sequencing-data/Batch_MGG2_46-40samples/B046AMD0810_1.fastq.gz,s3://amili-analysis-lab/Macrogen/sequencing-data/Batch_MGG2_46-40samples/B046AMD0810_2.fastq.gz
AMD0024Q,BATCH2,,AMDJ-UVMT-EWNP,AMD0024,AMD,SHOTGUN,v3,s3://amili-global-archive/SHOTGUN/v3/batch_2/AMD0024q_S37/kneaddata/AMD0024q_S37.fastq,s3://amili-global-archive/SHOTGUN/v3/batch_2/AMD0024q_S37/kneaddata/AMD0024q_S37_stat.tsv,s3://amili-global-archive/SHOTGUN/v3/batch_2/AMD0024q_S37/metaphlan/AMD0024q_S37_metaphlan.tsv,s3://amili-global-archive/SHOTGUN/v3/batch_2/AMD0024q_S37/humann/AMD0024q_S37_pathabundance.tsv,s3://amili-global-archive/SHOTGUN/v3/batch_2/AMD0024q_S37/humann/AMD0024q_S37_reaction_ec.tsv,s3://amili-global-archive/SHOTGUN/v3/batch_2/AMD0024q_S37/humann/AMD0024q_S37_genefamilies.tsv,s3://amili-global-archive/SHOTGUN/v3/batch_2/AMD0024q_S37/humann/AMD0024q_S37_reaction_ko.tsv,,
B046AMD0932,MGG2_46,NH3JBN2DURTNVCTR,9HQZ-JS3F-AY9Y,AMD0932,AMD,SHOTGUN,v3,s3://amili-global-archive/SHOTGUN/v3/Batch_MGG2_46/B046AMD0932/kneaddata/B046AMD0932.fastq,s3://amili-global-archive/SHOTGUN/v3/Batch_MGG2_46/B046AMD0932/kneaddata/B046AMD0932_stat.tsv,s3://amili-global-archive/SHOTGUN/v3/Batch_MGG2_46/B046AMD0932/metaphlan/B046AMD0932_metaphlan.tsv,s3://amili-global-archive/SHOTGUN/v3/Batch_MGG2_46/B046AMD0932/humann/B046AMD0932_pathabundance.tsv,s3://amili-global-archive/SHOTGUN/v3/Batch_MGG2_46/B046AMD0932/humann/B046AMD0932_reaction_ec.tsv,s3://amili-global-archive/SHOTGUN/v3/Batch_MGG2_46/B046AMD0932/humann/B046AMD0932_genefamilies.tsv,s3://amili-global-archive/SHOTGUN/v3/Batch_MGG2_46/B046AMD0932/humann/B046AMD0932_reaction_ko.tsv,s3://amili-analysis-lab/Macrogen/sequencing-data/Batch_MGG2_46-40samples/B046AMD0932_1.fastq.gz,s3://amili-analysis-lab/Macrogen/sequencing-data/Batch_MGG2_46-40samples/B046AMD0932_2.fastq.gz
B046AMD1000,MGG2_46,DZ4ABEHEGVDM79BM,PVN8-AC76-B4RP,AMD1000,AMD,SHOTGUN,v3,s3://amili-global-archive/SHOTGUN/v3/Batch_MGG2_46/B046AMD1000/kneaddata/B046AMD1000.fastq,s3://amili-global-archive/SHOTGUN/v3/Batch_MGG2_46/B046AMD1000/kneaddata/B046AMD1000_stat.tsv,s3://amili-global-archive/SHOTGUN/v3/Batch_MGG2_46/B046AMD1000/metaphlan/B046AMD1000_metaphlan.tsv,s3://amili-global-archive/SHOTGUN/v3/Batch_MGG2_46/B046AMD1000/humann/B046AMD1000_pathabundance.tsv,s3://amili-global-archive/SHOTGUN/v3/Batch_MGG2_46/B046AMD1000/humann/B046AMD1000_reaction_ec.tsv,s3://amili-global-archive/SHOTGUN/v3/Batch_MGG2_46/B046AMD1000/humann/B046AMD1000_genefamilies.tsv,s3://amili-global-archive/SHOTGUN/v3/Batch_MGG2_46/B046AMD1000/humann/B046AMD1000_reaction_ko.tsv,s3://amili-analysis-lab/Macrogen/sequencing-data/Batch_MGG2_46-40samples/B046AMD1000_1.fastq.gz,s3://amili-analysis-lab/Macrogen/sequencing-data/Batch_MGG2_46-40samples/B046AMD1000_2.fastq.gz
B046AMD1007,MGG2_46,FVUD79JJZE9KAHKN,7CTT-U5J3-TJ8K,AMD1007,AMD,SHOTGUN,v3,s3://amili-global-archive/SHOTGUN/v3/Batch_MGG2_46/B046AMD1007/kneaddata/B046AMD1007.fastq,s3://amili-global-archive/SHOTGUN/v3/Batch_MGG2_46/B046AMD1007/kneaddata/B046AMD1007_stat.tsv,s3://amili-global-archive/SHOTGUN/v3/Batch_MGG2_46/B046AMD1007/metaphlan/B046AMD1007_metaphlan.tsv,s3://amili-global-archive/SHOTGUN/v3/Batch_MGG2_46/B046AMD1007/humann/B046AMD1007_pathabundance.tsv,s3://amili-global-archive/SHOTGUN/v3/Batch_MGG2_46/B046AMD1007/humann/B046AMD1007_reaction_ec.tsv,s3://amili-global-archive/SHOTGUN/v3/Batch_MGG2_46/B046AMD1007/humann/B046AMD1007_genefamilies.tsv,s3://amili-global-archive/SHOTGUN/v3/Batch_MGG2_46/B046AMD1007/humann/B046AMD1007_reaction_ko.tsv,s3://amili-analysis-lab/Macrogen/sequencing-data/Batch_MGG2_46-40samples/B046AMD1007_1.fastq.gz,s3://amili-analysis-lab/Macrogen/sequencing-data/Batch_MGG2_46-40samples/B046AMD1007_2.fastq.gz
B046AMD1007,MGG2_46,FVUD79JJZE9KAHKN,7CTT-U5J3-TJ8K,AMD1007,AMD,SHOTGUN,v3,s3://amili-global-archive/SHOTGUN/v3/batch_mgg2_46-40samples/B046AMD1007/kneaddata/B046AMD1007.fastq,s3://amili-global-archive/SHOTGUN/v3/batch_mgg2_46-40samples/B046AMD1007/kneaddata/B046AMD1007_stat.tsv,s3://amili-global-archive/SHOTGUN/v3/batch_mgg2_46-40samples/B046AMD1007/metaphlan/B046AMD1007_metaphlan.tsv,s3://amili-global-archive/SHOTGUN/v3/batch_mgg2_46-40samples/B046AMD1007/humann/B046AMD1007_pathabundance.tsv,s3://amili-global-archive/SHOTGUN/v3/batch_mgg2_46-40samples/B046AMD1007/humann/B046AMD1007_reaction_ec.tsv,s3://amili-global-archive/SHOTGUN/v3/batch_mgg2_46-40samples/B046AMD1007/humann/B046AMD1007_genefamilies.tsv,s3://amili-global-archive/SHOTGUN/v3/batch_mgg2_46-40samples/B046AMD1007/humann/B046AMD1007_reaction_ko.tsv,s3://amili-analysis-lab/Macrogen/sequencing-data/Batch_MGG2_46-40samples/B046AMD1007_1.fastq.gz,s3://amili-analysis-lab/Macrogen/sequencing-data/Batch_MGG2_46-40samples/B046AMD1007_2.fastq.gz
B046AMD1016,MGG2_46,NWZRK79KZUKH5Z4X,A795-UZSW-5RBH,AMD1016,AMD,SHOTGUN,v3,s3://amili-global-archive/SHOTGUN/v3/Batch_MGG2_46/B046AMD1016/kneaddata/B046AMD1016.fastq,s3://amili-global-archive/SHOTGUN/v3/Batch_MGG2_46/B046AMD1016/kneaddata/B046AMD1016_stat.tsv,s3://amili-global-archive/SHOTGUN/v3/Batch_MGG2_46/B046AMD1016/metaphlan/B046AMD1016_metaphlan.tsv,s3://amili-global-archive/SHOTGUN/v3/Batch_MGG2_46/B046AMD1016/humann/B046AMD1016_pathabundance.tsv,s3://amili-global-archive/SHOTGUN/v3/Batch_MGG2_46/B046AMD1016/humann/B046AMD1016_reaction_ec.tsv,s3://amili-global-archive/SHOTGUN/v3/Batch_MGG2_46/B046AMD1016/humann/B046AMD1016_genefamilies.tsv,s3://amili-global-archive/SHOTGUN/v3/Batch_MGG2_46/B046AMD1016/humann/B046AMD1016_reaction_ko.tsv,s3://amili-analysis-lab/Macrogen/sequencing-data/Batch_MGG2_46-40samples/B046AMD1016_1.fastq.gz,s3://amili-analysis-lab/Macrogen/sequencing-data/Batch_MGG2_46-40samples/B046AMD1016_2.fastq.gz
B046AMD1016,MGG2_46,NWZRK79KZUKH5Z4X,A795-UZSW-5RBH,AMD1016,AMD,SHOTGUN,v3,s3://amili-global-archive/SHOTGUN/v3/batch_mgg2_46-40samples/B046AMD1016/kneaddata/B046AMD1016.fastq,s3://amili-global-archive/SHOTGUN/v3/batch_mgg2_46-40samples/B046AMD1016/kneaddata/B046AMD1016_stat.tsv,s3://amili-global-archive/SHOTGUN/v3/batch_mgg2_46-40samples/B046AMD1016/metaphlan/B046AMD1016_metaphlan.tsv,s3://amili-global-archive/SHOTGUN/v3/batch_mgg2_46-40samples/B046AMD1016/humann/B046AMD1016_pathabundance.tsv,s3://amili-global-archive/SHOTGUN/v3/batch_mgg2_46-40samples/B046AMD1016/humann/B046AMD1016_reaction_ec.tsv,s3://amili-global-archive/SHOTGUN/v3/batch_mgg2_46-40samples/B046AMD1016/humann/B046AMD1016_genefamilies.tsv,s3://amili-global-archive/SHOTGUN/v3/batch_mgg2_46-40samples/B046AMD1016/humann/B046AMD1016_reaction_ko.tsv,s3://amili-analysis-lab/Macrogen/sequencing-data/Batch_MGG2_46-40samples/B046AMD1016_1.fastq.gz,s3://amili-analysis-lab/Macrogen/sequencing-data/Batch_MGG2_46-40samples/B046AMD1016_2.fastq.gz
B046AMD1027,MGG2_46,ZMYSHXPUBFF999E6,DVJG-DDBK-PYPR,AMD1027,AMD,SHOTGUN,v3,s3://amili-global-archive/SHOTGUN/v3/Batch_MGG2_46/B046AMD1027/kneaddata/B046AMD1027.fastq,s3://amili-global-archive/SHOTGUN/v3/Batch_MGG2_46/B046AMD1027/kneaddata/B046AMD1027_stat.tsv,s3://amili-global-archive/SHOTGUN/v3/Batch_MGG2_46/B046AMD1027/metaphlan/B046AMD1027_metaphlan.tsv,s3://amili-global-archive/SHOTGUN/v3/Batch_MGG2_46/B046AMD1027/humann/B046AMD1027_pathabundance.tsv,s3://amili-global-archive/SHOTGUN/v3/Batch_MGG2_46/B046AMD1027/humann/B046AMD1027_reaction_ec.tsv,s3://amili-global-archive/SHOTGUN/v3/Batch_MGG2_46/B046AMD1027/humann/B046AMD1027_genefamilies.tsv,s3://amili-global-archive/SHOTGUN/v3/Batch_MGG2_46/B046AMD1027/humann/B046AMD1027_reaction_ko.tsv,s3://amili-analysis-lab/Macrogen/sequencing-data/Batch_MGG2_46-40samples/B046AMD1027_1.fastq.gz,s3://amili-analysis-lab/Macrogen/sequencing-data/Batch_MGG2_46-40samples/B046AMD1027_2.fastq.gz
B046AMD1029,MGG2_46,TQSPYZYNF5A59BQ3,YF6S-85B7-QF8A,AMD1029,AMD,SHOTGUN,v3,s3://amili-global-archive/SHOTGUN/v3/Batch_MGG2_46/B046AMD1029/kneaddata/B046AMD1029.fastq,s3://amili-global-archive/SHOTGUN/v3/Batch_MGG2_46/B046AMD1029/kneaddata/B046AMD1029_stat.tsv,s3://amili-global-archive/SHOTGUN/v3/Batch_MGG2_46/B046AMD1029/metaphlan/B046AMD1029_metaphlan.tsv,s3://amili-global-archive/SHOTGUN/v3/Batch_MGG2_46/B046AMD1029/humann/B046AMD1029_pathabundance.tsv,s3://amili-global-archive/SHOTGUN/v3/Batch_MGG2_46/B046AMD1029/humann/B046AMD1029_reaction_ec.tsv,s3://amili-global-archive/SHOTGUN/v3/Batch_MGG2_46/B046AMD1029/humann/B046AMD1029_genefamilies.tsv,s3://amili-global-archive/SHOTGUN/v3/Batch_MGG2_46/B046AMD1029/humann/B046AMD1029_reaction_ko.tsv,s3://amili-analysis-lab/Macrogen/sequencing-data/Batch_MGG2_46-40samples/B046AMD1029_1.fastq.gz,s3://amili-analysis-lab/Macrogen/sequencing-data/Batch_MGG2_46-40samples/B046AMD1029_2.fastq.gz
B046AMD1037,MGG2_46,Z3FDYXFG7FX3W43X,RC8F-WMGW-N4ZX,AMD1037,AMD,SHOTGUN,v3,s3://amili-global-archive/SHOTGUN/v3/Batch_MGG2_46/B046AMD1037/kneaddata/B046AMD1037.fastq,s3://amili-global-archive/SHOTGUN/v3/Batch_MGG2_46/B046AMD1037/kneaddata/B046AMD1037_stat.tsv,s3://amili-global-archive/SHOTGUN/v3/Batch_MGG2_46/B046AMD1037/metaphlan/B046AMD1037_metaphlan.tsv,s3://amili-global-archive/SHOTGUN/v3/Batch_MGG2_46/B046AMD1037/humann/B046AMD1037_pathabundance.tsv,s3://amili-global-archive/SHOTGUN/v3/Batch_MGG2_46/B046AMD1037/humann/B046AMD1037_reaction_ec.tsv,s3://amili-global-archive/SHOTGUN/v3/Batch_MGG2_46/B046AMD1037/humann/B046AMD1037_genefamilies.tsv,s3://amili-global-archive/SHOTGUN/v3/Batch_MGG2_46/B046AMD1037/humann/B046AMD1037_reaction_ko.tsv,s3://amili-analysis-lab/Macrogen/sequencing-data/Batch_MGG2_46-40samples/B046AMD1037_1.fastq.gz,s3://amili-analysis-lab/Macrogen/sequencing-data/Batch_MGG2_46-40samples/B046AMD1037_2.fastq.gz
B046AMD1049,MGG2_46,RMU7ETHER6VS6A37,YBX9-TTSK-VKJH,AMD1049,AMD,SHOTGUN,v3,s3://amili-global-archive/SHOTGUN/v3/Batch_MGG2_46/B046AMD1049/kneaddata/B046AMD1049.fastq,s3://amili-global-archive/SHOTGUN/v3/Batch_MGG2_46/B046AMD1049/kneaddata/B046AMD1049_stat.tsv,s3://amili-global-archive/SHOTGUN/v3/Batch_MGG2_46/B046AMD1049/metaphlan/B046AMD1049_metaphlan.tsv,s3://amili-global-archive/SHOTGUN/v3/Batch_MGG2_46/B046AMD1049/humann/B046AMD1049_pathabundance.tsv,s3://amili-global-archive/SHOTGUN/v3/Batch_MGG2_46/B046AMD1049/humann/B046AMD1049_reaction_ec.tsv,s3://amili-global-archive/SHOTGUN/v3/Batch_MGG2_46/B046AMD1049/humann/B046AMD1049_genefamilies.tsv,s3://amili-global-archive/SHOTGUN/v3/Batch_MGG2_46/B046AMD1049/humann/B046AMD1049_reaction_ko.tsv,s3://amili-analysis-lab/Macrogen/sequencing-data/Batch_MGG2_46-40samples/B046AMD1049_1.fastq.gz,s3://amili-analysis-lab/Macrogen/sequencing-data/Batch_MGG2_46-40samples/B046AMD1049_2.fastq.gz
B046AMD1060,MGG2_46,G6MNJSQM4W77N7HB,2NX3-UMWQ-WPPH,AMD1060,AMD,SHOTGUN,v3,s3://amili-global-archive/SHOTGUN/v3/Batch_MGG2_46/B046AMD1060/kneaddata/B046AMD1060.fastq,s3://amili-global-archive/SHOTGUN/v3/Batch_MGG2_46/B046AMD1060/kneaddata/B046AMD1060_stat.tsv,s3://amili-global-archive/SHOTGUN/v3/Batch_MGG2_46/B046AMD1060/metaphlan/B046AMD1060_metaphlan.tsv,s3://amili-global-archive/SHOTGUN/v3/Batch_MGG2_46/B046AMD1060/humann/B046AMD1060_pathabundance.tsv,s3://amili-global-archive/SHOTGUN/v3/Batch_MGG2_46/B046AMD1060/humann/B046AMD1060_reaction_ec.tsv,s3://amili-global-archive/SHOTGUN/v3/Batch_MGG2_46/B046AMD1060/humann/B046AMD1060_genefamilies.tsv,s3://amili-global-archive/SHOTGUN/v3/Batch_MGG2_46/B046AMD1060/humann/B046AMD1060_reaction_ko.tsv,s3://amili-analysis-lab/Macrogen/sequencing-data/Batch_MGG2_46-40samples/B046AMD1060_1.fastq.gz,s3://amili-analysis-lab/Macrogen/sequencing-data/Batch_MGG2_46-40samples/B046AMD1060_2.fastq.gz
B046AMD1060,MGG2_46,G6MNJSQM4W77N7HB,2NX3-UMWQ-WPPH,AMD1060,AMD,SHOTGUN,v3,s3://amili-global-archive/SHOTGUN/v3/batch_mgg2_46-40samples/B046AMD1060/kneaddata/B046AMD1060.fastq,s3://amili-global-archive/SHOTGUN/v3/batch_mgg2_46-40samples/B046AMD1060/kneaddata/B046AMD1060_stat.tsv,s3://amili-global-archive/SHOTGUN/v3/batch_mgg2_46-40samples/B046AMD1060/metaphlan/B046AMD1060_metaphlan.tsv,s3://amili-global-archive/SHOTGUN/v3/batch_mgg2_46-40samples/B046AMD1060/humann/B046AMD1060_pathabundance.tsv,s3://amili-global-archive/SHOTGUN/v3/batch_mgg2_46-40samples/B046AMD1060/humann/B046AMD1060_reaction_ec.tsv,s3://amili-global-archive/SHOTGUN/v3/batch_mgg2_46-40samples/B046AMD1060/humann/B046AMD1060_genefamilies.tsv,s3://amili-global-archive/SHOTGUN/v3/batch_mgg2_46-40samples/B046AMD1060/humann/B046AMD1060_reaction_ko.tsv,s3://amili-analysis-lab/Macrogen/sequencing-data/Batch_MGG2_46-40samples/B046AMD1060_1.fastq.gz,s3://amili-analysis-lab/Macrogen/sequencing-data/Batch_MGG2_46-40samples/B046AMD1060_2.fastq.gz
B046AMD1069,MGG2_46,F8K22V3K4EJQS4XM,ERN7-Y52R-WEE7,AMD1069,AMD,SHOTGUN,v3,s3://amili-global-archive/SHOTGUN/v3/Batch_MGG2_46/B046AMD1069/kneaddata/B046AMD1069.fastq,s3://amili-global-archive/SHOTGUN/v3/Batch_MGG2_46/B046AMD1069/kneaddata/B046AMD1069_stat.tsv,s3://amili-global-archive/SHOTGUN/v3/Batch_MGG2_46/B046AMD1069/metaphlan/B046AMD1069_metaphlan.tsv,s3://amili-global-archive/SHOTGUN/v3/Batch_MGG2_46/B046AMD1069/humann/B046AMD1069_pathabundance.tsv,s3://amili-global-archive/SHOTGUN/v3/Batch_MGG2_46/B046AMD1069/humann/B046AMD1069_reaction_ec.tsv,s3://amili-global-archive/SHOTGUN/v3/Batch_MGG2_46/B046AMD1069/humann/B046AMD1069_genefamilies.tsv,s3://amili-global-archive/SHOTGUN/v3/Batch_MGG2_46/B046AMD1069/humann/B046AMD1069_reaction_ko.tsv,s3://amili-analysis-lab/Macrogen/sequencing-data/Batch_MGG2_46-40samples/B046AMD1069_1.fastq.gz,s3://amili-analysis-lab/Macrogen/sequencing-data/Batch_MGG2_46-40samples/B046AMD1069_2.fastq.gz
B046AMD1076,MGG2_46,HV2UB99Y4HNRH8XH,34HX-XQEK-8DK7,AMD1076,AMD,SHOTGUN,v3,s3://amili-global-archive/SHOTGUN/v3/Batch_MGG2_46/B046AMD1076/kneaddata/B046AMD1076.fastq,s3://amili-global-archive/SHOTGUN/v3/Batch_MGG2_46/B046AMD1076/kneaddata/B046AMD1076_stat.tsv,s3://amili-global-archive/SHOTGUN/v3/Batch_MGG2_46/B046AMD1076/metaphlan/B046AMD1076_metaphlan.tsv,s3://amili-global-archive/SHOTGUN/v3/Batch_MGG2_46/B046AMD1076/humann/B046AMD1076_pathabundance.tsv,s3://amili-global-archive/SHOTGUN/v3/Batch_MGG2_46/B046AMD1076/humann/B046AMD1076_reaction_ec.tsv,s3://amili-global-archive/SHOTGUN/v3/Batch_MGG2_46/B046AMD1076/humann/B046AMD1076_genefamilies.tsv,s3://amili-global-archive/SHOTGUN/v3/Batch_MGG2_46/B046AMD1076/humann/B046AMD1076_reaction_ko.tsv,s3://amili-analysis-lab/Macrogen/sequencing-data/Batch_MGG2_46-40samples/B046AMD1076_1.fastq.gz,s3://amili-analysis-lab/Macrogen/sequencing-data/Batch_MGG2_46-40samples/B046AMD1076_2.fastq.gz
B046AMD1077,MGG2_46,ZUXNVTMM7D27NZQJ,U2BU-N7WV-MWG5,AMD1077,AMD,SHOTGUN,v3,s3://amili-global-archive/SHOTGUN/v3/Batch_MGG2_46/B046AMD1077/kneaddata/B046AMD1077.fastq,s3://amili-global-archive/SHOTGUN/v3/Batch_MGG2_46/B046AMD1077/kneaddata/B046AMD1077_stat.tsv,s3://amili-global-archive/SHOTGUN/v3/Batch_MGG2_46/B046AMD1077/metaphlan/B046AMD1077_metaphlan.tsv,s3://amili-global-archive/SHOTGUN/v3/Batch_MGG2_46/B046AMD1077/humann/B046AMD1077_pathabundance.tsv,s3://amili-global-archive/SHOTGUN/v3/Batch_MGG2_46/B046AMD1077/humann/B046AMD1077_reaction_ec.tsv,s3://amili-global-archive/SHOTGUN/v3/Batch_MGG2_46/B046AMD1077/humann/B046AMD1077_genefamilies.tsv,s3://amili-global-archive/SHOTGUN/v3/Batch_MGG2_46/B046AMD1077/humann/B046AMD1077_reaction_ko.tsv,s3://amili-analysis-lab/Macrogen/sequencing-data/Batch_MGG2_46-40samples/B046AMD1077_1.fastq.gz,s3://amili-analysis-lab/Macrogen/sequencing-data/Batch_MGG2_46-40samples/B046AMD1077_2.fastq.gz
B046AMD1084,MGG2_46,CYAUHBQWBCHYC497,QDDR-H7DV-9CS4,AMD1084,AMD,SHOTGUN,v3,s3://amili-global-archive/SHOTGUN/v3/Batch_MGG2_46/B046AMD1084/kneaddata/B046AMD1084.fastq,s3://amili-global-archive/SHOTGUN/v3/Batch_MGG2_46/B046AMD1084/kneaddata/B046AMD1084_stat.tsv,s3://amili-global-archive/SHOTGUN/v3/Batch_MGG2_46/B046AMD1084/metaphlan/B046AMD1084_metaphlan.tsv,s3://amili-global-archive/SHOTGUN/v3/Batch_MGG2_46/B046AMD1084/humann/B046AMD1084_pathabundance.tsv,s3://amili-global-archive/SHOTGUN/v3/Batch_MGG2_46/B046AMD1084/humann/B046AMD1084_reaction_ec.tsv,s3://amili-global-archive/SHOTGUN/v3/Batch_MGG2_46/B046AMD1084/humann/B046AMD1084_genefamilies.tsv,s3://amili-global-archive/SHOTGUN/v3/Batch_MGG2_46/B046AMD1084/humann/B046AMD1084_reaction_ko.tsv,s3://amili-analysis-lab/Macrogen/sequencing-data/Batch_MGG2_46-40samples/B046AMD1084_1.fastq.gz,s3://amili-analysis-lab/Macrogen/sequencing-data/Batch_MGG2_46-40samples/B046AMD1084_2.fastq.gz
B046AMD1086,MGG2_46,GVN862YE34UN3XTP,7RY7-YVP7-2S5Z,AMD1086,AMD,SHOTGUN,v3,s3://amili-global-archive/SHOTGUN/v3/Batch_MGG2_46/B046AMD1086/kneaddata/B046AMD1086.fastq,s3://amili-global-archive/SHOTGUN/v3/Batch_MGG2_46/B046AMD1086/kneaddata/B046AMD1086_stat.tsv,s3://amili-global-archive/SHOTGUN/v3/Batch_MGG2_46/B046AMD1086/metaphlan/B046AMD1086_metaphlan.tsv,s3://amili-global-archive/SHOTGUN/v3/Batch_MGG2_46/B046AMD1086/humann/B046AMD1086_pathabundance.tsv,s3://amili-global-archive/SHOTGUN/v3/Batch_MGG2_46/B046AMD1086/humann/B046AMD1086_reaction_ec.tsv,s3://amili-global-archive/SHOTGUN/v3/Batch_MGG2_46/B046AMD1086/humann/B046AMD1086_genefamilies.tsv,s3://amili-global-archive/SHOTGUN/v3/Batch_MGG2_46/B046AMD1086/humann/B046AMD1086_reaction_ko.tsv,s3://amili-analysis-lab/Macrogen/sequencing-data/Batch_MGG2_46-40samples/B046AMD1086_1.fastq.gz,s3://amili-analysis-lab/Macrogen/sequencing-data/Batch_MGG2_46-40samples/B046AMD1086_2.fastq.gz
B046AMD1088,MGG2_46,DAC65PURYWGSF7A6,J975-3BPP-8F7C,AMD1088,AMD,SHOTGUN,v3,s3://amili-global-archive/SHOTGUN/v3/Batch_MGG2_46/B046AMD1088/kneaddata/B046AMD1088.fastq,s3://amili-global-archive/SHOTGUN/v3/Batch_MGG2_46/B046AMD1088/kneaddata/B046AMD1088_stat.tsv,s3://amili-global-archive/SHOTGUN/v3/Batch_MGG2_46/B046AMD1088/metaphlan/B046AMD1088_metaphlan.tsv,s3://amili-global-archive/SHOTGUN/v3/Batch_MGG2_46/B046AMD1088/humann/B046AMD1088_pathabundance.tsv,s3://amili-global-archive/SHOTGUN/v3/Batch_MGG2_46/B046AMD1088/humann/B046AMD1088_reaction_ec.tsv,s3://amili-global-archive/SHOTGUN/v3/Batch_MGG2_46/B046AMD1088/humann/B046AMD1088_genefamilies.tsv,s3://amili-global-archive/SHOTGUN/v3/Batch_MGG2_46/B046AMD1088/humann/B046AMD1088_reaction_ko.tsv,s3://amili-analysis-lab/Macrogen/sequencing-data/Batch_MGG2_46-40samples/B046AMD1088_1.fastq.gz,s3://amili-analysis-lab/Macrogen/sequencing-data/Batch_MGG2_46-40samples/B046AMD1088_2.fastq.gz
B046AMD1094,MGG2_46,ZR6ATYEZTPFU3ETX,3Z9D-VCSF-TRBJ,AMD1094,AMD,SHOTGUN,v3,s3://amili-global-archive/SHOTGUN/v3/Batch_MGG2_46/B046AMD1094/kneaddata/B046AMD1094.fastq,s3://amili-global-archive/SHOTGUN/v3/Batch_MGG2_46/B046AMD1094/kneaddata/B046AMD1094_stat.tsv,s3://amili-global-archive/SHOTGUN/v3/Batch_MGG2_46/B046AMD1094/metaphlan/B046AMD1094_metaphlan.tsv,s3://amili-global-archive/SHOTGUN/v3/Batch_MGG2_46/B046AMD1094/humann/B046AMD1094_pathabundance.tsv,s3://amili-global-archive/SHOTGUN/v3/Batch_MGG2_46/B046AMD1094/humann/B046AMD1094_reaction_ec.tsv,s3://amili-global-archive/SHOTGUN/v3/Batch_MGG2_46/B046AMD1094/humann/B046AMD1094_genefamilies.tsv,s3://amili-global-archive/SHOTGUN/v3/Batch_MGG2_46/B046AMD1094/humann/B046AMD1094_reaction_ko.tsv,s3://amili-analysis-lab/Macrogen/sequencing-data/Batch_MGG2_46-40samples/B046AMD1094_1.fastq.gz,s3://amili-analysis-lab/Macrogen/sequencing-data/Batch_MGG2_46-40samples/B046AMD1094_2.fastq.gz
B047AMD1095,MGG2_47,CJ2WZ3YP2S6DJXDW,9MMY-R73U-7Y5H,AMD1095,AMD,SHOTGUN,v3,s3://amili-global-archive/SHOTGUN/v3/Batch_MGG2_47/B047AMD1095/kneaddata/B047AMD1095.fastq,s3://amili-global-archive/SHOTGUN/v3/Batch_MGG2_47/B047AMD1095/kneaddata/B047AMD1095_stat.tsv,s3://amili-global-archive/SHOTGUN/v3/Batch_MGG2_47/B047AMD1095/metaphlan/B047AMD1095_metaphlan.tsv,s3://amili-global-archive/SHOTGUN/v3/Batch_MGG2_47/B047AMD1095/humann/B047AMD1095_pathabundance.tsv,s3://amili-global-archive/SHOTGUN/v3/Batch_MGG2_47/B047AMD1095/humann/B047AMD1095_reaction_ec.tsv,s3://amili-global-archive/SHOTGUN/v3/Batch_MGG2_47/B047AMD1095/humann/B047AMD1095_genefamilies.tsv,s3://amili-global-archive/SHOTGUN/v3/Batch_MGG2_47/B047AMD1095/humann/B047AMD1095_reaction_ko.tsv,s3://amili-analysis-lab/Macrogen/sequencing-data/Batch_MGG2_47-40samples/B047AMD1095_1.fastq.gz,s3://amili-analysis-lab/Macrogen/sequencing-data/Batch_MGG2_47-40samples/B047AMD1095_2.fastq.gz
B047AMD1101,MGG2_47,MZ58GXBY2279SBGN,6YFE-WTHR-N6QM,AMD1101,AMD,SHOTGUN,v3,s3://amili-global-archive/SHOTGUN/v3/Batch_MGG2_47/B047AMD1101/kneaddata/B047AMD1101.fastq,s3://amili-global-archive/SHOTGUN/v3/Batch_MGG2_47/B047AMD1101/kneaddata/B047AMD1101_stat.tsv,s3://amili-global-archive/SHOTGUN/v3/Batch_MGG2_47/B047AMD1101/metaphlan/B047AMD1101_metaphlan.tsv,s3://amili-global-archive/SHOTGUN/v3/Batch_MGG2_47/B047AMD1101/humann/B047AMD1101_pathabundance.tsv,s3://amili-global-archive/SHOTGUN/v3/Batch_MGG2_47/B047AMD1101/humann/B047AMD1101_reaction_ec.tsv,s3://amili-global-archive/SHOTGUN/v3/Batch_MGG2_47/B047AMD1101/humann/B047AMD1101_genefamilies.tsv,s3://amili-global-archive/SHOTGUN/v3/Batch_MGG2_47/B047AMD1101/humann/B047AMD1101_reaction_ko.tsv,s3://amili-analysis-lab/Macrogen/sequencing-data/Batch_MGG2_47-40samples/B047AMD1101_1.fastq.gz,s3://amili-analysis-lab/Macrogen/sequencing-data/Batch_MGG2_47-40samples/B047AMD1101_2.fastq.gz
B047AMD1101,MGG2_47,MZ58GXBY2279SBGN,6YFE-WTHR-N6QM,AMD1101,AMD,SHOTGUN,v3,s3://amili-global-archive/SHOTGUN/v3/batch_mgg2_47-40samples/B047AMD1101/kneaddata/B047AMD1101.fastq,s3://amili-global-archive/SHOTGUN/v3/batch_mgg2_47-40samples/B047AMD1101/kneaddata/B047AMD1101_stat.tsv,s3://amili-global-archive/SHOTGUN/v3/batch_mgg2_47-40samples/B047AMD1101/metaphlan/B047AMD1101_metaphlan.tsv,s3://amili-global-archive/SHOTGUN/v3/batch_mgg2_47-40samples/B047AMD1101/humann/B047AMD1101_pathabundance.tsv,s3://amili-global-archive/SHOTGUN/v3/batch_mgg2_47-40samples/B047AMD1101/humann/B047AMD1101_reaction_ec.tsv,s3://amili-global-archive/SHOTGUN/v3/batch_mgg2_47-40samples/B047AMD1101/humann/B047AMD1101_genefamilies.tsv,s3://amili-global-archive/SHOTGUN/v3/batch_mgg2_47-40samples/B047AMD1101/humann/B047AMD1101_reaction_ko.tsv,s3://amili-analysis-lab/Macrogen/sequencing-data/Batch_MGG2_47-40samples/B047AMD1101_1.fastq.gz,s3://amili-analysis-lab/Macrogen/sequencing-data/Batch_MGG2_47-40samples/B047AMD1101_2.fastq.gz
B047AMD1105,MGG2_47,P4DDMK9G8ZPMRY5R,U3K2-BX7M-WBVK,AMD1105,AMD,SHOTGUN,v3,s3://amili-global-archive/SHOTGUN/v3/Batch_MGG2_47/B047AMD1105/kneaddata/B047AMD1105.fastq,s3://amili-global-archive/SHOTGUN/v3/Batch_MGG2_47/B047AMD1105/kneaddata/B047AMD1105_stat.tsv,s3://amili-global-archive/SHOTGUN/v3/Batch_MGG2_47/B047AMD1105/metaphlan/B047AMD1105_metaphlan.tsv,s3://amili-global-archive/SHOTGUN/v3/Batch_MGG2_47/B047AMD1105/humann/B047AMD1105_pathabundance.tsv,s3://amili-global-archive/SHOTGUN/v3/Batch_MGG2_47/B047AMD1105/humann/B047AMD1105_reaction_ec.tsv,s3://amili-global-archive/SHOTGUN/v3/Batch_MGG2_47/B047AMD1105/humann/B047AMD1105_genefamilies.tsv,s3://amili-global-archive/SHOTGUN/v3/Batch_MGG2_47/B047AMD1105/humann/B047AMD1105_reaction_ko.tsv,s3://amili-analysis-lab/Macrogen/sequencing-data/Batch_MGG2_47-40samples/B047AMD1105_1.fastq.gz,s3://amili-analysis-lab/Macrogen/sequencing-data/Batch_MGG2_47-40samples/B047AMD1105_2.fastq.gz
B047AMD1107,MGG2_47,RK4423E64MATRU6U,38BQ-RTRG-H9YQ,AMD1107,AMD,SHOTGUN,v3,s3://amili-global-archive/SHOTGUN/v3/Batch_MGG2_47/B047AMD1107/kneaddata/B047AMD1107.fastq,s3://amili-global-archive/SHOTGUN/v3/Batch_MGG2_47/B047AMD1107/kneaddata/B047AMD1107_stat.tsv,s3://amili-global-archive/SHOTGUN/v3/Batch_MGG2_47/B047AMD1107/metaphlan/B047AMD1107_metaphlan.tsv,s3://amili-global-archive/SHOTGUN/v3/Batch_MGG2_47/B047AMD1107/humann/B047AMD1107_pathabundance.tsv,s3://amili-global-archive/SHOTGUN/v3/Batch_MGG2_47/B047AMD1107/humann/B047AMD1107_reaction_ec.tsv,s3://amili-global-archive/SHOTGUN/v3/Batch_MGG2_47/B047AMD1107/humann/B047AMD1107_genefamilies.tsv,s3://amili-global-archive/SHOTGUN/v3/Batch_MGG2_47/B047AMD1107/humann/B047AMD1107_reaction_ko.tsv,s3://amili-analysis-lab/Macrogen/sequencing-data/Batch_MGG2_47-40samples/B047AMD1107_1.fastq.gz,s3://amili-analysis-lab/Macrogen/sequencing-data/Batch_MGG2_47-40samples/B047AMD1107_2.fastq.gz
B047AMD1108,MGG2_47,TQKVFVT4GFNF6M6U,DN54-ZG4F-2YHG,AMD1108,AMD,SHOTGUN,v3,s3://amili-global-archive/SHOTGUN/v3/Batch_MGG2_47/B047AMD1108/kneaddata/B047AMD1108.fastq,s3://amili-global-archive/SHOTGUN/v3/Batch_MGG2_47/B047AMD1108/kneaddata/B047AMD1108_stat.tsv,s3://amili-global-archive/SHOTGUN/v3/Batch_MGG2_47/B047AMD1108/metaphlan/B047AMD1108_metaphlan.tsv,s3://amili-global-archive/SHOTGUN/v3/Batch_MGG2_47/B047AMD1108/humann/B047AMD1108_pathabundance.tsv,s3://amili-global-archive/SHOTGUN/v3/Batch_MGG2_47/B047AMD1108/humann/B047AMD1108_reaction_ec.tsv,s3://amili-global-archive/SHOTGUN/v3/Batch_MGG2_47/B047AMD1108/humann/B047AMD1108_genefamilies.tsv,s3://amili-global-archive/SHOTGUN/v3/Batch_MGG2_47/B047AMD1108/humann/B047AMD1108_reaction_ko.tsv,s3://amili-analysis-lab/Macrogen/sequencing-data/Batch_MGG2_47-40samples/B047AMD1108_1.fastq.gz,s3://amili-analysis-lab/Macrogen/sequencing-data/Batch_MGG2_47-40samples/B047AMD1108_2.fastq.gz
B047AMD1108,MGG2_47,TQKVFVT4GFNF6M6U,DN54-ZG4F-2YHG,AMD1108,AMD,SHOTGUN,v3,s3://amili-global-archive/SHOTGUN/v3/batch_mgg2_47-40samples/B047AMD1108/kneaddata/B047AMD1108.fastq,s3://amili-global-archive/SHOTGUN/v3/batch_mgg2_47-40samples/B047AMD1108/kneaddata/B047AMD1108_stat.tsv,s3://amili-global-archive/SHOTGUN/v3/batch_mgg2_47-40samples/B047AMD1108/metaphlan/B047AMD1108_metaphlan.tsv,s3://amili-global-archive/SHOTGUN/v3/batch_mgg2_47-40samples/B047AMD1108/humann/B047AMD1108_pathabundance.tsv,s3://amili-global-archive/SHOTGUN/v3/batch_mgg2_47-40samples/B047AMD1108/humann/B047AMD1108_reaction_ec.tsv,s3://amili-global-archive/SHOTGUN/v3/batch_mgg2_47-40samples/B047AMD1108/humann/B047AMD1108_genefamilies.tsv,s3://amili-global-archive/SHOTGUN/v3/batch_mgg2_47-40samples/B047AMD1108/humann/B047AMD1108_reaction_ko.tsv,s3://amili-analysis-lab/Macrogen/sequencing-data/Batch_MGG2_47-40samples/B047AMD1108_1.fastq.gz,s3://amili-analysis-lab/Macrogen/sequencing-data/Batch_MGG2_47-40samples/B047AMD1108_2.fastq.gz
B047AMD1109,MGG2_47,Y3E27SZ479W63SB8,TKM4-S6F5-BW6U,AMD1109,AMD,SHOTGUN,v3,s3://amili-global-archive/SHOTGUN/v3/Batch_MGG2_47/B047AMD1109/kneaddata/B047AMD1109.fastq,s3://amili-global-archive/SHOTGUN/v3/Batch_MGG2_47/B047AMD1109/kneaddata/B047AMD1109_stat.tsv,s3://amili-global-archive/SHOTGUN/v3/Batch_MGG2_47/B047AMD1109/metaphlan/B047AMD1109_metaphlan.tsv,s3://amili-global-archive/SHOTGUN/v3/Batch_MGG2_47/B047AMD1109/humann/B047AMD1109_pathabundance.tsv,s3://amili-global-archive/SHOTGUN/v3/Batch_MGG2_47/B047AMD1109/humann/B047AMD1109_reaction_ec.tsv,s3://amili-global-archive/SHOTGUN/v3/Batch_MGG2_47/B047AMD1109/humann/B047AMD1109_genefamilies.tsv,s3://amili-global-archive/SHOTGUN/v3/Batch_MGG2_47/B047AMD1109/humann/B047AMD1109_reaction_ko.tsv,s3://amili-analysis-lab/Macrogen/sequencing-data/Batch_MGG2_47-40samples/B047AMD1109_1.fastq.gz,s3://amili-analysis-lab/Macrogen/sequencing-data/Batch_MGG2_47-40samples/B047AMD1109_2.fastq.gz
B047AMD1115,MGG2_47,G5GGV6J2CGETUD87,P75V-KYPP-PB7M,AMD1115,AMD,SHOTGUN,v3,s3://amili-global-archive/SHOTGUN/v3/Batch_MGG2_47/B047AMD1115/kneaddata/B047AMD1115.fastq,s3://amili-global-archive/SHOTGUN/v3/Batch_MGG2_47/B047AMD1115/kneaddata/B047AMD1115_stat.tsv,s3://amili-global-archive/SHOTGUN/v3/Batch_MGG2_47/B047AMD1115/metaphlan/B047AMD1115_metaphlan.tsv,s3://amili-global-archive/SHOTGUN/v3/Batch_MGG2_47/B047AMD1115/humann/B047AMD1115_pathabundance.tsv,s3://amili-global-archive/SHOTGUN/v3/Batch_MGG2_47/B047AMD1115/humann/B047AMD1115_reaction_ec.tsv,s3://amili-global-archive/SHOTGUN/v3/Batch_MGG2_47/B047AMD1115/humann/B047AMD1115_genefamilies.tsv,s3://amili-global-archive/SHOTGUN/v3/Batch_MGG2_47/B047AMD1115/humann/B047AMD1115_reaction_ko.tsv,s3://amili-analysis-lab/Macrogen/sequencing-data/Batch_MGG2_47-40samples/B047AMD1115_1.fastq.gz,s3://amili-analysis-lab/Macrogen/sequencing-data/Batch_MGG2_47-40samples/B047AMD1115_2.fastq.gz
B047AMD1118,MGG2_47,CJQMDHC7A39BJX9P,YRYB-DC95-4MJG,AMD1118,AMD,SHOTGUN,v3,s3://amili-global-archive/SHOTGUN/v3/Batch_MGG2_47/B047AMD1118/kneaddata/B047AMD1118.fastq,s3://amili-global-archive/SHOTGUN/v3/Batch_MGG2_47/B047AMD1118/kneaddata/B047AMD1118_stat.tsv,s3://amili-global-archive/SHOTGUN/v3/Batch_MGG2_47/B047AMD1118/metaphlan/B047AMD1118_metaphlan.tsv,s3://amili-global-archive/SHOTGUN/v3/Batch_MGG2_47/B047AMD1118/humann/B047AMD1118_pathabundance.tsv,s3://amili-global-archive/SHOTGUN/v3/Batch_MGG2_47/B047AMD1118/humann/B047AMD1118_reaction_ec.tsv,s3://amili-global-archive/SHOTGUN/v3/Batch_MGG2_47/B047AMD1118/humann/B047AMD1118_genefamilies.tsv,s3://amili-global-archive/SHOTGUN/v3/Batch_MGG2_47/B047AMD1118/humann/B047AMD1118_reaction_ko.tsv,s3://amili-analysis-lab/Macrogen/sequencing-data/Batch_MGG2_47-40samples/B047AMD1118_1.fastq.gz,s3://amili-analysis-lab/Macrogen/sequencing-data/Batch_MGG2_47-40samples/B047AMD1118_2.fastq.gz
B047AMD1120,MGG2_47,UXXH4JRDPT85V5RJ,HFS2-C9QH-4WZN,AMD1120,AMD,SHOTGUN,v3,s3://amili-global-archive/SHOTGUN/v3/Batch_MGG2_47/B047AMD1120/kneaddata/B047AMD1120.fastq,s3://amili-global-archive/SHOTGUN/v3/Batch_MGG2_47/B047AMD1120/kneaddata/B047AMD1120_stat.tsv,s3://amili-global-archive/SHOTGUN/v3/Batch_MGG2_47/B047AMD1120/metaphlan/B047AMD1120_metaphlan.tsv,s3://amili-global-archive/SHOTGUN/v3/Batch_MGG2_47/B047AMD1120/humann/B047AMD1120_pathabundance.tsv,s3://amili-global-archive/SHOTGUN/v3/Batch_MGG2_47/B047AMD1120/humann/B047AMD1120_reaction_ec.tsv,s3://amili-global-archive/SHOTGUN/v3/Batch_MGG2_47/B047AMD1120/humann/B047AMD1120_genefamilies.tsv,s3://amili-global-archive/SHOTGUN/v3/Batch_MGG2_47/B047AMD1120/humann/B047AMD1120_reaction_ko.tsv,s3://amili-analysis-lab/Macrogen/sequencing-data/Batch_MGG2_47-40samples/B047AMD1120_1.fastq.gz,s3://amili-analysis-lab/Macrogen/sequencing-data/Batch_MGG2_47-40samples/B047AMD1120_2.fastq.gz
B047AMD1122,MGG2_47,TSXQ746Q7TUUXTF8,YN8G-W496-N8DF,AMD1122,AMD,SHOTGUN,v3,s3://amili-global-archive/SHOTGUN/v3/Batch_MGG2_47/B047AMD1122/kneaddata/B047AMD1122.fastq,s3://amili-global-archive/SHOTGUN/v3/Batch_MGG2_47/B047AMD1122/kneaddata/B047AMD1122_stat.tsv,s3://amili-global-archive/SHOTGUN/v3/Batch_MGG2_47/B047AMD1122/metaphlan/B047AMD1122_metaphlan.tsv,s3://amili-global-archive/SHOTGUN/v3/Batch_MGG2_47/B047AMD1122/humann/B047AMD1122_pathabundance.tsv,s3://amili-global-archive/SHOTGUN/v3/Batch_MGG2_47/B047AMD1122/humann/B047AMD1122_reaction_ec.tsv,s3://amili-global-archive/SHOTGUN/v3/Batch_MGG2_47/B047AMD1122/humann/B047AMD1122_genefamilies.tsv,s3://amili-global-archive/SHOTGUN/v3/Batch_MGG2_47/B047AMD1122/humann/B047AMD1122_reaction_ko.tsv,s3://amili-analysis-lab/Macrogen/sequencing-data/Batch_MGG2_47-40samples/B047AMD1122_1.fastq.gz,s3://amili-analysis-lab/Macrogen/sequencing-data/Batch_MGG2_47-40samples/B047AMD1122_2.fastq.gz
B047AMD1124,MGG2_47,WUUQNV8ZQ9T23522,BSZY-ZZKH-4M8D,AMD1124,AMD,SHOTGUN,v3,s3://amili-global-archive/SHOTGUN/v3/Batch_MGG2_47/B047AMD1124/kneaddata/B047AMD1124.fastq,s3://amili-global-archive/SHOTGUN/v3/Batch_MGG2_47/B047AMD1124/kneaddata/B047AMD1124_stat.tsv,s3://amili-global-archive/SHOTGUN/v3/Batch_MGG2_47/B047AMD1124/metaphlan/B047AMD1124_metaphlan.tsv,s3://amili-global-archive/SHOTGUN/v3/Batch_MGG2_47/B047AMD1124/humann/B047AMD1124_pathabundance.tsv,s3://amili-global-archive/SHOTGUN/v3/Batch_MGG2_47/B047AMD1124/humann/B047AMD1124_reaction_ec.tsv,s3://amili-global-archive/SHOTGUN/v3/Batch_MGG2_47/B047AMD1124/humann/B047AMD1124_genefamilies.tsv,s3://amili-global-archive/SHOTGUN/v3/Batch_MGG2_47/B047AMD1124/humann/B047AMD1124_reaction_ko.tsv,s3://amili-analysis-lab/Macrogen/sequencing-data/Batch_MGG2_47-40samples/B047AMD1124_1.fastq.gz,s3://amili-analysis-lab/Macrogen/sequencing-data/Batch_MGG2_47-40samples/B047AMD1124_2.fastq.gz
B047AMD1125,MGG2_47,H29SFJZY6BNKGXT6,89YG-HH4P-5M43,AMD1125,AMD,SHOTGUN,v3,s3://amili-global-archive/SHOTGUN/v3/Batch_MGG2_47/B047AMD1125/kneaddata/B047AMD1125.fastq,s3://amili-global-archive/SHOTGUN/v3/Batch_MGG2_47/B047AMD1125/kneaddata/B047AMD1125_stat.tsv,s3://amili-global-archive/SHOTGUN/v3/Batch_MGG2_47/B047AMD1125/metaphlan/B047AMD1125_metaphlan.tsv,s3://amili-global-archive/SHOTGUN/v3/Batch_MGG2_47/B047AMD1125/humann/B047AMD1125_pathabundance.tsv,s3://amili-global-archive/SHOTGUN/v3/Batch_MGG2_47/B047AMD1125/humann/B047AMD1125_reaction_ec.tsv,s3://amili-global-archive/SHOTGUN/v3/Batch_MGG2_47/B047AMD1125/humann/B047AMD1125_genefamilies.tsv,s3://amili-global-archive/SHOTGUN/v3/Batch_MGG2_47/B047AMD1125/humann/B047AMD1125_reaction_ko.tsv,s3://amili-analysis-lab/Macrogen/sequencing-data/Batch_MGG2_47-40samples/B047AMD1125_1.fastq.gz,s3://amili-analysis-lab/Macrogen/sequencing-data/Batch_MGG2_47-40samples/B047AMD1125_2.fastq.gz
B047AMD1130,MGG2_47,FQNZZAAFYHJ4MR6P,QW3B-52R4-RN4Z,AMD1130,AMD,SHOTGUN,v3,s3://amili-global-archive/SHOTGUN/v3/Batch_MGG2_47/B047AMD1130/kneaddata/B047AMD1130.fastq,s3://amili-global-archive/SHOTGUN/v3/Batch_MGG2_47/B047AMD1130/kneaddata/B047AMD1130_stat.tsv,s3://amili-global-archive/SHOTGUN/v3/Batch_MGG2_47/B047AMD1130/metaphlan/B047AMD1130_metaphlan.tsv,s3://amili-global-archive/SHOTGUN/v3/Batch_MGG2_47/B047AMD1130/humann/B047AMD1130_pathabundance.tsv,s3://amili-global-archive/SHOTGUN/v3/Batch_MGG2_47/B047AMD1130/humann/B047AMD1130_reaction_ec.tsv,s3://amili-global-archive/SHOTGUN/v3/Batch_MGG2_47/B047AMD1130/humann/B047AMD1130_genefamilies.tsv,s3://amili-global-archive/SHOTGUN/v3/Batch_MGG2_47/B047AMD1130/humann/B047AMD1130_reaction_ko.tsv,s3://amili-analysis-lab/Macrogen/sequencing-data/Batch_MGG2_47-40samples/B047AMD1130_1.fastq.gz,s3://amili-analysis-lab/Macrogen/sequencing-data/Batch_MGG2_47-40samples/B047AMD1130_2.fastq.gz
B047AMD1131,MGG2_47,FGM4MQDRDZ59A6Q6,FAHN-4BGC-QP7P,AMD1131,AMD,SHOTGUN,v3,s3://amili-global-archive/SHOTGUN/v3/Batch_MGG2_47/B047AMD1131/kneaddata/B047AMD1131.fastq,s3://amili-global-archive/SHOTGUN/v3/Batch_MGG2_47/B047AMD1131/kneaddata/B047AMD1131_stat.tsv,s3://amili-global-archive/SHOTGUN/v3/Batch_MGG2_47/B047AMD1131/metaphlan/B047AMD1131_metaphlan.tsv,s3://amili-global-archive/SHOTGUN/v3/Batch_MGG2_47/B047AMD1131/humann/B047AMD1131_pathabundance.tsv,s3://amili-global-archive/SHOTGUN/v3/Batch_MGG2_47/B047AMD1131/humann/B047AMD1131_reaction_ec.tsv,s3://amili-global-archive/SHOTGUN/v3/Batch_MGG2_47/B047AMD1131/humann/B047AMD1131_genefamilies.tsv,s3://amili-global-archive/SHOTGUN/v3/Batch_MGG2_47/B047AMD1131/humann/B047AMD1131_reaction_ko.tsv,s3://amili-analysis-lab/Macrogen/sequencing-data/Batch_MGG2_47-40samples/B047AMD1131_1.fastq.gz,s3://amili-analysis-lab/Macrogen/sequencing-data/Batch_MGG2_47-40samples/B047AMD1131_2.fastq.gz
B047AMD1132,MGG2_47,Z7P4UQPQEMUHTP5Z,4DN3-9MU6-2QQ8,AMD1132,AMD,SHOTGUN,v3,s3://amili-global-archive/SHOTGUN/v3/Batch_MGG2_47/B047AMD1132/kneaddata/B047AMD1132.fastq,s3://amili-global-archive/SHOTGUN/v3/Batch_MGG2_47/B047AMD1132/kneaddata/B047AMD1132_stat.tsv,s3://amili-global-archive/SHOTGUN/v3/Batch_MGG2_47/B047AMD1132/metaphlan/B047AMD1132_metaphlan.tsv,s3://amili-global-archive/SHOTGUN/v3/Batch_MGG2_47/B047AMD1132/humann/B047AMD1132_pathabundance.tsv,s3://amili-global-archive/SHOTGUN/v3/Batch_MGG2_47/B047AMD1132/humann/B047AMD1132_reaction_ec.tsv,s3://amili-global-archive/SHOTGUN/v3/Batch_MGG2_47/B047AMD1132/humann/B047AMD1132_genefamilies.tsv,s3://amili-global-archive/SHOTGUN/v3/Batch_MGG2_47/B047AMD1132/humann/B047AMD1132_reaction_ko.tsv,s3://amili-analysis-lab/Macrogen/sequencing-data/Batch_MGG2_47-40samples/B047AMD1132_1.fastq.gz,s3://amili-analysis-lab/Macrogen/sequencing-data/Batch_MGG2_47-40samples/B047AMD1132_2.fastq.gz
B047AMD1134,MGG2_47,NBKQNHNHESBYXCDU,PQPR-N6XX-CCAK,AMD1134,AMD,SHOTGUN,v3,s3://amili-global-archive/SHOTGUN/v3/Batch_MGG2_47/B047AMD1134/kneaddata/B047AMD1134.fastq,s3://amili-global-archive/SHOTGUN/v3/Batch_MGG2_47/B047AMD1134/kneaddata/B047AMD1134_stat.tsv,s3://amili-global-archive/SHOTGUN/v3/Batch_MGG2_47/B047AMD1134/metaphlan/B047AMD1134_metaphlan.tsv,s3://amili-global-archive/SHOTGUN/v3/Batch_MGG2_47/B047AMD1134/humann/B047AMD1134_pathabundance.tsv,s3://amili-global-archive/SHOTGUN/v3/Batch_MGG2_47/B047AMD1134/humann/B047AMD1134_reaction_ec.tsv,s3://amili-global-archive/SHOTGUN/v3/Batch_MGG2_47/B047AMD1134/humann/B047AMD1134_genefamilies.tsv,s3://amili-global-archive/SHOTGUN/v3/Batch_MGG2_47/B047AMD1134/humann/B047AMD1134_reaction_ko.tsv,s3://amili-analysis-lab/Macrogen/sequencing-data/Batch_MGG2_47-40samples/B047AMD1134_1.fastq.gz,s3://amili-analysis-lab/Macrogen/sequencing-data/Batch_MGG2_47-40samples/B047AMD1134_2.fastq.gz
B047AMD1142,MGG2_47,JQMP37AAFXC4NZ84,RRY5-NUTV-55RF,AMD1142,AMD,SHOTGUN,v3,s3://amili-global-archive/SHOTGUN/v3/Batch_MGG2_47/B047AMD1142/kneaddata/B047AMD1142.fastq,s3://amili-global-archive/SHOTGUN/v3/Batch_MGG2_47/B047AMD1142/kneaddata/B047AMD1142_stat.tsv,s3://amili-global-archive/SHOTGUN/v3/Batch_MGG2_47/B047AMD1142/metaphlan/B047AMD1142_metaphlan.tsv,s3://amili-global-archive/SHOTGUN/v3/Batch_MGG2_47/B047AMD1142/humann/B047AMD1142_pathabundance.tsv,s3://amili-global-archive/SHOTGUN/v3/Batch_MGG2_47/B047AMD1142/humann/B047AMD1142_reaction_ec.tsv,s3://amili-global-archive/SHOTGUN/v3/Batch_MGG2_47/B047AMD1142/humann/B047AMD1142_genefamilies.tsv,s3://amili-global-archive/SHOTGUN/v3/Batch_MGG2_47/B047AMD1142/humann/B047AMD1142_reaction_ko.tsv,s3://amili-analysis-lab/Macrogen/sequencing-data/Batch_MGG2_47-40samples/B047AMD1142_1.fastq.gz,s3://amili-analysis-lab/Macrogen/sequencing-data/Batch_MGG2_47-40samples/B047AMD1142_2.fastq.gz
B047AMD1145,MGG2_47,RX86TFNAXDN4TKDK,DST9-VNQ8-YNGV,AMD1145,AMD,SHOTGUN,v3,s3://amili-global-archive/SHOTGUN/v3/Batch_MGG2_47/B047AMD1145/kneaddata/B047AMD1145.fastq,s3://amili-global-archive/SHOTGUN/v3/Batch_MGG2_47/B047AMD1145/kneaddata/B047AMD1145_stat.tsv,s3://amili-global-archive/SHOTGUN/v3/Batch_MGG2_47/B047AMD1145/metaphlan/B047AMD1145_metaphlan.tsv,s3://amili-global-archive/SHOTGUN/v3/Batch_MGG2_47/B047AMD1145/humann/B047AMD1145_pathabundance.tsv,s3://amili-global-archive/SHOTGUN/v3/Batch_MGG2_47/B047AMD1145/humann/B047AMD1145_reaction_ec.tsv,s3://amili-global-archive/SHOTGUN/v3/Batch_MGG2_47/B047AMD1145/humann/B047AMD1145_genefamilies.tsv,s3://amili-global-archive/SHOTGUN/v3/Batch_MGG2_47/B047AMD1145/humann/B047AMD1145_reaction_ko.tsv,s3://amili-analysis-lab/Macrogen/sequencing-data/Batch_MGG2_47-40samples/B047AMD1145_1.fastq.gz,s3://amili-analysis-lab/Macrogen/sequencing-data/Batch_MGG2_47-40samples/B047AMD1145_2.fastq.gz
B047AMD1149,MGG2_47,AXUKUZSJ7WX4XY8W,6R7D-8DTH-VEQN,AMD1149,AMD,SHOTGUN,v3,s3://amili-global-archive/SHOTGUN/v3/Batch_MGG2_47/B047AMD1149/kneaddata/B047AMD1149.fastq,s3://amili-global-archive/SHOTGUN/v3/Batch_MGG2_47/B047AMD1149/kneaddata/B047AMD1149_stat.tsv,s3://amili-global-archive/SHOTGUN/v3/Batch_MGG2_47/B047AMD1149/metaphlan/B047AMD1149_metaphlan.tsv,s3://amili-global-archive/SHOTGUN/v3/Batch_MGG2_47/B047AMD1149/humann/B047AMD1149_pathabundance.tsv,s3://amili-global-archive/SHOTGUN/v3/Batch_MGG2_47/B047AMD1149/humann/B047AMD1149_reaction_ec.tsv,s3://amili-global-archive/SHOTGUN/v3/Batch_MGG2_47/B047AMD1149/humann/B047AMD1149_genefamilies.tsv,s3://amili-global-archive/SHOTGUN/v3/Batch_MGG2_47/B047AMD1149/humann/B047AMD1149_reaction_ko.tsv,s3://amili-analysis-lab/Macrogen/sequencing-data/Batch_MGG2_47-40samples/B047AMD1149_1.fastq.gz,s3://amili-analysis-lab/Macrogen/sequencing-data/Batch_MGG2_47-40samples/B047AMD1149_2.fastq.gz
B047AMD1150,MGG2_47,KECF7TZPF6QTM8B4,WDEF-AWCU-S88H,AMD1150,AMD,SHOTGUN,v3,s3://amili-global-archive/SHOTGUN/v3/Batch_MGG2_47/B047AMD1150/kneaddata/B047AMD1150.fastq,s3://amili-global-archive/SHOTGUN/v3/Batch_MGG2_47/B047AMD1150/kneaddata/B047AMD1150_stat.tsv,s3://amili-global-archive/SHOTGUN/v3/Batch_MGG2_47/B047AMD1150/metaphlan/B047AMD1150_metaphlan.tsv,s3://amili-global-archive/SHOTGUN/v3/Batch_MGG2_47/B047AMD1150/humann/B047AMD1150_pathabundance.tsv,s3://amili-global-archive/SHOTGUN/v3/Batch_MGG2_47/B047AMD1150/humann/B047AMD1150_reaction_ec.tsv,s3://amili-global-archive/SHOTGUN/v3/Batch_MGG2_47/B047AMD1150/humann/B047AMD1150_genefamilies.tsv,s3://amili-global-archive/SHOTGUN/v3/Batch_MGG2_47/B047AMD1150/humann/B047AMD1150_reaction_ko.tsv,s3://amili-analysis-lab/Macrogen/sequencing-data/Batch_MGG2_47-40samples/B047AMD1150_1.fastq.gz,s3://amili-analysis-lab/Macrogen/sequencing-data/Batch_MGG2_47-40samples/B047AMD1150_2.fastq.gz
B047AMD1151,MGG2_47,WAA8QZXHT528TMZP,NJGP-PSHW-XDHP,AMD1151,AMD,SHOTGUN,v3,s3://amili-global-archive/SHOTGUN/v3/Batch_MGG2_47/B047AMD1151/kneaddata/B047AMD1151.fastq,s3://amili-global-archive/SHOTGUN/v3/Batch_MGG2_47/B047AMD1151/kneaddata/B047AMD1151_stat.tsv,s3://amili-global-archive/SHOTGUN/v3/Batch_MGG2_47/B047AMD1151/metaphlan/B047AMD1151_metaphlan.tsv,s3://amili-global-archive/SHOTGUN/v3/Batch_MGG2_47/B047AMD1151/humann/B047AMD1151_pathabundance.tsv,s3://amili-global-archive/SHOTGUN/v3/Batch_MGG2_47/B047AMD1151/humann/B047AMD1151_reaction_ec.tsv,s3://amili-global-archive/SHOTGUN/v3/Batch_MGG2_47/B047AMD1151/humann/B047AMD1151_genefamilies.tsv,s3://amili-global-archive/SHOTGUN/v3/Batch_MGG2_47/B047AMD1151/humann/B047AMD1151_reaction_ko.tsv,s3://amili-analysis-lab/Macrogen/sequencing-data/Batch_MGG2_47-40samples/B047AMD1151_1.fastq.gz,s3://amili-analysis-lab/Macrogen/sequencing-data/Batch_MGG2_47-40samples/B047AMD1151_2.fastq.gz
B048AMD1153,MGG2_48,E8ED757ZGS6HUHW7,NXBN-ANTR-V5R6,AMD1153,AMD,SHOTGUN,v3,s3://amili-global-archive/SHOTGUN/v3/Batch_MGG2_48/B048AMD1153/kneaddata/B048AMD1153.fastq,s3://amili-global-archive/SHOTGUN/v3/Batch_MGG2_48/B048AMD1153/kneaddata/B048AMD1153_stat.tsv,s3://amili-global-archive/SHOTGUN/v3/Batch_MGG2_48/B048AMD1153/metaphlan/B048AMD1153_metaphlan.tsv,s3://amili-global-archive/SHOTGUN/v3/Batch_MGG2_48/B048AMD1153/humann/B048AMD1153_pathabundance.tsv,s3://amili-global-archive/SHOTGUN/v3/Batch_MGG2_48/B048AMD1153/humann/B048AMD1153_reaction_ec.tsv,s3://amili-global-archive/SHOTGUN/v3/Batch_MGG2_48/B048AMD1153/humann/B048AMD1153_genefamilies.tsv,s3://amili-global-archive/SHOTGUN/v3/Batch_MGG2_48/B048AMD1153/humann/B048AMD1153_reaction_ko.tsv,s3://amili-analysis-lab/Macrogen/sequencing-data/Batch_MGG2_48-40samples/0.RawData/B048AMD1153_1.fastq.gz,s3://amili-analysis-lab/Macrogen/sequencing-data/Batch_MGG2_48-40samples/0.RawData/B048AMD1153_2.fastq.gz
B048AMD1162,MGG2_48,DP5YBS4E6FRR4WA9,UBXJ-KN2F-8E42,AMD1162,AMD,SHOTGUN,v3,s3://amili-global-archive/SHOTGUN/v3/Batch_MGG2_48/B048AMD1162/kneaddata/B048AMD1162.fastq,s3://amili-global-archive/SHOTGUN/v3/Batch_MGG2_48/B048AMD1162/kneaddata/B048AMD1162_stat.tsv,s3://amili-global-archive/SHOTGUN/v3/Batch_MGG2_48/B048AMD1162/metaphlan/B048AMD1162_metaphlan.tsv,s3://amili-global-archive/SHOTGUN/v3/Batch_MGG2_48/B048AMD1162/humann/B048AMD1162_pathabundance.tsv,s3://amili-global-archive/SHOTGUN/v3/Batch_MGG2_48/B048AMD1162/humann/B048AMD1162_reaction_ec.tsv,s3://amili-global-archive/SHOTGUN/v3/Batch_MGG2_48/B048AMD1162/humann/B048AMD1162_genefamilies.tsv,s3://amili-global-archive/SHOTGUN/v3/Batch_MGG2_48/B048AMD1162/humann/B048AMD1162_reaction_ko.tsv,s3://amili-analysis-lab/Macrogen/sequencing-data/Batch_MGG2_48-40samples/0.RawData/B048AMD1162_1.fastq.gz,s3://amili-analysis-lab/Macrogen/sequencing-data/Batch_MGG2_48-40samples/0.RawData/B048AMD1162_2.fastq.gz
B048AMD1163,MGG2_48,J984VV793A5QP9WW,T5TT-HZN5-7XFH,AMD1163,AMD,SHOTGUN,v3,s3://amili-global-archive/SHOTGUN/v3/Batch_MGG2_48/B048AMD1163/kneaddata/B048AMD1163.fastq,s3://amili-global-archive/SHOTGUN/v3/Batch_MGG2_48/B048AMD1163/kneaddata/B048AMD1163_stat.tsv,s3://amili-global-archive/SHOTGUN/v3/Batch_MGG2_48/B048AMD1163/metaphlan/B048AMD1163_metaphlan.tsv,s3://amili-global-archive/SHOTGUN/v3/Batch_MGG2_48/B048AMD1163/humann/B048AMD1163_pathabundance.tsv,s3://amili-global-archive/SHOTGUN/v3/Batch_MGG2_48/B048AMD1163/humann/B048AMD1163_reaction_ec.tsv,s3://amili-global-archive/SHOTGUN/v3/Batch_MGG2_48/B048AMD1163/humann/B048AMD1163_genefamilies.tsv,s3://amili-global-archive/SHOTGUN/v3/Batch_MGG2_48/B048AMD1163/humann/B048AMD1163_reaction_ko.tsv,s3://amili-analysis-lab/Macrogen/sequencing-data/Batch_MGG2_48-40samples/0.RawData/B048AMD1163_1.fastq.gz,s3://amili-analysis-lab/Macrogen/sequencing-data/Batch_MGG2_48-40samples/0.RawData/B048AMD1163_2.fastq.gz
B048AMD1164,MGG2_48,CFUPU62AHMFCRXBT,FW9U-EUWA-SUUD,AMD1164,AMD,SHOTGUN,v3,s3://amili-global-archive/SHOTGUN/v3/Batch_MGG2_48/B048AMD1164/kneaddata/B048AMD1164.fastq,s3://amili-global-archive/SHOTGUN/v3/Batch_MGG2_48/B048AMD1164/kneaddata/B048AMD1164_stat.tsv,s3://amili-global-archive/SHOTGUN/v3/Batch_MGG2_48/B048AMD1164/metaphlan/B048AMD1164_metaphlan.tsv,s3://amili-global-archive/SHOTGUN/v3/Batch_MGG2_48/B048AMD1164/humann/B048AMD1164_pathabundance.tsv,s3://amili-global-archive/SHOTGUN/v3/Batch_MGG2_48/B048AMD1164/humann/B048AMD1164_reaction_ec.tsv,s3://amili-global-archive/SHOTGUN/v3/Batch_MGG2_48/B048AMD1164/humann/B048AMD1164_genefamilies.tsv,s3://amili-global-archive/SHOTGUN/v3/Batch_MGG2_48/B048AMD1164/humann/B048AMD1164_reaction_ko.tsv,s3://amili-analysis-lab/Macrogen/sequencing-data/Batch_MGG2_48-40samples/0.RawData/B048AMD1164_1.fastq.gz,s3://amili-analysis-lab/Macrogen/sequencing-data/Batch_MGG2_48-40samples/0.RawData/B048AMD1164_2.fastq.gz
B048AMD1165,MGG2_48,NYMU9NYSB3GJAHTA,7RD8-5277-XMH6,AMD1165,AMD,SHOTGUN,v3,s3://amili-global-archive/SHOTGUN/v3/Batch_MGG2_48/B048AMD1165/kneaddata/B048AMD1165.fastq,s3://amili-global-archive/SHOTGUN/v3/Batch_MGG2_48/B048AMD1165/kneaddata/B048AMD1165_stat.tsv,s3://amili-global-archive/SHOTGUN/v3/Batch_MGG2_48/B048AMD1165/metaphlan/B048AMD1165_metaphlan.tsv,s3://amili-global-archive/SHOTGUN/v3/Batch_MGG2_48/B048AMD1165/humann/B048AMD1165_pathabundance.tsv,s3://amili-global-archive/SHOTGUN/v3/Batch_MGG2_48/B048AMD1165/humann/B048AMD1165_reaction_ec.tsv,s3://amili-global-archive/SHOTGUN/v3/Batch_MGG2_48/B048AMD1165/humann/B048AMD1165_genefamilies.tsv,s3://amili-global-archive/SHOTGUN/v3/Batch_MGG2_48/B048AMD1165/humann/B048AMD1165_reaction_ko.tsv,s3://amili-analysis-lab/Macrogen/sequencing-data/Batch_MGG2_48-40samples/0.RawData/B048AMD1165_1.fastq.gz,s3://amili-analysis-lab/Macrogen/sequencing-data/Batch_MGG2_48-40samples/0.RawData/B048AMD1165_2.fastq.gz
B048AMD1169,MGG2_48,C5RT4K8WY5TR6AAF,XT42-VZMN-SP5G,AMD1169,AMD,SHOTGUN,v3,s3://amili-global-archive/SHOTGUN/v3/Batch_MGG2_48/B048AMD1169/kneaddata/B048AMD1169.fastq,s3://amili-global-archive/SHOTGUN/v3/Batch_MGG2_48/B048AMD1169/kneaddata/B048AMD1169_stat.tsv,s3://amili-global-archive/SHOTGUN/v3/Batch_MGG2_48/B048AMD1169/metaphlan/B048AMD1169_metaphlan.tsv,s3://amili-global-archive/SHOTGUN/v3/Batch_MGG2_48/B048AMD1169/humann/B048AMD1169_pathabundance.tsv,s3://amili-global-archive/SHOTGUN/v3/Batch_MGG2_48/B048AMD1169/humann/B048AMD1169_reaction_ec.tsv,s3://amili-global-archive/SHOTGUN/v3/Batch_MGG2_48/B048AMD1169/humann/B048AMD1169_genefamilies.tsv,s3://amili-global-archive/SHOTGUN/v3/Batch_MGG2_48/B048AMD1169/humann/B048AMD1169_reaction_ko.tsv,s3://amili-analysis-lab/Macrogen/sequencing-data/Batch_MGG2_48-40samples/0.RawData/B048AMD1169_1.fastq.gz,s3://amili-analysis-lab/Macrogen/sequencing-data/Batch_MGG2_48-40samples/0.RawData/B048AMD1169_2.fastq.gz
B048AMD1170,MGG2_48,M4XS55YYK8GYDPE3,BX49-XKGK-UYVC,AMD1170,AMD,SHOTGUN,v3,s3://amili-global-archive/SHOTGUN/v3/Batch_MGG2_48/B048AMD1170/kneaddata/B048AMD1170.fastq,s3://amili-global-archive/SHOTGUN/v3/Batch_MGG2_48/B048AMD1170/kneaddata/B048AMD1170_stat.tsv,s3://amili-global-archive/SHOTGUN/v3/Batch_MGG2_48/B048AMD1170/metaphlan/B048AMD1170_metaphlan.tsv,s3://amili-global-archive/SHOTGUN/v3/Batch_MGG2_48/B048AMD1170/humann/B048AMD1170_pathabundance.tsv,s3://amili-global-archive/SHOTGUN/v3/Batch_MGG2_48/B048AMD1170/humann/B048AMD1170_reaction_ec.tsv,s3://amili-global-archive/SHOTGUN/v3/Batch_MGG2_48/B048AMD1170/humann/B048AMD1170_genefamilies.tsv,s3://amili-global-archive/SHOTGUN/v3/Batch_MGG2_48/B048AMD1170/humann/B048AMD1170_reaction_ko.tsv,s3://amili-analysis-lab/Macrogen/sequencing-data/Batch_MGG2_48-40samples/0.RawData/B048AMD1170_1.fastq.gz,s3://amili-analysis-lab/Macrogen/sequencing-data/Batch_MGG2_48-40samples/0.RawData/B048AMD1170_2.fastq.gz
B048AMD1173,MGG2_48,UY2A5GAKBM4MBZ6E,VX3G-GK93-ERMX,AMD1173,AMD,SHOTGUN,v3,s3://amili-global-archive/SHOTGUN/v3/Batch_MGG2_48/B048AMD1173/kneaddata/B048AMD1173.fastq,s3://amili-global-archive/SHOTGUN/v3/Batch_MGG2_48/B048AMD1173/kneaddata/B048AMD1173_stat.tsv,s3://amili-global-archive/SHOTGUN/v3/Batch_MGG2_48/B048AMD1173/metaphlan/B048AMD1173_metaphlan.tsv,s3://amili-global-archive/SHOTGUN/v3/Batch_MGG2_48/B048AMD1173/humann/B048AMD1173_pathabundance.tsv,s3://amili-global-archive/SHOTGUN/v3/Batch_MGG2_48/B048AMD1173/humann/B048AMD1173_reaction_ec.tsv,s3://amili-global-archive/SHOTGUN/v3/Batch_MGG2_48/B048AMD1173/humann/B048AMD1173_genefamilies.tsv,s3://amili-global-archive/SHOTGUN/v3/Batch_MGG2_48/B048AMD1173/humann/B048AMD1173_reaction_ko.tsv,s3://amili-analysis-lab/Macrogen/sequencing-data/Batch_MGG2_48-40samples/0.RawData/B048AMD1173_1.fastq.gz,s3://amili-analysis-lab/Macrogen/sequencing-data/Batch_MGG2_48-40samples/0.RawData/B048AMD1173_2.fastq.gz
B048AMD1174,MGG2_48,DRXCKZDNNTGUGA8E,BVQT-55JJ-JSUW,AMD1174,AMD,SHOTGUN,v3,s3://amili-global-archive/SHOTGUN/v3/Batch_MGG2_48/B048AMD1174/kneaddata/B048AMD1174.fastq,s3://amili-global-archive/SHOTGUN/v3/Batch_MGG2_48/B048AMD1174/kneaddata/B048AMD1174_stat.tsv,s3://amili-global-archive/SHOTGUN/v3/Batch_MGG2_48/B048AMD1174/metaphlan/B048AMD1174_metaphlan.tsv,s3://amili-global-archive/SHOTGUN/v3/Batch_MGG2_48/B048AMD1174/humann/B048AMD1174_pathabundance.tsv,s3://amili-global-archive/SHOTGUN/v3/Batch_MGG2_48/B048AMD1174/humann/B048AMD1174_reaction_ec.tsv,s3://amili-global-archive/SHOTGUN/v3/Batch_MGG2_48/B048AMD1174/humann/B048AMD1174_genefamilies.tsv,s3://amili-global-archive/SHOTGUN/v3/Batch_MGG2_48/B048AMD1174/humann/B048AMD1174_reaction_ko.tsv,s3://amili-analysis-lab/Macrogen/sequencing-data/Batch_MGG2_48-40samples/0.RawData/B048AMD1174_1.fastq.gz,s3://amili-analysis-lab/Macrogen/sequencing-data/Batch_MGG2_48-40samples/0.RawData/B048AMD1174_2.fastq.gz
B048AMD1175,MGG2_48,UAUHSMKWX4S5SXK7,VC8S-25PV-MSEV,AMD1175,AMD,SHOTGUN,v3,s3://amili-global-archive/SHOTGUN/v3/Batch_MGG2_48/B048AMD1175/kneaddata/B048AMD1175.fastq,s3://amili-global-archive/SHOTGUN/v3/Batch_MGG2_48/B048AMD1175/kneaddata/B048AMD1175_stat.tsv,s3://amili-global-archive/SHOTGUN/v3/Batch_MGG2_48/B048AMD1175/metaphlan/B048AMD1175_metaphlan.tsv,s3://amili-global-archive/SHOTGUN/v3/Batch_MGG2_48/B048AMD1175/humann/B048AMD1175_pathabundance.tsv,s3://amili-global-archive/SHOTGUN/v3/Batch_MGG2_48/B048AMD1175/humann/B048AMD1175_reaction_ec.tsv,s3://amili-global-archive/SHOTGUN/v3/Batch_MGG2_48/B048AMD1175/humann/B048AMD1175_genefamilies.tsv,s3://amili-global-archive/SHOTGUN/v3/Batch_MGG2_48/B048AMD1175/humann/B048AMD1175_reaction_ko.tsv,s3://amili-analysis-lab/Macrogen/sequencing-data/Batch_MGG2_48-40samples/0.RawData/B048AMD1175_1.fastq.gz,s3://amili-analysis-lab/Macrogen/sequencing-data/Batch_MGG2_48-40samples/0.RawData/B048AMD1175_2.fastq.gz
B048AMD1176,MGG2_48,HTS82EMP59FV7XV6,98CH-FYK9-FRJ4,AMD1176,AMD,SHOTGUN,v3,s3://amili-global-archive/SHOTGUN/v3/Batch_MGG2_48/B048AMD1176/kneaddata/B048AMD1176.fastq,s3://amili-global-archive/SHOTGUN/v3/Batch_MGG2_48/B048AMD1176/kneaddata/B048AMD1176_stat.tsv,s3://amili-global-archive/SHOTGUN/v3/Batch_MGG2_48/B048AMD1176/metaphlan/B048AMD1176_metaphlan.tsv,s3://amili-global-archive/SHOTGUN/v3/Batch_MGG2_48/B048AMD1176/humann/B048AMD1176_pathabundance.tsv,s3://amili-global-archive/SHOTGUN/v3/Batch_MGG2_48/B048AMD1176/humann/B048AMD1176_reaction_ec.tsv,s3://amili-global-archive/SHOTGUN/v3/Batch_MGG2_48/B048AMD1176/humann/B048AMD1176_genefamilies.tsv,s3://amili-global-archive/SHOTGUN/v3/Batch_MGG2_48/B048AMD1176/humann/B048AMD1176_reaction_ko.tsv,s3://amili-analysis-lab/Macrogen/sequencing-data/Batch_MGG2_48-40samples/0.RawData/B048AMD1176_1.fastq.gz,s3://amili-analysis-lab/Macrogen/sequencing-data/Batch_MGG2_48-40samples/0.RawData/B048AMD1176_2.fastq.gz
B048AMD1178,MGG2_48,Z8KGG5Y2GDTBG7CF,9QRY-4PVP-V4ZB,AMD1178,AMD,SHOTGUN,v3,s3://amili-global-archive/SHOTGUN/v3/Batch_MGG2_48/B048AMD1178/kneaddata/B048AMD1178.fastq,s3://amili-global-archive/SHOTGUN/v3/Batch_MGG2_48/B048AMD1178/kneaddata/B048AMD1178_stat.tsv,s3://amili-global-archive/SHOTGUN/v3/Batch_MGG2_48/B048AMD1178/metaphlan/B048AMD1178_metaphlan.tsv,s3://amili-global-archive/SHOTGUN/v3/Batch_MGG2_48/B048AMD1178/humann/B048AMD1178_pathabundance.tsv,s3://amili-global-archive/SHOTGUN/v3/Batch_MGG2_48/B048AMD1178/humann/B048AMD1178_reaction_ec.tsv,s3://amili-global-archive/SHOTGUN/v3/Batch_MGG2_48/B048AMD1178/humann/B048AMD1178_genefamilies.tsv,s3://amili-global-archive/SHOTGUN/v3/Batch_MGG2_48/B048AMD1178/humann/B048AMD1178_reaction_ko.tsv,s3://amili-analysis-lab/Macrogen/sequencing-data/Batch_MGG2_48-40samples/0.RawData/B048AMD1178_1.fastq.gz,s3://amili-analysis-lab/Macrogen/sequencing-data/Batch_MGG2_48-40samples/0.RawData/B048AMD1178_2.fastq.gz
B048AMD1181,MGG2_48,MCNKWUKWD324587S,NF2K-Y9T7-Y6MT,AMD1181,AMD,SHOTGUN,v3,s3://amili-global-archive/SHOTGUN/v3/Batch_MGG2_48/B048AMD1181/kneaddata/B048AMD1181.fastq,s3://amili-global-archive/SHOTGUN/v3/Batch_MGG2_48/B048AMD1181/kneaddata/B048AMD1181_stat.tsv,s3://amili-global-archive/SHOTGUN/v3/Batch_MGG2_48/B048AMD1181/metaphlan/B048AMD1181_metaphlan.tsv,s3://amili-global-archive/SHOTGUN/v3/Batch_MGG2_48/B048AMD1181/humann/B048AMD1181_pathabundance.tsv,s3://amili-global-archive/SHOTGUN/v3/Batch_MGG2_48/B048AMD1181/humann/B048AMD1181_reaction_ec.tsv,s3://amili-global-archive/SHOTGUN/v3/Batch_MGG2_48/B048AMD1181/humann/B048AMD1181_genefamilies.tsv,s3://amili-global-archive/SHOTGUN/v3/Batch_MGG2_48/B048AMD1181/humann/B048AMD1181_reaction_ko.tsv,s3://amili-analysis-lab/Macrogen/sequencing-data/Batch_MGG2_48-40samples/0.RawData/B048AMD1181_1.fastq.gz,s3://amili-analysis-lab/Macrogen/sequencing-data/Batch_MGG2_48-40samples/0.RawData/B048AMD1181_2.fastq.gz
B048AMD1183,MGG2_48,ER5F623VE9PQHPFN,7MGP-HVU4-UVG4,AMD1183,AMD,SHOTGUN,v3,s3://amili-global-archive/SHOTGUN/v3/Batch_MGG2_48/B048AMD1183/kneaddata/B048AMD1183.fastq,s3://amili-global-archive/SHOTGUN/v3/Batch_MGG2_48/B048AMD1183/kneaddata/B048AMD1183_stat.tsv,s3://amili-global-archive/SHOTGUN/v3/Batch_MGG2_48/B048AMD1183/metaphlan/B048AMD1183_metaphlan.tsv,s3://amili-global-archive/SHOTGUN/v3/Batch_MGG2_48/B048AMD1183/humann/B048AMD1183_pathabundance.tsv,s3://amili-global-archive/SHOTGUN/v3/Batch_MGG2_48/B048AMD1183/humann/B048AMD1183_reaction_ec.tsv,s3://amili-global-archive/SHOTGUN/v3/Batch_MGG2_48/B048AMD1183/humann/B048AMD1183_genefamilies.tsv,s3://amili-global-archive/SHOTGUN/v3/Batch_MGG2_48/B048AMD1183/humann/B048AMD1183_reaction_ko.tsv,s3://amili-analysis-lab/Macrogen/sequencing-data/Batch_MGG2_48-40samples/0.RawData/B048AMD1183_1.fastq.gz,s3://amili-analysis-lab/Macrogen/sequencing-data/Batch_MGG2_48-40samples/0.RawData/B048AMD1183_2.fastq.gz
B048AMD1188,MGG2_48,ZK7NSB5FM5Z5775U,5N4K-PR2F-A7FS,AMD1188,AMD,SHOTGUN,v3,s3://amili-global-archive/SHOTGUN/v3/Batch_MGG2_48/B048AMD1188/kneaddata/B048AMD1188.fastq,s3://amili-global-archive/SHOTGUN/v3/Batch_MGG2_48/B048AMD1188/kneaddata/B048AMD1188_stat.tsv,s3://amili-global-archive/SHOTGUN/v3/Batch_MGG2_48/B048AMD1188/metaphlan/B048AMD1188_metaphlan.tsv,s3://amili-global-archive/SHOTGUN/v3/Batch_MGG2_48/B048AMD1188/humann/B048AMD1188_pathabundance.tsv,s3://amili-global-archive/SHOTGUN/v3/Batch_MGG2_48/B048AMD1188/humann/B048AMD1188_reaction_ec.tsv,s3://amili-global-archive/SHOTGUN/v3/Batch_MGG2_48/B048AMD1188/humann/B048AMD1188_genefamilies.tsv,s3://amili-global-archive/SHOTGUN/v3/Batch_MGG2_48/B048AMD1188/humann/B048AMD1188_reaction_ko.tsv,s3://amili-analysis-lab/Macrogen/sequencing-data/Batch_MGG2_48-40samples/0.RawData/B048AMD1188_1.fastq.gz,s3://amili-analysis-lab/Macrogen/sequencing-data/Batch_MGG2_48-40samples/0.RawData/B048AMD1188_2.fastq.gz
B048AMD1192,MGG2_48,MSBYG2X42DW82T76,HXXJ-FFU3-MCBR,AMD1192,AMD,SHOTGUN,v3,s3://amili-global-archive/SHOTGUN/v3/Batch_MGG2_48/B048AMD1192/kneaddata/B048AMD1192.fastq,s3://amili-global-archive/SHOTGUN/v3/Batch_MGG2_48/B048AMD1192/kneaddata/B048AMD1192_stat.tsv,s3://amili-global-archive/SHOTGUN/v3/Batch_MGG2_48/B048AMD1192/metaphlan/B048AMD1192_metaphlan.tsv,s3://amili-global-archive/SHOTGUN/v3/Batch_MGG2_48/B048AMD1192/humann/B048AMD1192_pathabundance.tsv,s3://amili-global-archive/SHOTGUN/v3/Batch_MGG2_48/B048AMD1192/humann/B048AMD1192_reaction_ec.tsv,s3://amili-global-archive/SHOTGUN/v3/Batch_MGG2_48/B048AMD1192/humann/B048AMD1192_genefamilies.tsv,s3://amili-global-archive/SHOTGUN/v3/Batch_MGG2_48/B048AMD1192/humann/B048AMD1192_reaction_ko.tsv,s3://amili-analysis-lab/Macrogen/sequencing-data/Batch_MGG2_48-40samples/0.RawData/B048AMD1192_1.fastq.gz,s3://amili-analysis-lab/Macrogen/sequencing-data/Batch_MGG2_48-40samples/0.RawData/B048AMD1192_2.fastq.gz
B048AMD1193,MGG2_48,R6A27Z34S4QAT9UE,VZXE-2Q2P-R87K,AMD1193,AMD,SHOTGUN,v3,s3://amili-global-archive/SHOTGUN/v3/Batch_MGG2_48/B048AMD1193/kneaddata/B048AMD1193.fastq,s3://amili-global-archive/SHOTGUN/v3/Batch_MGG2_48/B048AMD1193/kneaddata/B048AMD1193_stat.tsv,s3://amili-global-archive/SHOTGUN/v3/Batch_MGG2_48/B048AMD1193/metaphlan/B048AMD1193_metaphlan.tsv,s3://amili-global-archive/SHOTGUN/v3/Batch_MGG2_48/B048AMD1193/humann/B048AMD1193_pathabundance.tsv,s3://amili-global-archive/SHOTGUN/v3/Batch_MGG2_48/B048AMD1193/humann/B048AMD1193_reaction_ec.tsv,s3://amili-global-archive/SHOTGUN/v3/Batch_MGG2_48/B048AMD1193/humann/B048AMD1193_genefamilies.tsv,s3://amili-global-archive/SHOTGUN/v3/Batch_MGG2_48/B048AMD1193/humann/B048AMD1193_reaction_ko.tsv,s3://amili-analysis-lab/Macrogen/sequencing-data/Batch_MGG2_48-40samples/0.RawData/B048AMD1193_1.fastq.gz,s3://amili-analysis-lab/Macrogen/sequencing-data/Batch_MGG2_48-40samples/0.RawData/B048AMD1193_2.fastq.gz
B048AMD1193,MGG2_48,R6A27Z34S4QAT9UE,VZXE-2Q2P-R87K,AMD1193,AMD,SHOTGUN,v3,s3://amili-global-archive/SHOTGUN/v3/batch_mgg2_48-40samples/B048AMD1193/kneaddata/B048AMD1193.fastq,s3://amili-global-archive/SHOTGUN/v3/batch_mgg2_48-40samples/B048AMD1193/kneaddata/B048AMD1193_stat.tsv,s3://amili-global-archive/SHOTGUN/v3/batch_mgg2_48-40samples/B048AMD1193/metaphlan/B048AMD1193_metaphlan.tsv,s3://amili-global-archive/SHOTGUN/v3/batch_mgg2_48-40samples/B048AMD1193/humann/B048AMD1193_pathabundance.tsv,s3://amili-global-archive/SHOTGUN/v3/batch_mgg2_48-40samples/B048AMD1193/humann/B048AMD1193_reaction_ec.tsv,s3://amili-global-archive/SHOTGUN/v3/batch_mgg2_48-40samples/B048AMD1193/humann/B048AMD1193_genefamilies.tsv,s3://amili-global-archive/SHOTGUN/v3/batch_mgg2_48-40samples/B048AMD1193/humann/B048AMD1193_reaction_ko.tsv,s3://amili-analysis-lab/Macrogen/sequencing-data/Batch_MGG2_48-40samples/0.RawData/B048AMD1193_1.fastq.gz,s3://amili-analysis-lab/Macrogen/sequencing-data/Batch_MGG2_48-40samples/0.RawData/B048AMD1193_2.fastq.gz
B048AMD1195,MGG2_48,RJ4JFH8EWV5747RA,4K8J-YNYD-SKPA,AMD1195,AMD,SHOTGUN,v3,s3://amili-global-archive/SHOTGUN/v3/Batch_MGG2_48/B048AMD1195/kneaddata/B048AMD1195.fastq,s3://amili-global-archive/SHOTGUN/v3/Batch_MGG2_48/B048AMD1195/kneaddata/B048AMD1195_stat.tsv,s3://amili-global-archive/SHOTGUN/v3/Batch_MGG2_48/B048AMD1195/metaphlan/B048AMD1195_metaphlan.tsv,s3://amili-global-archive/SHOTGUN/v3/Batch_MGG2_48/B048AMD1195/humann/B048AMD1195_pathabundance.tsv,s3://amili-global-archive/SHOTGUN/v3/Batch_MGG2_48/B048AMD1195/humann/B048AMD1195_reaction_ec.tsv,s3://amili-global-archive/SHOTGUN/v3/Batch_MGG2_48/B048AMD1195/humann/B048AMD1195_genefamilies.tsv,s3://amili-global-archive/SHOTGUN/v3/Batch_MGG2_48/B048AMD1195/humann/B048AMD1195_reaction_ko.tsv,s3://amili-analysis-lab/Macrogen/sequencing-data/Batch_MGG2_48-40samples/0.RawData/B048AMD1195_1.fastq.gz,s3://amili-analysis-lab/Macrogen/sequencing-data/Batch_MGG2_48-40samples/0.RawData/B048AMD1195_2.fastq.gz
B048AMD1195,MGG2_48,RJ4JFH8EWV5747RA,4K8J-YNYD-SKPA,AMD1195,AMD,SHOTGUN,v3,s3://amili-global-archive/SHOTGUN/v3/batch_mgg2_48-40samples/B048AMD1195/kneaddata/B048AMD1195.fastq,s3://amili-global-archive/SHOTGUN/v3/batch_mgg2_48-40samples/B048AMD1195/kneaddata/B048AMD1195_stat.tsv,s3://amili-global-archive/SHOTGUN/v3/batch_mgg2_48-40samples/B048AMD1195/metaphlan/B048AMD1195_metaphlan.tsv,s3://amili-global-archive/SHOTGUN/v3/batch_mgg2_48-40samples/B048AMD1195/humann/B048AMD1195_pathabundance.tsv,s3://amili-global-archive/SHOTGUN/v3/batch_mgg2_48-40samples/B048AMD1195/humann/B048AMD1195_reaction_ec.tsv,s3://amili-global-archive/SHOTGUN/v3/batch_mgg2_48-40samples/B048AMD1195/humann/B048AMD1195_genefamilies.tsv,s3://amili-global-archive/SHOTGUN/v3/batch_mgg2_48-40samples/B048AMD1195/humann/B048AMD1195_reaction_ko.tsv,s3://amili-analysis-lab/Macrogen/sequencing-data/Batch_MGG2_48-40samples/0.RawData/B048AMD1195_1.fastq.gz,s3://amili-analysis-lab/Macrogen/sequencing-data/Batch_MGG2_48-40samples/0.RawData/B048AMD1195_2.fastq.gz
B048AMD1197,MGG2_48,ZHZPTVSGXASKCECN,AUN9-9PCA-GRKY,AMD1197,AMD,SHOTGUN,v3,s3://amili-global-archive/SHOTGUN/v3/Batch_MGG2_48/B048AMD1197/kneaddata/B048AMD1197.fastq,s3://amili-global-archive/SHOTGUN/v3/Batch_MGG2_48/B048AMD1197/kneaddata/B048AMD1197_stat.tsv,s3://amili-global-archive/SHOTGUN/v3/Batch_MGG2_48/B048AMD1197/metaphlan/B048AMD1197_metaphlan.tsv,s3://amili-global-archive/SHOTGUN/v3/Batch_MGG2_48/B048AMD1197/humann/B048AMD1197_pathabundance.tsv,s3://amili-global-archive/SHOTGUN/v3/Batch_MGG2_48/B048AMD1197/humann/B048AMD1197_reaction_ec.tsv,s3://amili-global-archive/SHOTGUN/v3/Batch_MGG2_48/B048AMD1197/humann/B048AMD1197_genefamilies.tsv,s3://amili-global-archive/SHOTGUN/v3/Batch_MGG2_48/B048AMD1197/humann/B048AMD1197_reaction_ko.tsv,s3://amili-analysis-lab/Macrogen/sequencing-data/Batch_MGG2_48-40samples/0.RawData/B048AMD1197_1.fastq.gz,s3://amili-analysis-lab/Macrogen/sequencing-data/Batch_MGG2_48-40samples/0.RawData/B048AMD1197_2.fastq.gz
B048AMD1197,MGG2_48,ZHZPTVSGXASKCECN,AUN9-9PCA-GRKY,AMD1197,AMD,SHOTGUN,v3,s3://amili-global-archive/SHOTGUN/v3/batch_mgg2_48-40samples/B048AMD1197/kneaddata/B048AMD1197.fastq,s3://amili-global-archive/SHOTGUN/v3/batch_mgg2_48-40samples/B048AMD1197/kneaddata/B048AMD1197_stat.tsv,s3://amili-global-archive/SHOTGUN/v3/batch_mgg2_48-40samples/B048AMD1197/metaphlan/B048AMD1197_metaphlan.tsv,s3://amili-global-archive/SHOTGUN/v3/batch_mgg2_48-40samples/B048AMD1197/humann/B048AMD1197_pathabundance.tsv,s3://amili-global-archive/SHOTGUN/v3/batch_mgg2_48-40samples/B048AMD1197/humann/B048AMD1197_reaction_ec.tsv,s3://amili-global-archive/SHOTGUN/v3/batch_mgg2_48-40samples/B048AMD1197/humann/B048AMD1197_genefamilies.tsv,s3://amili-global-archive/SHOTGUN/v3/batch_mgg2_48-40samples/B048AMD1197/humann/B048AMD1197_reaction_ko.tsv,s3://amili-analysis-lab/Macrogen/sequencing-data/Batch_MGG2_48-40samples/0.RawData/B048AMD1197_1.fastq.gz,s3://amili-analysis-lab/Macrogen/sequencing-data/Batch_MGG2_48-40samples/0.RawData/B048AMD1197_2.fastq.gz
B048AMD1199,MGG2_48,NK5VH6X93HR43SNW,9AR8-NYMY-PEN5,AMD1199,AMD,SHOTGUN,v3,s3://amili-global-archive/SHOTGUN/v3/Batch_MGG2_48/B048AMD1199/kneaddata/B048AMD1199.fastq,s3://amili-global-archive/SHOTGUN/v3/Batch_MGG2_48/B048AMD1199/kneaddata/B048AMD1199_stat.tsv,s3://amili-global-archive/SHOTGUN/v3/Batch_MGG2_48/B048AMD1199/metaphlan/B048AMD1199_metaphlan.tsv,s3://amili-global-archive/SHOTGUN/v3/Batch_MGG2_48/B048AMD1199/humann/B048AMD1199_pathabundance.tsv,s3://amili-global-archive/SHOTGUN/v3/Batch_MGG2_48/B048AMD1199/humann/B048AMD1199_reaction_ec.tsv,s3://amili-global-archive/SHOTGUN/v3/Batch_MGG2_48/B048AMD1199/humann/B048AMD1199_genefamilies.tsv,s3://amili-global-archive/SHOTGUN/v3/Batch_MGG2_48/B048AMD1199/humann/B048AMD1199_reaction_ko.tsv,s3://amili-analysis-lab/Macrogen/sequencing-data/Batch_MGG2_48-40samples/0.RawData/B048AMD1199_1.fastq.gz,s3://amili-analysis-lab/Macrogen/sequencing-data/Batch_MGG2_48-40samples/0.RawData/B048AMD1199_2.fastq.gz
B048AMD1200,MGG2_48,U6CWT9HMVUXE7W4N,5JX4-5DWY-37HS,AMD1200,AMD,SHOTGUN,v3,s3://amili-global-archive/SHOTGUN/v3/Batch_MGG2_48/B048AMD1200/kneaddata/B048AMD1200.fastq,s3://amili-global-archive/SHOTGUN/v3/Batch_MGG2_48/B048AMD1200/kneaddata/B048AMD1200_stat.tsv,s3://amili-global-archive/SHOTGUN/v3/Batch_MGG2_48/B048AMD1200/metaphlan/B048AMD1200_metaphlan.tsv,s3://amili-global-archive/SHOTGUN/v3/Batch_MGG2_48/B048AMD1200/humann/B048AMD1200_pathabundance.tsv,s3://amili-global-archive/SHOTGUN/v3/Batch_MGG2_48/B048AMD1200/humann/B048AMD1200_reaction_ec.tsv,s3://amili-global-archive/SHOTGUN/v3/Batch_MGG2_48/B048AMD1200/humann/B048AMD1200_genefamilies.tsv,s3://amili-global-archive/SHOTGUN/v3/Batch_MGG2_48/B048AMD1200/humann/B048AMD1200_reaction_ko.tsv,s3://amili-analysis-lab/Macrogen/sequencing-data/Batch_MGG2_48-40samples/0.RawData/B048AMD1200_1.fastq.gz,s3://amili-analysis-lab/Macrogen/sequencing-data/Batch_MGG2_48-40samples/0.RawData/B048AMD1200_2.fastq.gz
B048AMD1203,MGG2_48,HZTNU3K66S6GV68E,THG2-5QBA-3PX3,AMD1203,AMD,SHOTGUN,v3,s3://amili-global-archive/SHOTGUN/v3/Batch_MGG2_48/B048AMD1203/kneaddata/B048AMD1203.fastq,s3://amili-global-archive/SHOTGUN/v3/Batch_MGG2_48/B048AMD1203/kneaddata/B048AMD1203_stat.tsv,s3://amili-global-archive/SHOTGUN/v3/Batch_MGG2_48/B048AMD1203/metaphlan/B048AMD1203_metaphlan.tsv,s3://amili-global-archive/SHOTGUN/v3/Batch_MGG2_48/B048AMD1203/humann/B048AMD1203_pathabundance.tsv,s3://amili-global-archive/SHOTGUN/v3/Batch_MGG2_48/B048AMD1203/humann/B048AMD1203_reaction_ec.tsv,s3://amili-global-archive/SHOTGUN/v3/Batch_MGG2_48/B048AMD1203/humann/B048AMD1203_genefamilies.tsv,s3://amili-global-archive/SHOTGUN/v3/Batch_MGG2_48/B048AMD1203/humann/B048AMD1203_reaction_ko.tsv,s3://amili-analysis-lab/Macrogen/sequencing-data/Batch_MGG2_48-40samples/0.RawData/B048AMD1203_1.fastq.gz,s3://amili-analysis-lab/Macrogen/sequencing-data/Batch_MGG2_48-40samples/0.RawData/B048AMD1203_2.fastq.gz
B048AMD1206,MGG2_48,G2HFNCQ6C3WP22KN,3W3E-C7AQ-HJ5V,AMD1206,AMD,SHOTGUN,v3,s3://amili-global-archive/SHOTGUN/v3/Batch_MGG2_48/B048AMD1206/kneaddata/B048AMD1206.fastq,s3://amili-global-archive/SHOTGUN/v3/Batch_MGG2_48/B048AMD1206/kneaddata/B048AMD1206_stat.tsv,s3://amili-global-archive/SHOTGUN/v3/Batch_MGG2_48/B048AMD1206/metaphlan/B048AMD1206_metaphlan.tsv,s3://amili-global-archive/SHOTGUN/v3/Batch_MGG2_48/B048AMD1206/humann/B048AMD1206_pathabundance.tsv,s3://amili-global-archive/SHOTGUN/v3/Batch_MGG2_48/B048AMD1206/humann/B048AMD1206_reaction_ec.tsv,s3://amili-global-archive/SHOTGUN/v3/Batch_MGG2_48/B048AMD1206/humann/B048AMD1206_genefamilies.tsv,s3://amili-global-archive/SHOTGUN/v3/Batch_MGG2_48/B048AMD1206/humann/B048AMD1206_reaction_ko.tsv,s3://amili-analysis-lab/Macrogen/sequencing-data/Batch_MGG2_48-40samples/0.RawData/B048AMD1206_1.fastq.gz,s3://amili-analysis-lab/Macrogen/sequencing-data/Batch_MGG2_48-40samples/0.RawData/B048AMD1206_2.fastq.gz
B049AMD1207,MGG2_49,X2H8Y28P8D95JGY5,H2YR-QEMD-MN9C,AMD1207,AMD,SHOTGUN,v3,s3://amili-global-archive/SHOTGUN/v3/Batch_MGG2_49/B049AMD1207/kneaddata/B049AMD1207.fastq,s3://amili-global-archive/SHOTGUN/v3/Batch_MGG2_49/B049AMD1207/kneaddata/B049AMD1207_stat.tsv,s3://amili-global-archive/SHOTGUN/v3/Batch_MGG2_49/B049AMD1207/metaphlan/B049AMD1207_metaphlan.tsv,s3://amili-global-archive/SHOTGUN/v3/Batch_MGG2_49/B049AMD1207/humann/B049AMD1207_pathabundance.tsv,s3://amili-global-archive/SHOTGUN/v3/Batch_MGG2_49/B049AMD1207/humann/B049AMD1207_reaction_ec.tsv,s3://amili-global-archive/SHOTGUN/v3/Batch_MGG2_49/B049AMD1207/humann/B049AMD1207_genefamilies.tsv,s3://amili-global-archive/SHOTGUN/v3/Batch_MGG2_49/B049AMD1207/humann/B049AMD1207_reaction_ko.tsv,s3://amili-analysis-lab/Macrogen/sequencing-data/Batch_MGG2_49-40samples/B049AMD1207_1.fastq.gz,s3://amili-analysis-lab/Macrogen/sequencing-data/Batch_MGG2_49-40samples/B049AMD1207_2.fastq.gz
B049AMD1208,MGG2_49,M3DUTQSUM7JRSURG,94N7-TAMK-AMYH,AMD1208,AMD,SHOTGUN,v3,s3://amili-global-archive/SHOTGUN/v3/Batch_MGG2_49/B049AMD1208/kneaddata/B049AMD1208.fastq,s3://amili-global-archive/SHOTGUN/v3/Batch_MGG2_49/B049AMD1208/kneaddata/B049AMD1208_stat.tsv,s3://amili-global-archive/SHOTGUN/v3/Batch_MGG2_49/B049AMD1208/metaphlan/B049AMD1208_metaphlan.tsv,s3://amili-global-archive/SHOTGUN/v3/Batch_MGG2_49/B049AMD1208/humann/B049AMD1208_pathabundance.tsv,s3://amili-global-archive/SHOTGUN/v3/Batch_MGG2_49/B049AMD1208/humann/B049AMD1208_reaction_ec.tsv,s3://amili-global-archive/SHOTGUN/v3/Batch_MGG2_49/B049AMD1208/humann/B049AMD1208_genefamilies.tsv,s3://amili-global-archive/SHOTGUN/v3/Batch_MGG2_49/B049AMD1208/humann/B049AMD1208_reaction_ko.tsv,s3://amili-analysis-lab/Macrogen/sequencing-data/Batch_MGG2_49-40samples/B049AMD1208_1.fastq.gz,s3://amili-analysis-lab/Macrogen/sequencing-data/Batch_MGG2_49-40samples/B049AMD1208_2.fastq.gz
B049AMD1210,MGG2_49,JGFZ5495M53W65N2,H9N7-85CE-W2A2,AMD1210,AMD,SHOTGUN,v3,s3://amili-global-archive/SHOTGUN/v3/Batch_MGG2_49/B049AMD1210/kneaddata/B049AMD1210.fastq,s3://amili-global-archive/SHOTGUN/v3/Batch_MGG2_49/B049AMD1210/kneaddata/B049AMD1210_stat.tsv,s3://amili-global-archive/SHOTGUN/v3/Batch_MGG2_49/B049AMD1210/metaphlan/B049AMD1210_metaphlan.tsv,s3://amili-global-archive/SHOTGUN/v3/Batch_MGG2_49/B049AMD1210/humann/B049AMD1210_pathabundance.tsv,s3://amili-global-archive/SHOTGUN/v3/Batch_MGG2_49/B049AMD1210/humann/B049AMD1210_reaction_ec.tsv,s3://amili-global-archive/SHOTGUN/v3/Batch_MGG2_49/B049AMD1210/humann/B049AMD1210_genefamilies.tsv,s3://amili-global-archive/SHOTGUN/v3/Batch_MGG2_49/B049AMD1210/humann/B049AMD1210_reaction_ko.tsv,s3://amili-analysis-lab/Macrogen/sequencing-data/Batch_MGG2_49-40samples/B049AMD1210_1.fastq.gz,s3://amili-analysis-lab/Macrogen/sequencing-data/Batch_MGG2_49-40samples/B049AMD1210_2.fastq.gz
B049AMD1211,MGG2_49,SJACFYU83UATPZYC,VVHT-NX65-KMW4,AMD1211,AMD,SHOTGUN,v3,s3://amili-global-archive/SHOTGUN/v3/Batch_MGG2_49/B049AMD1211/kneaddata/B049AMD1211.fastq,s3://amili-global-archive/SHOTGUN/v3/Batch_MGG2_49/B049AMD1211/kneaddata/B049AMD1211_stat.tsv,s3://amili-global-archive/SHOTGUN/v3/Batch_MGG2_49/B049AMD1211/metaphlan/B049AMD1211_metaphlan.tsv,s3://amili-global-archive/SHOTGUN/v3/Batch_MGG2_49/B049AMD1211/humann/B049AMD1211_pathabundance.tsv,s3://amili-global-archive/SHOTGUN/v3/Batch_MGG2_49/B049AMD1211/humann/B049AMD1211_reaction_ec.tsv,s3://amili-global-archive/SHOTGUN/v3/Batch_MGG2_49/B049AMD1211/humann/B049AMD1211_genefamilies.tsv,s3://amili-global-archive/SHOTGUN/v3/Batch_MGG2_49/B049AMD1211/humann/B049AMD1211_reaction_ko.tsv,s3://amili-analysis-lab/Macrogen/sequencing-data/Batch_MGG2_49-40samples/B049AMD1211_1.fastq.gz,s3://amili-analysis-lab/Macrogen/sequencing-data/Batch_MGG2_49-40samples/B049AMD1211_2.fastq.gz
B049AMD1212,MGG2_49,K3JNT8D48C3ENX26,QJ95-UK92-2XYK,AMD1212,AMD,SHOTGUN,v3,s3://amili-global-archive/SHOTGUN/v3/Batch_MGG2_49/B049AMD1212/kneaddata/B049AMD1212.fastq,s3://amili-global-archive/SHOTGUN/v3/Batch_MGG2_49/B049AMD1212/kneaddata/B049AMD1212_stat.tsv,s3://amili-global-archive/SHOTGUN/v3/Batch_MGG2_49/B049AMD1212/metaphlan/B049AMD1212_metaphlan.tsv,s3://amili-global-archive/SHOTGUN/v3/Batch_MGG2_49/B049AMD1212/humann/B049AMD1212_pathabundance.tsv,s3://amili-global-archive/SHOTGUN/v3/Batch_MGG2_49/B049AMD1212/humann/B049AMD1212_reaction_ec.tsv,s3://amili-global-archive/SHOTGUN/v3/Batch_MGG2_49/B049AMD1212/humann/B049AMD1212_genefamilies.tsv,s3://amili-global-archive/SHOTGUN/v3/Batch_MGG2_49/B049AMD1212/humann/B049AMD1212_reaction_ko.tsv,s3://amili-analysis-lab/Macrogen/sequencing-data/Batch_MGG2_49-40samples/B049AMD1212_1.fastq.gz,s3://amili-analysis-lab/Macrogen/sequencing-data/Batch_MGG2_49-40samples/B049AMD1212_2.fastq.gz
B049AMD1213,MGG2_49,E9HBWUSRVK9Y6PBY,ZD3A-9KSH-5GCZ,AMD1213,AMD,SHOTGUN,v3,s3://amili-global-archive/SHOTGUN/v3/Batch_MGG2_49/B049AMD1213/kneaddata/B049AMD1213.fastq,s3://amili-global-archive/SHOTGUN/v3/Batch_MGG2_49/B049AMD1213/kneaddata/B049AMD1213_stat.tsv,s3://amili-global-archive/SHOTGUN/v3/Batch_MGG2_49/B049AMD1213/metaphlan/B049AMD1213_metaphlan.tsv,s3://amili-global-archive/SHOTGUN/v3/Batch_MGG2_49/B049AMD1213/humann/B049AMD1213_pathabundance.tsv,s3://amili-global-archive/SHOTGUN/v3/Batch_MGG2_49/B049AMD1213/humann/B049AMD1213_reaction_ec.tsv,s3://amili-global-archive/SHOTGUN/v3/Batch_MGG2_49/B049AMD1213/humann/B049AMD1213_genefamilies.tsv,s3://amili-global-archive/SHOTGUN/v3/Batch_MGG2_49/B049AMD1213/humann/B049AMD1213_reaction_ko.tsv,s3://amili-analysis-lab/Macrogen/sequencing-data/Batch_MGG2_49-40samples/B049AMD1213_1.fastq.gz,s3://amili-analysis-lab/Macrogen/sequencing-data/Batch_MGG2_49-40samples/B049AMD1213_2.fastq.gz
B049AMD1214,MGG2_49,YQDDJS76KGGGQRWH,XA7K-T2VJ-7R7B,AMD1214,AMD,SHOTGUN,v3,s3://amili-global-archive/SHOTGUN/v3/Batch_MGG2_49/B049AMD1214/kneaddata/B049AMD1214.fastq,s3://amili-global-archive/SHOTGUN/v3/Batch_MGG2_49/B049AMD1214/kneaddata/B049AMD1214_stat.tsv,s3://amili-global-archive/SHOTGUN/v3/Batch_MGG2_49/B049AMD1214/metaphlan/B049AMD1214_metaphlan.tsv,s3://amili-global-archive/SHOTGUN/v3/Batch_MGG2_49/B049AMD1214/humann/B049AMD1214_pathabundance.tsv,s3://amili-global-archive/SHOTGUN/v3/Batch_MGG2_49/B049AMD1214/humann/B049AMD1214_reaction_ec.tsv,s3://amili-global-archive/SHOTGUN/v3/Batch_MGG2_49/B049AMD1214/humann/B049AMD1214_genefamilies.tsv,s3://amili-global-archive/SHOTGUN/v3/Batch_MGG2_49/B049AMD1214/humann/B049AMD1214_reaction_ko.tsv,s3://amili-analysis-lab/Macrogen/sequencing-data/Batch_MGG2_49-40samples/B049AMD1214_1.fastq.gz,s3://amili-analysis-lab/Macrogen/sequencing-data/Batch_MGG2_49-40samples/B049AMD1214_2.fastq.gz
B049AMD1216,MGG2_49,W9B28CT5UZS5QXYD,A6SA-4A33-MQFR,AMD1216,AMD,SHOTGUN,v3,s3://amili-global-archive/SHOTGUN/v3/Batch_MGG2_49/B049AMD1216/kneaddata/B049AMD1216.fastq,s3://amili-global-archive/SHOTGUN/v3/Batch_MGG2_49/B049AMD1216/kneaddata/B049AMD1216_stat.tsv,s3://amili-global-archive/SHOTGUN/v3/Batch_MGG2_49/B049AMD1216/metaphlan/B049AMD1216_metaphlan.tsv,s3://amili-global-archive/SHOTGUN/v3/Batch_MGG2_49/B049AMD1216/humann/B049AMD1216_pathabundance.tsv,s3://amili-global-archive/SHOTGUN/v3/Batch_MGG2_49/B049AMD1216/humann/B049AMD1216_reaction_ec.tsv,s3://amili-global-archive/SHOTGUN/v3/Batch_MGG2_49/B049AMD1216/humann/B049AMD1216_genefamilies.tsv,s3://amili-global-archive/SHOTGUN/v3/Batch_MGG2_49/B049AMD1216/humann/B049AMD1216_reaction_ko.tsv,s3://amili-analysis-lab/Macrogen/sequencing-data/Batch_MGG2_49-40samples/B049AMD1216_1.fastq.gz,s3://amili-analysis-lab/Macrogen/sequencing-data/Batch_MGG2_49-40samples/B049AMD1216_2.fastq.gz
B049AMD1217,MGG2_49,QE5V2AGZSCRE7SQV,XHES-9DN7-MXPF,AMD1217,AMD,SHOTGUN,v3,s3://amili-global-archive/SHOTGUN/v3/Batch_MGG2_49/B049AMD1217/kneaddata/B049AMD1217.fastq,s3://amili-global-archive/SHOTGUN/v3/Batch_MGG2_49/B049AMD1217/kneaddata/B049AMD1217_stat.tsv,s3://amili-global-archive/SHOTGUN/v3/Batch_MGG2_49/B049AMD1217/metaphlan/B049AMD1217_metaphlan.tsv,s3://amili-global-archive/SHOTGUN/v3/Batch_MGG2_49/B049AMD1217/humann/B049AMD1217_pathabundance.tsv,s3://amili-global-archive/SHOTGUN/v3/Batch_MGG2_49/B049AMD1217/humann/B049AMD1217_reaction_ec.tsv,s3://amili-global-archive/SHOTGUN/v3/Batch_MGG2_49/B049AMD1217/humann/B049AMD1217_genefamilies.tsv,s3://amili-global-archive/SHOTGUN/v3/Batch_MGG2_49/B049AMD1217/humann/B049AMD1217_reaction_ko.tsv,s3://amili-analysis-lab/Macrogen/sequencing-data/Batch_MGG2_49-40samples/B049AMD1217_1.fastq.gz,s3://amili-analysis-lab/Macrogen/sequencing-data/Batch_MGG2_49-40samples/B049AMD1217_2.fastq.gz
B049AMD1218,MGG2_49,WTZWVWJ2HM7F3FRY,62SG-S99Q-EGCX,AMD1218,AMD,SHOTGUN,v3,s3://amili-global-archive/SHOTGUN/v3/Batch_MGG2_49/B049AMD1218/kneaddata/B049AMD1218.fastq,s3://amili-global-archive/SHOTGUN/v3/Batch_MGG2_49/B049AMD1218/kneaddata/B049AMD1218_stat.tsv,s3://amili-global-archive/SHOTGUN/v3/Batch_MGG2_49/B049AMD1218/metaphlan/B049AMD1218_metaphlan.tsv,s3://amili-global-archive/SHOTGUN/v3/Batch_MGG2_49/B049AMD1218/humann/B049AMD1218_pathabundance.tsv,s3://amili-global-archive/SHOTGUN/v3/Batch_MGG2_49/B049AMD1218/humann/B049AMD1218_reaction_ec.tsv,s3://amili-global-archive/SHOTGUN/v3/Batch_MGG2_49/B049AMD1218/humann/B049AMD1218_genefamilies.tsv,s3://amili-global-archive/SHOTGUN/v3/Batch_MGG2_49/B049AMD1218/humann/B049AMD1218_reaction_ko.tsv,s3://amili-analysis-lab/Macrogen/sequencing-data/Batch_MGG2_49-40samples/B049AMD1218_1.fastq.gz,s3://amili-analysis-lab/Macrogen/sequencing-data/Batch_MGG2_49-40samples/B049AMD1218_2.fastq.gz
B049AMD1220,MGG2_49,N39WYZA59SPEZN9J,AYD8-3FCZ-8J7P,AMD1220,AMD,SHOTGUN,v3,s3://amili-global-archive/SHOTGUN/v3/Batch_MGG2_49/B049AMD1220/kneaddata/B049AMD1220.fastq,s3://amili-global-archive/SHOTGUN/v3/Batch_MGG2_49/B049AMD1220/kneaddata/B049AMD1220_stat.tsv,s3://amili-global-archive/SHOTGUN/v3/Batch_MGG2_49/B049AMD1220/metaphlan/B049AMD1220_metaphlan.tsv,s3://amili-global-archive/SHOTGUN/v3/Batch_MGG2_49/B049AMD1220/humann/B049AMD1220_pathabundance.tsv,s3://amili-global-archive/SHOTGUN/v3/Batch_MGG2_49/B049AMD1220/humann/B049AMD1220_reaction_ec.tsv,s3://amili-global-archive/SHOTGUN/v3/Batch_MGG2_49/B049AMD1220/humann/B049AMD1220_genefamilies.tsv,s3://amili-global-archive/SHOTGUN/v3/Batch_MGG2_49/B049AMD1220/humann/B049AMD1220_reaction_ko.tsv,s3://amili-analysis-lab/Macrogen/sequencing-data/Batch_MGG2_49-40samples/B049AMD1220_1.fastq.gz,s3://amili-analysis-lab/Macrogen/sequencing-data/Batch_MGG2_49-40samples/B049AMD1220_2.fastq.gz
B049AMD1223,MGG2_49,T58CYUUTPTXU3D25,YT63-XF8D-V84D,AMD1223,AMD,SHOTGUN,v3,s3://amili-global-archive/SHOTGUN/v3/Batch_MGG2_49/B049AMD1223/kneaddata/B049AMD1223.fastq,s3://amili-global-archive/SHOTGUN/v3/Batch_MGG2_49/B049AMD1223/kneaddata/B049AMD1223_stat.tsv,s3://amili-global-archive/SHOTGUN/v3/Batch_MGG2_49/B049AMD1223/metaphlan/B049AMD1223_metaphlan.tsv,s3://amili-global-archive/SHOTGUN/v3/Batch_MGG2_49/B049AMD1223/humann/B049AMD1223_pathabundance.tsv,s3://amili-global-archive/SHOTGUN/v3/Batch_MGG2_49/B049AMD1223/humann/B049AMD1223_reaction_ec.tsv,s3://amili-global-archive/SHOTGUN/v3/Batch_MGG2_49/B049AMD1223/humann/B049AMD1223_genefamilies.tsv,s3://amili-global-archive/SHOTGUN/v3/Batch_MGG2_49/B049AMD1223/humann/B049AMD1223_reaction_ko.tsv,s3://amili-analysis-lab/Macrogen/sequencing-data/Batch_MGG2_49-40samples/B049AMD1223_1.fastq.gz,s3://amili-analysis-lab/Macrogen/sequencing-data/Batch_MGG2_49-40samples/B049AMD1223_2.fastq.gz
B049AMD1225,MGG2_49,U7YE2SSK56UCPXZ8,KCZW-WZAV-7GK2,AMD1225,AMD,SHOTGUN,v3,s3://amili-global-archive/SHOTGUN/v3/Batch_MGG2_49/B049AMD1225/kneaddata/B049AMD1225.fastq,s3://amili-global-archive/SHOTGUN/v3/Batch_MGG2_49/B049AMD1225/kneaddata/B049AMD1225_stat.tsv,s3://amili-global-archive/SHOTGUN/v3/Batch_MGG2_49/B049AMD1225/metaphlan/B049AMD1225_metaphlan.tsv,s3://amili-global-archive/SHOTGUN/v3/Batch_MGG2_49/B049AMD1225/humann/B049AMD1225_pathabundance.tsv,s3://amili-global-archive/SHOTGUN/v3/Batch_MGG2_49/B049AMD1225/humann/B049AMD1225_reaction_ec.tsv,s3://amili-global-archive/SHOTGUN/v3/Batch_MGG2_49/B049AMD1225/humann/B049AMD1225_genefamilies.tsv,s3://amili-global-archive/SHOTGUN/v3/Batch_MGG2_49/B049AMD1225/humann/B049AMD1225_reaction_ko.tsv,s3://amili-analysis-lab/Macrogen/sequencing-data/Batch_MGG2_49-40samples/B049AMD1225_1.fastq.gz,s3://amili-analysis-lab/Macrogen/sequencing-data/Batch_MGG2_49-40samples/B049AMD1225_2.fastq.gz
B049AMD1226,MGG2_49,NDYFCZAUBW5P3UVE,VETY-MFJB-F649,AMD1226,AMD,SHOTGUN,v3,s3://amili-global-archive/SHOTGUN/v3/Batch_MGG2_49/B049AMD1226/kneaddata/B049AMD1226.fastq,s3://amili-global-archive/SHOTGUN/v3/Batch_MGG2_49/B049AMD1226/kneaddata/B049AMD1226_stat.tsv,s3://amili-global-archive/SHOTGUN/v3/Batch_MGG2_49/B049AMD1226/metaphlan/B049AMD1226_metaphlan.tsv,s3://amili-global-archive/SHOTGUN/v3/Batch_MGG2_49/B049AMD1226/humann/B049AMD1226_pathabundance.tsv,s3://amili-global-archive/SHOTGUN/v3/Batch_MGG2_49/B049AMD1226/humann/B049AMD1226_reaction_ec.tsv,s3://amili-global-archive/SHOTGUN/v3/Batch_MGG2_49/B049AMD1226/humann/B049AMD1226_genefamilies.tsv,s3://amili-global-archive/SHOTGUN/v3/Batch_MGG2_49/B049AMD1226/humann/B049AMD1226_reaction_ko.tsv,s3://amili-analysis-lab/Macrogen/sequencing-data/Batch_MGG2_49-40samples/B049AMD1226_1.fastq.gz,s3://amili-analysis-lab/Macrogen/sequencing-data/Batch_MGG2_49-40samples/B049AMD1226_2.fastq.gz
B049AMD1227,MGG2_49,W88NAUMT43MS2TU5,HNQM-S8RD-R8GX,AMD1227,AMD,SHOTGUN,v3,s3://amili-global-archive/SHOTGUN/v3/Batch_MGG2_49/B049AMD1227/kneaddata/B049AMD1227.fastq,s3://amili-global-archive/SHOTGUN/v3/Batch_MGG2_49/B049AMD1227/kneaddata/B049AMD1227_stat.tsv,s3://amili-global-archive/SHOTGUN/v3/Batch_MGG2_49/B049AMD1227/metaphlan/B049AMD1227_metaphlan.tsv,s3://amili-global-archive/SHOTGUN/v3/Batch_MGG2_49/B049AMD1227/humann/B049AMD1227_pathabundance.tsv,s3://amili-global-archive/SHOTGUN/v3/Batch_MGG2_49/B049AMD1227/humann/B049AMD1227_reaction_ec.tsv,s3://amili-global-archive/SHOTGUN/v3/Batch_MGG2_49/B049AMD1227/humann/B049AMD1227_genefamilies.tsv,s3://amili-global-archive/SHOTGUN/v3/Batch_MGG2_49/B049AMD1227/humann/B049AMD1227_reaction_ko.tsv,s3://amili-analysis-lab/Macrogen/sequencing-data/Batch_MGG2_49-40samples/B049AMD1227_1.fastq.gz,s3://amili-analysis-lab/Macrogen/sequencing-data/Batch_MGG2_49-40samples/B049AMD1227_2.fastq.gz
B049AMD1229,MGG2_49,X7BD75SCUKGJ8F4M,SA53-M9GT-VJDR,AMD1229,AMD,SHOTGUN,v3,s3://amili-global-archive/SHOTGUN/v3/Batch_MGG2_49/B049AMD1229/kneaddata/B049AMD1229.fastq,s3://amili-global-archive/SHOTGUN/v3/Batch_MGG2_49/B049AMD1229/kneaddata/B049AMD1229_stat.tsv,s3://amili-global-archive/SHOTGUN/v3/Batch_MGG2_49/B049AMD1229/metaphlan/B049AMD1229_metaphlan.tsv,s3://amili-global-archive/SHOTGUN/v3/Batch_MGG2_49/B049AMD1229/humann/B049AMD1229_pathabundance.tsv,s3://amili-global-archive/SHOTGUN/v3/Batch_MGG2_49/B049AMD1229/humann/B049AMD1229_reaction_ec.tsv,s3://amili-global-archive/SHOTGUN/v3/Batch_MGG2_49/B049AMD1229/humann/B049AMD1229_genefamilies.tsv,s3://amili-global-archive/SHOTGUN/v3/Batch_MGG2_49/B049AMD1229/humann/B049AMD1229_reaction_ko.tsv,s3://amili-analysis-lab/Macrogen/sequencing-data/Batch_MGG2_49-40samples/B049AMD1229_1.fastq.gz,s3://amili-analysis-lab/Macrogen/sequencing-data/Batch_MGG2_49-40samples/B049AMD1229_2.fastq.gz
B049AMD1230,MGG2_49,VN4YHBHD57KDWDAB,KRFT-ZX3A-QEYS,AMD1230,AMD,SHOTGUN,v3,s3://amili-global-archive/SHOTGUN/v3/Batch_MGG2_49/B049AMD1230/kneaddata/B049AMD1230.fastq,s3://amili-global-archive/SHOTGUN/v3/Batch_MGG2_49/B049AMD1230/kneaddata/B049AMD1230_stat.tsv,s3://amili-global-archive/SHOTGUN/v3/Batch_MGG2_49/B049AMD1230/metaphlan/B049AMD1230_metaphlan.tsv,s3://amili-global-archive/SHOTGUN/v3/Batch_MGG2_49/B049AMD1230/humann/B049AMD1230_pathabundance.tsv,s3://amili-global-archive/SHOTGUN/v3/Batch_MGG2_49/B049AMD1230/humann/B049AMD1230_reaction_ec.tsv,s3://amili-global-archive/SHOTGUN/v3/Batch_MGG2_49/B049AMD1230/humann/B049AMD1230_genefamilies.tsv,s3://amili-global-archive/SHOTGUN/v3/Batch_MGG2_49/B049AMD1230/humann/B049AMD1230_reaction_ko.tsv,s3://amili-analysis-lab/Macrogen/sequencing-data/Batch_MGG2_49-40samples/B049AMD1230_1.fastq.gz,s3://amili-analysis-lab/Macrogen/sequencing-data/Batch_MGG2_49-40samples/B049AMD1230_2.fastq.gz
B049AMD1232,MGG2_49,ABCZN5DN3PQXFGQE,268K-Z8VN-UUNQ,AMD1232,AMD,SHOTGUN,v3,s3://amili-global-archive/SHOTGUN/v3/Batch_MGG2_49/B049AMD1232/kneaddata/B049AMD1232.fastq,s3://amili-global-archive/SHOTGUN/v3/Batch_MGG2_49/B049AMD1232/kneaddata/B049AMD1232_stat.tsv,s3://amili-global-archive/SHOTGUN/v3/Batch_MGG2_49/B049AMD1232/metaphlan/B049AMD1232_metaphlan.tsv,s3://amili-global-archive/SHOTGUN/v3/Batch_MGG2_49/B049AMD1232/humann/B049AMD1232_pathabundance.tsv,s3://amili-global-archive/SHOTGUN/v3/Batch_MGG2_49/B049AMD1232/humann/B049AMD1232_reaction_ec.tsv,s3://amili-global-archive/SHOTGUN/v3/Batch_MGG2_49/B049AMD1232/humann/B049AMD1232_genefamilies.tsv,s3://amili-global-archive/SHOTGUN/v3/Batch_MGG2_49/B049AMD1232/humann/B049AMD1232_reaction_ko.tsv,s3://amili-analysis-lab/Macrogen/sequencing-data/Batch_MGG2_49-40samples/B049AMD1232_1.fastq.gz,s3://amili-analysis-lab/Macrogen/sequencing-data/Batch_MGG2_49-40samples/B049AMD1232_2.fastq.gz
B049AMD1232,MGG2_49,ABCZN5DN3PQXFGQE,268K-Z8VN-UUNQ,AMD1232,AMD,SHOTGUN,v3,s3://amili-global-archive/SHOTGUN/v3/batch_mgg2_49-40samples/B049AMD1232/kneaddata/B049AMD1232.fastq,s3://amili-global-archive/SHOTGUN/v3/batch_mgg2_49-40samples/B049AMD1232/kneaddata/B049AMD1232_stat.tsv,s3://amili-global-archive/SHOTGUN/v3/batch_mgg2_49-40samples/B049AMD1232/metaphlan/B049AMD1232_metaphlan.tsv,s3://amili-global-archive/SHOTGUN/v3/batch_mgg2_49-40samples/B049AMD1232/humann/B049AMD1232_pathabundance.tsv,s3://amili-global-archive/SHOTGUN/v3/batch_mgg2_49-40samples/B049AMD1232/humann/B049AMD1232_reaction_ec.tsv,s3://amili-global-archive/SHOTGUN/v3/batch_mgg2_49-40samples/B049AMD1232/humann/B049AMD1232_genefamilies.tsv,s3://amili-global-archive/SHOTGUN/v3/batch_mgg2_49-40samples/B049AMD1232/humann/B049AMD1232_reaction_ko.tsv,s3://amili-analysis-lab/Macrogen/sequencing-data/Batch_MGG2_49-40samples/B049AMD1232_1.fastq.gz,s3://amili-analysis-lab/Macrogen/sequencing-data/Batch_MGG2_49-40samples/B049AMD1232_2.fastq.gz
B049AMD1241,MGG2_49,E3VPKGASBDD2FZGS,8VQA-RFFF-929K,AMD1241,AMD,SHOTGUN,v3,s3://amili-global-archive/SHOTGUN/v3/Batch_MGG2_49/B049AMD1241/kneaddata/B049AMD1241.fastq,s3://amili-global-archive/SHOTGUN/v3/Batch_MGG2_49/B049AMD1241/kneaddata/B049AMD1241_stat.tsv,s3://amili-global-archive/SHOTGUN/v3/Batch_MGG2_49/B049AMD1241/metaphlan/B049AMD1241_metaphlan.tsv,s3://amili-global-archive/SHOTGUN/v3/Batch_MGG2_49/B049AMD1241/humann/B049AMD1241_pathabundance.tsv,s3://amili-global-archive/SHOTGUN/v3/Batch_MGG2_49/B049AMD1241/humann/B049AMD1241_reaction_ec.tsv,s3://amili-global-archive/SHOTGUN/v3/Batch_MGG2_49/B049AMD1241/humann/B049AMD1241_genefamilies.tsv,s3://amili-global-archive/SHOTGUN/v3/Batch_MGG2_49/B049AMD1241/humann/B049AMD1241_reaction_ko.tsv,s3://amili-analysis-lab/Macrogen/sequencing-data/Batch_MGG2_49-40samples/B049AMD1241_1.fastq.gz,s3://amili-analysis-lab/Macrogen/sequencing-data/Batch_MGG2_49-40samples/B049AMD1241_2.fastq.gz
B049AMD1243,MGG2_49,RV39D7KHBVVEGKGJ,FQWB-7GN2-8RV4,AMD1243,AMD,SHOTGUN,v3,s3://amili-global-archive/SHOTGUN/v3/Batch_MGG2_49/B049AMD1243/kneaddata/B049AMD1243.fastq,s3://amili-global-archive/SHOTGUN/v3/Batch_MGG2_49/B049AMD1243/kneaddata/B049AMD1243_stat.tsv,s3://amili-global-archive/SHOTGUN/v3/Batch_MGG2_49/B049AMD1243/metaphlan/B049AMD1243_metaphlan.tsv,s3://amili-global-archive/SHOTGUN/v3/Batch_MGG2_49/B049AMD1243/humann/B049AMD1243_pathabundance.tsv,s3://amili-global-archive/SHOTGUN/v3/Batch_MGG2_49/B049AMD1243/humann/B049AMD1243_reaction_ec.tsv,s3://amili-global-archive/SHOTGUN/v3/Batch_MGG2_49/B049AMD1243/humann/B049AMD1243_genefamilies.tsv,s3://amili-global-archive/SHOTGUN/v3/Batch_MGG2_49/B049AMD1243/humann/B049AMD1243_reaction_ko.tsv,s3://amili-analysis-lab/Macrogen/sequencing-data/Batch_MGG2_49-40samples/B049AMD1243_1.fastq.gz,s3://amili-analysis-lab/Macrogen/sequencing-data/Batch_MGG2_49-40samples/B049AMD1243_2.fastq.gz
B049AMD1246,MGG2_49,JECFG59XPD4YAWCU,FK4G-EEWS-ST4W,AMD1246,AMD,SHOTGUN,v3,s3://amili-global-archive/SHOTGUN/v3/Batch_MGG2_49/B049AMD1246/kneaddata/B049AMD1246.fastq,s3://amili-global-archive/SHOTGUN/v3/Batch_MGG2_49/B049AMD1246/kneaddata/B049AMD1246_stat.tsv,s3://amili-global-archive/SHOTGUN/v3/Batch_MGG2_49/B049AMD1246/metaphlan/B049AMD1246_metaphlan.tsv,s3://amili-global-archive/SHOTGUN/v3/Batch_MGG2_49/B049AMD1246/humann/B049AMD1246_pathabundance.tsv,s3://amili-global-archive/SHOTGUN/v3/Batch_MGG2_49/B049AMD1246/humann/B049AMD1246_reaction_ec.tsv,s3://amili-global-archive/SHOTGUN/v3/Batch_MGG2_49/B049AMD1246/humann/B049AMD1246_genefamilies.tsv,s3://amili-global-archive/SHOTGUN/v3/Batch_MGG2_49/B049AMD1246/humann/B049AMD1246_reaction_ko.tsv,s3://amili-analysis-lab/Macrogen/sequencing-data/Batch_MGG2_49-40samples/B049AMD1246_1.fastq.gz,s3://amili-analysis-lab/Macrogen/sequencing-data/Batch_MGG2_49-40samples/B049AMD1246_2.fastq.gz
B049AMD1250,MGG2_49,S7MZ3HJQB32C8UF9,5HXX-K5E8-68BA,AMD1250,AMD,SHOTGUN,v3,s3://amili-global-archive/SHOTGUN/v3/Batch_MGG2_49/B049AMD1250/kneaddata/B049AMD1250.fastq,s3://amili-global-archive/SHOTGUN/v3/Batch_MGG2_49/B049AMD1250/kneaddata/B049AMD1250_stat.tsv,s3://amili-global-archive/SHOTGUN/v3/Batch_MGG2_49/B049AMD1250/metaphlan/B049AMD1250_metaphlan.tsv,s3://amili-global-archive/SHOTGUN/v3/Batch_MGG2_49/B049AMD1250/humann/B049AMD1250_pathabundance.tsv,s3://amili-global-archive/SHOTGUN/v3/Batch_MGG2_49/B049AMD1250/humann/B049AMD1250_reaction_ec.tsv,s3://amili-global-archive/SHOTGUN/v3/Batch_MGG2_49/B049AMD1250/humann/B049AMD1250_genefamilies.tsv,s3://amili-global-archive/SHOTGUN/v3/Batch_MGG2_49/B049AMD1250/humann/B049AMD1250_reaction_ko.tsv,s3://amili-analysis-lab/Macrogen/sequencing-data/Batch_MGG2_49-40samples/B049AMD1250_1.fastq.gz,s3://amili-analysis-lab/Macrogen/sequencing-data/Batch_MGG2_49-40samples/B049AMD1250_2.fastq.gz
B049AMD1250,MGG2_49,S7MZ3HJQB32C8UF9,5HXX-K5E8-68BA,AMD1250,AMD,SHOTGUN,v3,s3://amili-global-archive/SHOTGUN/v3/batch_mgg2_49-40samples/B049AMD1250/kneaddata/B049AMD1250.fastq,s3://amili-global-archive/SHOTGUN/v3/batch_mgg2_49-40samples/B049AMD1250/kneaddata/B049AMD1250_stat.tsv,s3://amili-global-archive/SHOTGUN/v3/batch_mgg2_49-40samples/B049AMD1250/metaphlan/B049AMD1250_metaphlan.tsv,s3://amili-global-archive/SHOTGUN/v3/batch_mgg2_49-40samples/B049AMD1250/humann/B049AMD1250_pathabundance.tsv,s3://amili-global-archive/SHOTGUN/v3/batch_mgg2_49-40samples/B049AMD1250/humann/B049AMD1250_reaction_ec.tsv,s3://amili-global-archive/SHOTGUN/v3/batch_mgg2_49-40samples/B049AMD1250/humann/B049AMD1250_genefamilies.tsv,s3://amili-global-archive/SHOTGUN/v3/batch_mgg2_49-40samples/B049AMD1250/humann/B049AMD1250_reaction_ko.tsv,s3://amili-analysis-lab/Macrogen/sequencing-data/Batch_MGG2_49-40samples/B049AMD1250_1.fastq.gz,s3://amili-analysis-lab/Macrogen/sequencing-data/Batch_MGG2_49-40samples/B049AMD1250_2.fastq.gz
B055AMD0924,MGG2_55,AXHN5XET2V8MWK4Z,IV1N-7IF4-X5ZK,AMD0924,AMD,SHOTGUN,v3,s3://amili-global-archive/SHOTGUN/v3/Batch_MGG2_55/B055AMD0924/kneaddata/B055AMD0924.fastq,s3://amili-global-archive/SHOTGUN/v3/Batch_MGG2_55/B055AMD0924/kneaddata/B055AMD0924_stat.tsv,s3://amili-global-archive/SHOTGUN/v3/Batch_MGG2_55/B055AMD0924/metaphlan/B055AMD0924_metaphlan.tsv,s3://amili-global-archive/SHOTGUN/v3/Batch_MGG2_55/B055AMD0924/humann/B055AMD0924_pathabundance.tsv,s3://amili-global-archive/SHOTGUN/v3/Batch_MGG2_55/B055AMD0924/humann/B055AMD0924_reaction_ec.tsv,s3://amili-global-archive/SHOTGUN/v3/Batch_MGG2_55/B055AMD0924/humann/B055AMD0924_genefamilies.tsv,s3://amili-global-archive/SHOTGUN/v3/Batch_MGG2_55/B055AMD0924/humann/B055AMD0924_reaction_ko.tsv,s3://amili-analysis-lab/Macrogen/sequencing-data/Batch_MGG2_55-25samples/B055AMD0924_1.fastq.gz,s3://amili-analysis-lab/Macrogen/sequencing-data/Batch_MGG2_55-25samples/B055AMD0924_2.fastq.gz
B055AMD0924,MGG2_55,AXHN5XET2V8MWK4Z,IV1N-7IF4-X5ZK,AMD0924,AMD,SHOTGUN,v3,s3://amili-global-archive/SHOTGUN/v3/batch_mgg2_55-225samples/B055AMD0924/kneaddata/B055AMD0924.fastq,s3://amili-global-archive/SHOTGUN/v3/batch_mgg2_55-225samples/B055AMD0924/kneaddata/B055AMD0924_stat.tsv,s3://amili-global-archive/SHOTGUN/v3/batch_mgg2_55-225samples/B055AMD0924/metaphlan/B055AMD0924_metaphlan.tsv,s3://amili-global-archive/SHOTGUN/v3/batch_mgg2_55-225samples/B055AMD0924/humann/B055AMD0924_pathabundance.tsv,s3://amili-global-archive/SHOTGUN/v3/batch_mgg2_55-225samples/B055AMD0924/humann/B055AMD0924_reaction_ec.tsv,s3://amili-global-archive/SHOTGUN/v3/batch_mgg2_55-225samples/B055AMD0924/humann/B055AMD0924_genefamilies.tsv,s3://amili-global-archive/SHOTGUN/v3/batch_mgg2_55-225samples/B055AMD0924/humann/B055AMD0924_reaction_ko.tsv,s3://amili-analysis-lab/Macrogen/sequencing-data/Batch_MGG2_55-25samples/B055AMD0924_1.fastq.gz,s3://amili-analysis-lab/Macrogen/sequencing-data/Batch_MGG2_55-25samples/B055AMD0924_2.fastq.gz
B055AMD1325,MGG2_55,FJU2BVQ4JEG4PG98,9KQW-AJTP-C396,AMD1325,AMD,SHOTGUN,v3,s3://amili-global-archive/SHOTGUN/v3/Batch_MGG2_55/B055AMD1325/kneaddata/B055AMD1325.fastq,s3://amili-global-archive/SHOTGUN/v3/Batch_MGG2_55/B055AMD1325/kneaddata/B055AMD1325_stat.tsv,s3://amili-global-archive/SHOTGUN/v3/Batch_MGG2_55/B055AMD1325/metaphlan/B055AMD1325_metaphlan.tsv,s3://amili-global-archive/SHOTGUN/v3/Batch_MGG2_55/B055AMD1325/humann/B055AMD1325_pathabundance.tsv,s3://amili-global-archive/SHOTGUN/v3/Batch_MGG2_55/B055AMD1325/humann/B055AMD1325_reaction_ec.tsv,s3://amili-global-archive/SHOTGUN/v3/Batch_MGG2_55/B055AMD1325/humann/B055AMD1325_genefamilies.tsv,s3://amili-global-archive/SHOTGUN/v3/Batch_MGG2_55/B055AMD1325/humann/B055AMD1325_reaction_ko.tsv,s3://amili-analysis-lab/Macrogen/sequencing-data/Batch_MGG2_55-25samples/B055AMD1325_1.fastq.gz,s3://amili-analysis-lab/Macrogen/sequencing-data/Batch_MGG2_55-25samples/B055AMD1325_2.fastq.gz
B055AMD1327,MGG2_55,HS9KYSUJEXH5MJN5,ZAFP-T5TZ-BJXV,AMD1327,AMD,SHOTGUN,v3,s3://amili-global-archive/SHOTGUN/v3/Batch_MGG2_55/B055AMD1327/kneaddata/B055AMD1327.fastq,s3://amili-global-archive/SHOTGUN/v3/Batch_MGG2_55/B055AMD1327/kneaddata/B055AMD1327_stat.tsv,s3://amili-global-archive/SHOTGUN/v3/Batch_MGG2_55/B055AMD1327/metaphlan/B055AMD1327_metaphlan.tsv,s3://amili-global-archive/SHOTGUN/v3/Batch_MGG2_55/B055AMD1327/humann/B055AMD1327_pathabundance.tsv,s3://amili-global-archive/SHOTGUN/v3/Batch_MGG2_55/B055AMD1327/humann/B055AMD1327_reaction_ec.tsv,s3://amili-global-archive/SHOTGUN/v3/Batch_MGG2_55/B055AMD1327/humann/B055AMD1327_genefamilies.tsv,s3://amili-global-archive/SHOTGUN/v3/Batch_MGG2_55/B055AMD1327/humann/B055AMD1327_reaction_ko.tsv,s3://amili-analysis-lab/Macrogen/sequencing-data/Batch_MGG2_55-25samples/B055AMD1327_1.fastq.gz,s3://amili-analysis-lab/Macrogen/sequencing-data/Batch_MGG2_55-25samples/B055AMD1327_2.fastq.gz
B055AMD1331,MGG2_55,RTZ4D3ZZYAXND9P5,F9KB-V25Q-BEWJ,AMD1331,AMD,SHOTGUN,v3,s3://amili-global-archive/SHOTGUN/v3/Batch_MGG2_55/B055AMD1331/kneaddata/B055AMD1331.fastq,s3://amili-global-archive/SHOTGUN/v3/Batch_MGG2_55/B055AMD1331/kneaddata/B055AMD1331_stat.tsv,s3://amili-global-archive/SHOTGUN/v3/Batch_MGG2_55/B055AMD1331/metaphlan/B055AMD1331_metaphlan.tsv,s3://amili-global-archive/SHOTGUN/v3/Batch_MGG2_55/B055AMD1331/humann/B055AMD1331_pathabundance.tsv,s3://amili-global-archive/SHOTGUN/v3/Batch_MGG2_55/B055AMD1331/humann/B055AMD1331_reaction_ec.tsv,s3://amili-global-archive/SHOTGUN/v3/Batch_MGG2_55/B055AMD1331/humann/B055AMD1331_genefamilies.tsv,s3://amili-global-archive/SHOTGUN/v3/Batch_MGG2_55/B055AMD1331/humann/B055AMD1331_reaction_ko.tsv,s3://amili-analysis-lab/Macrogen/sequencing-data/Batch_MGG2_55-25samples/B055AMD1331_1.fastq.gz,s3://amili-analysis-lab/Macrogen/sequencing-data/Batch_MGG2_55-25samples/B055AMD1331_2.fastq.gz
B055AMD1339,MGG2_55,CHDT9U4GH6WNVKDM,W5VA-98M3-SKZ7,AMD1339,AMD,SHOTGUN,v3,s3://amili-global-archive/SHOTGUN/v3/Batch_MGG2_55/B055AMD1339/kneaddata/B055AMD1339.fastq,s3://amili-global-archive/SHOTGUN/v3/Batch_MGG2_55/B055AMD1339/kneaddata/B055AMD1339_stat.tsv,s3://amili-global-archive/SHOTGUN/v3/Batch_MGG2_55/B055AMD1339/metaphlan/B055AMD1339_metaphlan.tsv,s3://amili-global-archive/SHOTGUN/v3/Batch_MGG2_55/B055AMD1339/humann/B055AMD1339_pathabundance.tsv,s3://amili-global-archive/SHOTGUN/v3/Batch_MGG2_55/B055AMD1339/humann/B055AMD1339_reaction_ec.tsv,s3://amili-global-archive/SHOTGUN/v3/Batch_MGG2_55/B055AMD1339/humann/B055AMD1339_genefamilies.tsv,s3://amili-global-archive/SHOTGUN/v3/Batch_MGG2_55/B055AMD1339/humann/B055AMD1339_reaction_ko.tsv,s3://amili-analysis-lab/Macrogen/sequencing-data/Batch_MGG2_55-25samples/B055AMD1339_1.fastq.gz,s3://amili-analysis-lab/Macrogen/sequencing-data/Batch_MGG2_55-25samples/B055AMD1339_2.fastq.gz
B055AMD1345,MGG2_55,SQ5QTR79WT88TK6R,SER2-2ZUU-AEY4,AMD1345,AMD,SHOTGUN,v3,s3://amili-global-archive/SHOTGUN/v3/Batch_MGG2_55/B055AMD1345/kneaddata/B055AMD1345.fastq,s3://amili-global-archive/SHOTGUN/v3/Batch_MGG2_55/B055AMD1345/kneaddata/B055AMD1345_stat.tsv,s3://amili-global-archive/SHOTGUN/v3/Batch_MGG2_55/B055AMD1345/metaphlan/B055AMD1345_metaphlan.tsv,s3://amili-global-archive/SHOTGUN/v3/Batch_MGG2_55/B055AMD1345/humann/B055AMD1345_pathabundance.tsv,s3://amili-global-archive/SHOTGUN/v3/Batch_MGG2_55/B055AMD1345/humann/B055AMD1345_reaction_ec.tsv,s3://amili-global-archive/SHOTGUN/v3/Batch_MGG2_55/B055AMD1345/humann/B055AMD1345_genefamilies.tsv,s3://amili-global-archive/SHOTGUN/v3/Batch_MGG2_55/B055AMD1345/humann/B055AMD1345_reaction_ko.tsv,s3://amili-analysis-lab/Macrogen/sequencing-data/Batch_MGG2_55-25samples/B055AMD1345_1.fastq.gz,s3://amili-analysis-lab/Macrogen/sequencing-data/Batch_MGG2_55-25samples/B055AMD1345_2.fastq.gz
B055AMD1348,MGG2_55,PSEPP4XMR487FH7N,XSXR-WYED-HSSM,AMD1348,AMD,SHOTGUN,v3,s3://amili-global-archive/SHOTGUN/v3/Batch_MGG2_55/B055AMD1348/kneaddata/B055AMD1348.fastq,s3://amili-global-archive/SHOTGUN/v3/Batch_MGG2_55/B055AMD1348/kneaddata/B055AMD1348_stat.tsv,s3://amili-global-archive/SHOTGUN/v3/Batch_MGG2_55/B055AMD1348/metaphlan/B055AMD1348_metaphlan.tsv,s3://amili-global-archive/SHOTGUN/v3/Batch_MGG2_55/B055AMD1348/humann/B055AMD1348_pathabundance.tsv,s3://amili-global-archive/SHOTGUN/v3/Batch_MGG2_55/B055AMD1348/humann/B055AMD1348_reaction_ec.tsv,s3://amili-global-archive/SHOTGUN/v3/Batch_MGG2_55/B055AMD1348/humann/B055AMD1348_genefamilies.tsv,s3://amili-global-archive/SHOTGUN/v3/Batch_MGG2_55/B055AMD1348/humann/B055AMD1348_reaction_ko.tsv,s3://amili-analysis-lab/Macrogen/sequencing-data/Batch_MGG2_55-25samples/B055AMD1348_1.fastq.gz,s3://amili-analysis-lab/Macrogen/sequencing-data/Batch_MGG2_55-25samples/B055AMD1348_2.fastq.gz
B055AMD1350,MGG2_55,MPBH7REYGTNTXVU4,9QQE-89ES-FMEY,AMD1350,AMD,SHOTGUN,v3,s3://amili-global-archive/SHOTGUN/v3/Batch_MGG2_55/B055AMD1350/kneaddata/B055AMD1350.fastq,s3://amili-global-archive/SHOTGUN/v3/Batch_MGG2_55/B055AMD1350/kneaddata/B055AMD1350_stat.tsv,s3://amili-global-archive/SHOTGUN/v3/Batch_MGG2_55/B055AMD1350/metaphlan/B055AMD1350_metaphlan.tsv,s3://amili-global-archive/SHOTGUN/v3/Batch_MGG2_55/B055AMD1350/humann/B055AMD1350_pathabundance.tsv,s3://amili-global-archive/SHOTGUN/v3/Batch_MGG2_55/B055AMD1350/humann/B055AMD1350_reaction_ec.tsv,s3://amili-global-archive/SHOTGUN/v3/Batch_MGG2_55/B055AMD1350/humann/B055AMD1350_genefamilies.tsv,s3://amili-global-archive/SHOTGUN/v3/Batch_MGG2_55/B055AMD1350/humann/B055AMD1350_reaction_ko.tsv,s3://amili-analysis-lab/Macrogen/sequencing-data/Batch_MGG2_55-25samples/B055AMD1350_1.fastq.gz,s3://amili-analysis-lab/Macrogen/sequencing-data/Batch_MGG2_55-25samples/B055AMD1350_2.fastq.gz
B055AMD1354,MGG2_55,XHXSTVWF2SPJZGQJ,V8TG-KYAZ-57V8,AMD1354,AMD,SHOTGUN,v3,s3://amili-global-archive/SHOTGUN/v3/Batch_MGG2_55/B055AMD1354/kneaddata/B055AMD1354.fastq,s3://amili-global-archive/SHOTGUN/v3/Batch_MGG2_55/B055AMD1354/kneaddata/B055AMD1354_stat.tsv,s3://amili-global-archive/SHOTGUN/v3/Batch_MGG2_55/B055AMD1354/metaphlan/B055AMD1354_metaphlan.tsv,s3://amili-global-archive/SHOTGUN/v3/Batch_MGG2_55/B055AMD1354/humann/B055AMD1354_pathabundance.tsv,s3://amili-global-archive/SHOTGUN/v3/Batch_MGG2_55/B055AMD1354/humann/B055AMD1354_reaction_ec.tsv,s3://amili-global-archive/SHOTGUN/v3/Batch_MGG2_55/B055AMD1354/humann/B055AMD1354_genefamilies.tsv,s3://amili-global-archive/SHOTGUN/v3/Batch_MGG2_55/B055AMD1354/humann/B055AMD1354_reaction_ko.tsv,s3://amili-analysis-lab/Macrogen/sequencing-data/Batch_MGG2_55-25samples/B055AMD1354_1.fastq.gz,s3://amili-analysis-lab/Macrogen/sequencing-data/Batch_MGG2_55-25samples/B055AMD1354_2.fastq.gz
B079AMD1097,MGG2_79,QSFCWSUWXR4YRFMK,PTX6-6XMN-33DA,AMD1097,AMD,SHOTGUN,v3,s3://amili-global-archive/SHOTGUN/v3/Batch_MGG2_79/B079AMD1097/kneaddata/B079AMD1097.fastq,s3://amili-global-archive/SHOTGUN/v3/Batch_MGG2_79/B079AMD1097/kneaddata/B079AMD1097_stat.tsv,s3://amili-global-archive/SHOTGUN/v3/Batch_MGG2_79/B079AMD1097/metaphlan/B079AMD1097_metaphlan.tsv,s3://amili-global-archive/SHOTGUN/v3/Batch_MGG2_79/B079AMD1097/humann/B079AMD1097_pathabundance.tsv,s3://amili-global-archive/SHOTGUN/v3/Batch_MGG2_79/B079AMD1097/humann/B079AMD1097_reaction_ec.tsv,s3://amili-global-archive/SHOTGUN/v3/Batch_MGG2_79/B079AMD1097/humann/B079AMD1097_genefamilies.tsv,s3://amili-global-archive/SHOTGUN/v3/Batch_MGG2_79/B079AMD1097/humann/B079AMD1097_reaction_ko.tsv,s3://amili-analysis-lab/Macrogen/sequencing-data/Batch_MGG2_79-37samples/B079AMD1097_1.fastq.gz,s3://amili-analysis-lab/Macrogen/sequencing-data/Batch_MGG2_79-37samples/B079AMD1097_2.fastq.gz
B079AMD1126,MGG2_79,H95ZN5722JTTY9KA,QEDN-U6WS-DUKS,AMD1126,AMD,SHOTGUN,v3,s3://amili-global-archive/SHOTGUN/v3/Batch_MGG2_79/B079AMD1126/kneaddata/B079AMD1126.fastq,s3://amili-global-archive/SHOTGUN/v3/Batch_MGG2_79/B079AMD1126/kneaddata/B079AMD1126_stat.tsv,s3://amili-global-archive/SHOTGUN/v3/Batch_MGG2_79/B079AMD1126/metaphlan/B079AMD1126_metaphlan.tsv,s3://amili-global-archive/SHOTGUN/v3/Batch_MGG2_79/B079AMD1126/humann/B079AMD1126_pathabundance.tsv,s3://amili-global-archive/SHOTGUN/v3/Batch_MGG2_79/B079AMD1126/humann/B079AMD1126_reaction_ec.tsv,s3://amili-global-archive/SHOTGUN/v3/Batch_MGG2_79/B079AMD1126/humann/B079AMD1126_genefamilies.tsv,s3://amili-global-archive/SHOTGUN/v3/Batch_MGG2_79/B079AMD1126/humann/B079AMD1126_reaction_ko.tsv,s3://amili-analysis-lab/Macrogen/sequencing-data/Batch_MGG2_79-37samples/B079AMD1126_1.fastq.gz,s3://amili-analysis-lab/Macrogen/sequencing-data/Batch_MGG2_79-37samples/B079AMD1126_2.fastq.gz
B079AMD1196,MGG2_79,BMY8JM9PHYXSQ66Z,BWRR-XHQ9-TMES,AMD1196,AMD,SHOTGUN,v3,s3://amili-global-archive/SHOTGUN/v3/Batch_MGG2_79/B079AMD1196/kneaddata/B079AMD1196.fastq,s3://amili-global-archive/SHOTGUN/v3/Batch_MGG2_79/B079AMD1196/kneaddata/B079AMD1196_stat.tsv,s3://amili-global-archive/SHOTGUN/v3/Batch_MGG2_79/B079AMD1196/metaphlan/B079AMD1196_metaphlan.tsv,s3://amili-global-archive/SHOTGUN/v3/Batch_MGG2_79/B079AMD1196/humann/B079AMD1196_pathabundance.tsv,s3://amili-global-archive/SHOTGUN/v3/Batch_MGG2_79/B079AMD1196/humann/B079AMD1196_reaction_ec.tsv,s3://amili-global-archive/SHOTGUN/v3/Batch_MGG2_79/B079AMD1196/humann/B079AMD1196_genefamilies.tsv,s3://amili-global-archive/SHOTGUN/v3/Batch_MGG2_79/B079AMD1196/humann/B079AMD1196_reaction_ko.tsv,s3://amili-analysis-lab/Macrogen/sequencing-data/Batch_MGG2_79-37samples/B079AMD1196_1.fastq.gz,s3://amili-analysis-lab/Macrogen/sequencing-data/Batch_MGG2_79-37samples/B079AMD1196_2.fastq.gz
B079AMD1336,MGG2_79,VGR7BVU6GB69D7QU,AD7R-WXAY-NTQ9,AMD1336,AMD,SHOTGUN,v3,s3://amili-global-archive/SHOTGUN/v3/Batch_MGG2_79/B079AMD1336/kneaddata/B079AMD1336.fastq,s3://amili-global-archive/SHOTGUN/v3/Batch_MGG2_79/B079AMD1336/kneaddata/B079AMD1336_stat.tsv,s3://amili-global-archive/SHOTGUN/v3/Batch_MGG2_79/B079AMD1336/metaphlan/B079AMD1336_metaphlan.tsv,s3://amili-global-archive/SHOTGUN/v3/Batch_MGG2_79/B079AMD1336/humann/B079AMD1336_pathabundance.tsv,s3://amili-global-archive/SHOTGUN/v3/Batch_MGG2_79/B079AMD1336/humann/B079AMD1336_reaction_ec.tsv,s3://amili-global-archive/SHOTGUN/v3/Batch_MGG2_79/B079AMD1336/humann/B079AMD1336_genefamilies.tsv,s3://amili-global-archive/SHOTGUN/v3/Batch_MGG2_79/B079AMD1336/humann/B079AMD1336_reaction_ko.tsv,s3://amili-analysis-lab/Macrogen/sequencing-data/Batch_MGG2_79-37samples/B079AMD1336_1.fastq.gz,s3://amili-analysis-lab/Macrogen/sequencing-data/Batch_MGG2_79-37samples/B079AMD1336_2.fastq.gz
B079AMD1341,MGG2_79,SKVBHZDDWRU2HDCR,S35F-3PYS-QEMA,AMD1341,AMD,SHOTGUN,v3,s3://amili-global-archive/SHOTGUN/v3/Batch_MGG2_79/B079AMD1341/kneaddata/B079AMD1341.fastq,s3://amili-global-archive/SHOTGUN/v3/Batch_MGG2_79/B079AMD1341/kneaddata/B079AMD1341_stat.tsv,s3://amili-global-archive/SHOTGUN/v3/Batch_MGG2_79/B079AMD1341/metaphlan/B079AMD1341_metaphlan.tsv,s3://amili-global-archive/SHOTGUN/v3/Batch_MGG2_79/B079AMD1341/humann/B079AMD1341_pathabundance.tsv,s3://amili-global-archive/SHOTGUN/v3/Batch_MGG2_79/B079AMD1341/humann/B079AMD1341_reaction_ec.tsv,s3://amili-global-archive/SHOTGUN/v3/Batch_MGG2_79/B079AMD1341/humann/B079AMD1341_genefamilies.tsv,s3://amili-global-archive/SHOTGUN/v3/Batch_MGG2_79/B079AMD1341/humann/B079AMD1341_reaction_ko.tsv,s3://amili-analysis-lab/Macrogen/sequencing-data/Batch_MGG2_79-37samples/B079AMD1341_1.fastq.gz,s3://amili-analysis-lab/Macrogen/sequencing-data/Batch_MGG2_79-37samples/B079AMD1341_2.fastq.gz
B079AMD1352,MGG2_79,S39ET8AAT4FNQV76,FZPU-2JW3-GXUH,AMD1352,AMD,SHOTGUN,v3,s3://amili-global-archive/SHOTGUN/v3/Batch_MGG2_79/B079AMD1352/kneaddata/B079AMD1352.fastq,s3://amili-global-archive/SHOTGUN/v3/Batch_MGG2_79/B079AMD1352/kneaddata/B079AMD1352_stat.tsv,s3://amili-global-archive/SHOTGUN/v3/Batch_MGG2_79/B079AMD1352/metaphlan/B079AMD1352_metaphlan.tsv,s3://amili-global-archive/SHOTGUN/v3/Batch_MGG2_79/B079AMD1352/humann/B079AMD1352_pathabundance.tsv,s3://amili-global-archive/SHOTGUN/v3/Batch_MGG2_79/B079AMD1352/humann/B079AMD1352_reaction_ec.tsv,s3://amili-global-archive/SHOTGUN/v3/Batch_MGG2_79/B079AMD1352/humann/B079AMD1352_genefamilies.tsv,s3://amili-global-archive/SHOTGUN/v3/Batch_MGG2_79/B079AMD1352/humann/B079AMD1352_reaction_ko.tsv,s3://amili-analysis-lab/Macrogen/sequencing-data/Batch_MGG2_79-37samples/B079AMD1352_1.fastq.gz,s3://amili-analysis-lab/Macrogen/sequencing-data/Batch_MGG2_79-37samples/B079AMD1352_2.fastq.gz
B079AMD1353,MGG2_79,JGAU6VGFCAAR5FHD,DEW5-458X-PEDT,AMD1353,AMD,SHOTGUN,v3,s3://amili-global-archive/SHOTGUN/v3/Batch_MGG2_79/B079AMD1353/kneaddata/B079AMD1353.fastq,s3://amili-global-archive/SHOTGUN/v3/Batch_MGG2_79/B079AMD1353/kneaddata/B079AMD1353_stat.tsv,s3://amili-global-archive/SHOTGUN/v3/Batch_MGG2_79/B079AMD1353/metaphlan/B079AMD1353_metaphlan.tsv,s3://amili-global-archive/SHOTGUN/v3/Batch_MGG2_79/B079AMD1353/humann/B079AMD1353_pathabundance.tsv,s3://amili-global-archive/SHOTGUN/v3/Batch_MGG2_79/B079AMD1353/humann/B079AMD1353_reaction_ec.tsv,s3://amili-global-archive/SHOTGUN/v3/Batch_MGG2_79/B079AMD1353/humann/B079AMD1353_genefamilies.tsv,s3://amili-global-archive/SHOTGUN/v3/Batch_MGG2_79/B079AMD1353/humann/B079AMD1353_reaction_ko.tsv,s3://amili-analysis-lab/Macrogen/sequencing-data/Batch_MGG2_79-37samples/B079AMD1353_1.fastq.gz,s3://amili-analysis-lab/Macrogen/sequencing-data/Batch_MGG2_79-37samples/B079AMD1353_2.fastq.gz
B079AMD1357,MGG2_79,KPMTUTY5QA9DN5K4,C4UA-XABR-GVBW,AMD1357,AMD,SHOTGUN,v3,s3://amili-global-archive/SHOTGUN/v3/Batch_MGG2_79/B079AMD1357/kneaddata/B079AMD1357.fastq,s3://amili-global-archive/SHOTGUN/v3/Batch_MGG2_79/B079AMD1357/kneaddata/B079AMD1357_stat.tsv,s3://amili-global-archive/SHOTGUN/v3/Batch_MGG2_79/B079AMD1357/metaphlan/B079AMD1357_metaphlan.tsv,s3://amili-global-archive/SHOTGUN/v3/Batch_MGG2_79/B079AMD1357/humann/B079AMD1357_pathabundance.tsv,s3://amili-global-archive/SHOTGUN/v3/Batch_MGG2_79/B079AMD1357/humann/B079AMD1357_reaction_ec.tsv,s3://amili-global-archive/SHOTGUN/v3/Batch_MGG2_79/B079AMD1357/humann/B079AMD1357_genefamilies.tsv,s3://amili-global-archive/SHOTGUN/v3/Batch_MGG2_79/B079AMD1357/humann/B079AMD1357_reaction_ko.tsv,s3://amili-analysis-lab/Macrogen/sequencing-data/Batch_MGG2_79-37samples/B079AMD1357_1.fastq.gz,s3://amili-analysis-lab/Macrogen/sequencing-data/Batch_MGG2_79-37samples/B079AMD1357_2.fastq.gz
B079AMD1358,MGG2_79,JQ2DAR9TW4T2U875,KMBM-W7FN-XZQZ,AMD1358,AMD,SHOTGUN,v3,s3://amili-global-archive/SHOTGUN/v3/Batch_MGG2_79/B079AMD1358/kneaddata/B079AMD1358.fastq,s3://amili-global-archive/SHOTGUN/v3/Batch_MGG2_79/B079AMD1358/kneaddata/B079AMD1358_stat.tsv,s3://amili-global-archive/SHOTGUN/v3/Batch_MGG2_79/B079AMD1358/metaphlan/B079AMD1358_metaphlan.tsv,s3://amili-global-archive/SHOTGUN/v3/Batch_MGG2_79/B079AMD1358/humann/B079AMD1358_pathabundance.tsv,s3://amili-global-archive/SHOTGUN/v3/Batch_MGG2_79/B079AMD1358/humann/B079AMD1358_reaction_ec.tsv,s3://amili-global-archive/SHOTGUN/v3/Batch_MGG2_79/B079AMD1358/humann/B079AMD1358_genefamilies.tsv,s3://amili-global-archive/SHOTGUN/v3/Batch_MGG2_79/B079AMD1358/humann/B079AMD1358_reaction_ko.tsv,s3://amili-analysis-lab/Macrogen/sequencing-data/Batch_MGG2_79-37samples/B079AMD1358_1.fastq.gz,s3://amili-analysis-lab/Macrogen/sequencing-data/Batch_MGG2_79-37samples/B079AMD1358_2.fastq.gz
B079AMD1362,MGG2_79,NNAGAHWCAHVJXPUB,KNMR-6887-P5C4,AMD1362,AMD,SHOTGUN,v3,s3://amili-global-archive/SHOTGUN/v3/Batch_MGG2_79/B079AMD1362/kneaddata/B079AMD1362.fastq,s3://amili-global-archive/SHOTGUN/v3/Batch_MGG2_79/B079AMD1362/kneaddata/B079AMD1362_stat.tsv,s3://amili-global-archive/SHOTGUN/v3/Batch_MGG2_79/B079AMD1362/metaphlan/B079AMD1362_metaphlan.tsv,s3://amili-global-archive/SHOTGUN/v3/Batch_MGG2_79/B079AMD1362/humann/B079AMD1362_pathabundance.tsv,s3://amili-global-archive/SHOTGUN/v3/Batch_MGG2_79/B079AMD1362/humann/B079AMD1362_reaction_ec.tsv,s3://amili-global-archive/SHOTGUN/v3/Batch_MGG2_79/B079AMD1362/humann/B079AMD1362_genefamilies.tsv,s3://amili-global-archive/SHOTGUN/v3/Batch_MGG2_79/B079AMD1362/humann/B079AMD1362_reaction_ko.tsv,s3://amili-analysis-lab/Macrogen/sequencing-data/Batch_MGG2_79-37samples/B079AMD1362_1.fastq.gz,s3://amili-analysis-lab/Macrogen/sequencing-data/Batch_MGG2_79-37samples/B079AMD1362_2.fastq.gz
B079AMD1362,MGG2_79,NNAGAHWCAHVJXPUB,KNMR-6887-P5C4,AMD1362,AMD,SHOTGUN,v3,s3://amili-global-archive/SHOTGUN/v3/batch_mgg2_79-37samples/B079AMD1362/kneaddata/B079AMD1362.fastq,s3://amili-global-archive/SHOTGUN/v3/batch_mgg2_79-37samples/B079AMD1362/kneaddata/B079AMD1362_stat.tsv,s3://amili-global-archive/SHOTGUN/v3/batch_mgg2_79-37samples/B079AMD1362/metaphlan/B079AMD1362_metaphlan.tsv,s3://amili-global-archive/SHOTGUN/v3/batch_mgg2_79-37samples/B079AMD1362/humann/B079AMD1362_pathabundance.tsv,s3://amili-global-archive/SHOTGUN/v3/batch_mgg2_79-37samples/B079AMD1362/humann/B079AMD1362_reaction_ec.tsv,s3://amili-global-archive/SHOTGUN/v3/batch_mgg2_79-37samples/B079AMD1362/humann/B079AMD1362_genefamilies.tsv,s3://amili-global-archive/SHOTGUN/v3/batch_mgg2_79-37samples/B079AMD1362/humann/B079AMD1362_reaction_ko.tsv,s3://amili-analysis-lab/Macrogen/sequencing-data/Batch_MGG2_79-37samples/B079AMD1362_1.fastq.gz,s3://amili-analysis-lab/Macrogen/sequencing-data/Batch_MGG2_79-37samples/B079AMD1362_2.fastq.gz
B079AMD1364,MGG2_79,XA3MZKMP6ZV4PCP7,GJ38-WS6R-3ZH8,AMD1364,AMD,SHOTGUN,v3,s3://amili-global-archive/SHOTGUN/v3/Batch_MGG2_79/B079AMD1364/kneaddata/B079AMD1364.fastq,s3://amili-global-archive/SHOTGUN/v3/Batch_MGG2_79/B079AMD1364/kneaddata/B079AMD1364_stat.tsv,s3://amili-global-archive/SHOTGUN/v3/Batch_MGG2_79/B079AMD1364/metaphlan/B079AMD1364_metaphlan.tsv,s3://amili-global-archive/SHOTGUN/v3/Batch_MGG2_79/B079AMD1364/humann/B079AMD1364_pathabundance.tsv,s3://amili-global-archive/SHOTGUN/v3/Batch_MGG2_79/B079AMD1364/humann/B079AMD1364_reaction_ec.tsv,s3://amili-global-archive/SHOTGUN/v3/Batch_MGG2_79/B079AMD1364/humann/B079AMD1364_genefamilies.tsv,s3://amili-global-archive/SHOTGUN/v3/Batch_MGG2_79/B079AMD1364/humann/B079AMD1364_reaction_ko.tsv,s3://amili-analysis-lab/Macrogen/sequencing-data/Batch_MGG2_79-37samples/B079AMD1364_1.fastq.gz,s3://amili-analysis-lab/Macrogen/sequencing-data/Batch_MGG2_79-37samples/B079AMD1364_2.fastq.gz
B079AMD1366,MGG2_79,EWCYCG3WQU8WYPJN,DUFX-ANJG-AHWJ,AMD1366,AMD,SHOTGUN,v3,s3://amili-global-archive/SHOTGUN/v3/Batch_MGG2_79/B079AMD1366/kneaddata/B079AMD1366.fastq,s3://amili-global-archive/SHOTGUN/v3/Batch_MGG2_79/B079AMD1366/kneaddata/B079AMD1366_stat.tsv,s3://amili-global-archive/SHOTGUN/v3/Batch_MGG2_79/B079AMD1366/metaphlan/B079AMD1366_metaphlan.tsv,s3://amili-global-archive/SHOTGUN/v3/Batch_MGG2_79/B079AMD1366/humann/B079AMD1366_pathabundance.tsv,s3://amili-global-archive/SHOTGUN/v3/Batch_MGG2_79/B079AMD1366/humann/B079AMD1366_reaction_ec.tsv,s3://amili-global-archive/SHOTGUN/v3/Batch_MGG2_79/B079AMD1366/humann/B079AMD1366_genefamilies.tsv,s3://amili-global-archive/SHOTGUN/v3/Batch_MGG2_79/B079AMD1366/humann/B079AMD1366_reaction_ko.tsv,s3://amili-analysis-lab/Macrogen/sequencing-data/Batch_MGG2_79-37samples/B079AMD1366_1.fastq.gz,s3://amili-analysis-lab/Macrogen/sequencing-data/Batch_MGG2_79-37samples/B079AMD1366_2.fastq.gz
B079AMD1367,MGG2_79,DKVXX2M9WBWCB8GB,T266-MMSA-X88B,AMD1367,AMD,SHOTGUN,v3,s3://amili-global-archive/SHOTGUN/v3/Batch_MGG2_79/B079AMD1367/kneaddata/B079AMD1367.fastq,s3://amili-global-archive/SHOTGUN/v3/Batch_MGG2_79/B079AMD1367/kneaddata/B079AMD1367_stat.tsv,s3://amili-global-archive/SHOTGUN/v3/Batch_MGG2_79/B079AMD1367/metaphlan/B079AMD1367_metaphlan.tsv,s3://amili-global-archive/SHOTGUN/v3/Batch_MGG2_79/B079AMD1367/humann/B079AMD1367_pathabundance.tsv,s3://amili-global-archive/SHOTGUN/v3/Batch_MGG2_79/B079AMD1367/humann/B079AMD1367_reaction_ec.tsv,s3://amili-global-archive/SHOTGUN/v3/Batch_MGG2_79/B079AMD1367/humann/B079AMD1367_genefamilies.tsv,s3://amili-global-archive/SHOTGUN/v3/Batch_MGG2_79/B079AMD1367/humann/B079AMD1367_reaction_ko.tsv,s3://amili-analysis-lab/Macrogen/sequencing-data/Batch_MGG2_79-37samples/B079AMD1367_1.fastq.gz,s3://amili-analysis-lab/Macrogen/sequencing-data/Batch_MGG2_79-37samples/B079AMD1367_2.fastq.gz
B079AMD1369,MGG2_79,NBEC4TGAP6ERVD4X,RZVQ-DAJ6-DSRN,AMD1369,AMD,SHOTGUN,v3,s3://amili-global-archive/SHOTGUN/v3/Batch_MGG2_79/B079AMD1369/kneaddata/B079AMD1369.fastq,s3://amili-global-archive/SHOTGUN/v3/Batch_MGG2_79/B079AMD1369/kneaddata/B079AMD1369_stat.tsv,s3://amili-global-archive/SHOTGUN/v3/Batch_MGG2_79/B079AMD1369/metaphlan/B079AMD1369_metaphlan.tsv,s3://amili-global-archive/SHOTGUN/v3/Batch_MGG2_79/B079AMD1369/humann/B079AMD1369_pathabundance.tsv,s3://amili-global-archive/SHOTGUN/v3/Batch_MGG2_79/B079AMD1369/humann/B079AMD1369_reaction_ec.tsv,s3://amili-global-archive/SHOTGUN/v3/Batch_MGG2_79/B079AMD1369/humann/B079AMD1369_genefamilies.tsv,s3://amili-global-archive/SHOTGUN/v3/Batch_MGG2_79/B079AMD1369/humann/B079AMD1369_reaction_ko.tsv,s3://amili-analysis-lab/Macrogen/sequencing-data/Batch_MGG2_79-37samples/B079AMD1369_1.fastq.gz,s3://amili-analysis-lab/Macrogen/sequencing-data/Batch_MGG2_79-37samples/B079AMD1369_2.fastq.gz
B079AMD1371,MGG2_79,K8U3ZWU3CYUJ9JGH,HYP2-698M-87AY,AMD1371,AMD,SHOTGUN,v3,s3://amili-global-archive/SHOTGUN/v3/Batch_MGG2_79/B079AMD1371/kneaddata/B079AMD1371.fastq,s3://amili-global-archive/SHOTGUN/v3/Batch_MGG2_79/B079AMD1371/kneaddata/B079AMD1371_stat.tsv,s3://amili-global-archive/SHOTGUN/v3/Batch_MGG2_79/B079AMD1371/metaphlan/B079AMD1371_metaphlan.tsv,s3://amili-global-archive/SHOTGUN/v3/Batch_MGG2_79/B079AMD1371/humann/B079AMD1371_pathabundance.tsv,s3://amili-global-archive/SHOTGUN/v3/Batch_MGG2_79/B079AMD1371/humann/B079AMD1371_reaction_ec.tsv,s3://amili-global-archive/SHOTGUN/v3/Batch_MGG2_79/B079AMD1371/humann/B079AMD1371_genefamilies.tsv,s3://amili-global-archive/SHOTGUN/v3/Batch_MGG2_79/B079AMD1371/humann/B079AMD1371_reaction_ko.tsv,s3://amili-analysis-lab/Macrogen/sequencing-data/Batch_MGG2_79-37samples/B079AMD1371_1.fastq.gz,s3://amili-analysis-lab/Macrogen/sequencing-data/Batch_MGG2_79-37samples/B079AMD1371_2.fastq.gz
B079AMD1377,MGG2_79,UZRTWZNXYA568N9D,AMSW-UM8J-VU6J,AMD1377,AMD,SHOTGUN,v3,s3://amili-global-archive/SHOTGUN/v3/Batch_MGG2_79/B079AMD1377/kneaddata/B079AMD1377.fastq,s3://amili-global-archive/SHOTGUN/v3/Batch_MGG2_79/B079AMD1377/kneaddata/B079AMD1377_stat.tsv,s3://amili-global-archive/SHOTGUN/v3/Batch_MGG2_79/B079AMD1377/metaphlan/B079AMD1377_metaphlan.tsv,s3://amili-global-archive/SHOTGUN/v3/Batch_MGG2_79/B079AMD1377/humann/B079AMD1377_pathabundance.tsv,s3://amili-global-archive/SHOTGUN/v3/Batch_MGG2_79/B079AMD1377/humann/B079AMD1377_reaction_ec.tsv,s3://amili-global-archive/SHOTGUN/v3/Batch_MGG2_79/B079AMD1377/humann/B079AMD1377_genefamilies.tsv,s3://amili-global-archive/SHOTGUN/v3/Batch_MGG2_79/B079AMD1377/humann/B079AMD1377_reaction_ko.tsv,s3://amili-analysis-lab/Macrogen/sequencing-data/Batch_MGG2_79-37samples/B079AMD1377_1.fastq.gz,s3://amili-analysis-lab/Macrogen/sequencing-data/Batch_MGG2_79-37samples/B079AMD1377_2.fastq.gz
B079AMD1387,MGG2_79,BAYDHGD3P25HEES7,HXS4-6B27-RV9Y,AMD1387,AMD,SHOTGUN,v3,s3://amili-global-archive/SHOTGUN/v3/Batch_MGG2_79/B079AMD1387/kneaddata/B079AMD1387.fastq,s3://amili-global-archive/SHOTGUN/v3/Batch_MGG2_79/B079AMD1387/kneaddata/B079AMD1387_stat.tsv,s3://amili-global-archive/SHOTGUN/v3/Batch_MGG2_79/B079AMD1387/metaphlan/B079AMD1387_metaphlan.tsv,s3://amili-global-archive/SHOTGUN/v3/Batch_MGG2_79/B079AMD1387/humann/B079AMD1387_pathabundance.tsv,s3://amili-global-archive/SHOTGUN/v3/Batch_MGG2_79/B079AMD1387/humann/B079AMD1387_reaction_ec.tsv,s3://amili-global-archive/SHOTGUN/v3/Batch_MGG2_79/B079AMD1387/humann/B079AMD1387_genefamilies.tsv,s3://amili-global-archive/SHOTGUN/v3/Batch_MGG2_79/B079AMD1387/humann/B079AMD1387_reaction_ko.tsv,s3://amili-analysis-lab/Macrogen/sequencing-data/Batch_MGG2_79-37samples/B079AMD1387_1.fastq.gz,s3://amili-analysis-lab/Macrogen/sequencing-data/Batch_MGG2_79-37samples/B079AMD1387_2.fastq.gz
B079AMD1387,MGG2_79,BAYDHGD3P25HEES7,HXS4-6B27-RV9Y,AMD1387,AMD,SHOTGUN,v3,s3://amili-global-archive/SHOTGUN/v3/batch_mgg2_79-37samples/B079AMD1387/kneaddata/B079AMD1387.fastq,s3://amili-global-archive/SHOTGUN/v3/batch_mgg2_79-37samples/B079AMD1387/kneaddata/B079AMD1387_stat.tsv,s3://amili-global-archive/SHOTGUN/v3/batch_mgg2_79-37samples/B079AMD1387/metaphlan/B079AMD1387_metaphlan.tsv,s3://amili-global-archive/SHOTGUN/v3/batch_mgg2_79-37samples/B079AMD1387/humann/B079AMD1387_pathabundance.tsv,s3://amili-global-archive/SHOTGUN/v3/batch_mgg2_79-37samples/B079AMD1387/humann/B079AMD1387_reaction_ec.tsv,s3://amili-global-archive/SHOTGUN/v3/batch_mgg2_79-37samples/B079AMD1387/humann/B079AMD1387_genefamilies.tsv,s3://amili-global-archive/SHOTGUN/v3/batch_mgg2_79-37samples/B079AMD1387/humann/B079AMD1387_reaction_ko.tsv,s3://amili-analysis-lab/Macrogen/sequencing-data/Batch_MGG2_79-37samples/B079AMD1387_1.fastq.gz,s3://amili-analysis-lab/Macrogen/sequencing-data/Batch_MGG2_79-37samples/B079AMD1387_2.fastq.gz
B079AMD1388,MGG2_79,GTN2PH69K8AM287E,5DDW-KM2J-9NP5,AMD1388,AMD,SHOTGUN,v3,s3://amili-global-archive/SHOTGUN/v3/Batch_MGG2_79/B079AMD1388/kneaddata/B079AMD1388.fastq,s3://amili-global-archive/SHOTGUN/v3/Batch_MGG2_79/B079AMD1388/kneaddata/B079AMD1388_stat.tsv,s3://amili-global-archive/SHOTGUN/v3/Batch_MGG2_79/B079AMD1388/metaphlan/B079AMD1388_metaphlan.tsv,s3://amili-global-archive/SHOTGUN/v3/Batch_MGG2_79/B079AMD1388/humann/B079AMD1388_pathabundance.tsv,s3://amili-global-archive/SHOTGUN/v3/Batch_MGG2_79/B079AMD1388/humann/B079AMD1388_reaction_ec.tsv,s3://amili-global-archive/SHOTGUN/v3/Batch_MGG2_79/B079AMD1388/humann/B079AMD1388_genefamilies.tsv,s3://amili-global-archive/SHOTGUN/v3/Batch_MGG2_79/B079AMD1388/humann/B079AMD1388_reaction_ko.tsv,s3://amili-analysis-lab/Macrogen/sequencing-data/Batch_MGG2_79-37samples/B079AMD1388_1.fastq.gz,s3://amili-analysis-lab/Macrogen/sequencing-data/Batch_MGG2_79-37samples/B079AMD1388_2.fastq.gz
B079AMD1392,MGG2_79,YWBABR4RW843A9NW,X62P-BG9G-T7GC,AMD1392,AMD,SHOTGUN,v3,s3://amili-global-archive/SHOTGUN/v3/Batch_MGG2_79/B079AMD1392/kneaddata/B079AMD1392.fastq,s3://amili-global-archive/SHOTGUN/v3/Batch_MGG2_79/B079AMD1392/kneaddata/B079AMD1392_stat.tsv,s3://amili-global-archive/SHOTGUN/v3/Batch_MGG2_79/B079AMD1392/metaphlan/B079AMD1392_metaphlan.tsv,s3://amili-global-archive/SHOTGUN/v3/Batch_MGG2_79/B079AMD1392/humann/B079AMD1392_pathabundance.tsv,s3://amili-global-archive/SHOTGUN/v3/Batch_MGG2_79/B079AMD1392/humann/B079AMD1392_reaction_ec.tsv,s3://amili-global-archive/SHOTGUN/v3/Batch_MGG2_79/B079AMD1392/humann/B079AMD1392_genefamilies.tsv,s3://amili-global-archive/SHOTGUN/v3/Batch_MGG2_79/B079AMD1392/humann/B079AMD1392_reaction_ko.tsv,s3://amili-analysis-lab/Macrogen/sequencing-data/Batch_MGG2_79-37samples/B079AMD1392_1.fastq.gz,s3://amili-analysis-lab/Macrogen/sequencing-data/Batch_MGG2_79-37samples/B079AMD1392_2.fastq.gz
B079AMD1393,MGG2_79,KJUFQ3Q4QAP8Q7AZ,RKAE-SWDG-4TKW,AMD1393,AMD,SHOTGUN,v3,s3://amili-global-archive/SHOTGUN/v3/Batch_MGG2_79/B079AMD1393/kneaddata/B079AMD1393.fastq,s3://amili-global-archive/SHOTGUN/v3/Batch_MGG2_79/B079AMD1393/kneaddata/B079AMD1393_stat.tsv,s3://amili-global-archive/SHOTGUN/v3/Batch_MGG2_79/B079AMD1393/metaphlan/B079AMD1393_metaphlan.tsv,s3://amili-global-archive/SHOTGUN/v3/Batch_MGG2_79/B079AMD1393/humann/B079AMD1393_pathabundance.tsv,s3://amili-global-archive/SHOTGUN/v3/Batch_MGG2_79/B079AMD1393/humann/B079AMD1393_reaction_ec.tsv,s3://amili-global-archive/SHOTGUN/v3/Batch_MGG2_79/B079AMD1393/humann/B079AMD1393_genefamilies.tsv,s3://amili-global-archive/SHOTGUN/v3/Batch_MGG2_79/B079AMD1393/humann/B079AMD1393_reaction_ko.tsv,s3://amili-analysis-lab/Macrogen/sequencing-data/Batch_MGG2_79-37samples/B079AMD1393_1.fastq.gz,s3://amili-analysis-lab/Macrogen/sequencing-data/Batch_MGG2_79-37samples/B079AMD1393_2.fastq.gz
B008AMD0878,MGG2_8,,AMDJ-7SHZ-UZFR,AMD0878,AMD,SHOTGUN,v3,s3://amili-global-archive/SHOTGUN/v3/Batch_MGG2_8/B008AMD0878/kneaddata/B008AMD0878.fastq,s3://amili-global-archive/SHOTGUN/v3/Batch_MGG2_8/B008AMD0878/kneaddata/B008AMD0878_stat.tsv,s3://amili-global-archive/SHOTGUN/v3/Batch_MGG2_8/B008AMD0878/metaphlan/B008AMD0878_metaphlan.tsv,s3://amili-global-archive/SHOTGUN/v3/Batch_MGG2_8/B008AMD0878/humann/B008AMD0878_pathabundance.tsv,s3://amili-global-archive/SHOTGUN/v3/Batch_MGG2_8/B008AMD0878/humann/B008AMD0878_reaction_ec.tsv,s3://amili-global-archive/SHOTGUN/v3/Batch_MGG2_8/B008AMD0878/humann/B008AMD0878_genefamilies.tsv,s3://amili-global-archive/SHOTGUN/v3/Batch_MGG2_8/B008AMD0878/humann/B008AMD0878_reaction_ko.tsv,s3://amili-analysis-lab/Macrogen/sequencing-data/Batch_MGG2_8-38samples/B008AMD0878_1.fastq.gz,s3://amili-analysis-lab/Macrogen/sequencing-data/Batch_MGG2_8-38samples/B008AMD0878_2.fastq.gz
B008AMD0878,MGG2_8,,AMDJ-7SHZ-UZFR,AMD0878,AMD,SHOTGUN,v3,s3://amili-global-archive/SHOTGUN/v3/batch_mgg2_8-38samples/B008AMD0878/kneaddata/B008AMD0878.fastq,s3://amili-global-archive/SHOTGUN/v3/batch_mgg2_8-38samples/B008AMD0878/kneaddata/B008AMD0878_stat.tsv,s3://amili-global-archive/SHOTGUN/v3/batch_mgg2_8-38samples/B008AMD0878/metaphlan/B008AMD0878_metaphlan.tsv,s3://amili-global-archive/SHOTGUN/v3/batch_mgg2_8-38samples/B008AMD0878/humann/B008AMD0878_pathabundance.tsv,s3://amili-global-archive/SHOTGUN/v3/batch_mgg2_8-38samples/B008AMD0878/humann/B008AMD0878_reaction_ec.tsv,s3://amili-global-archive/SHOTGUN/v3/batch_mgg2_8-38samples/B008AMD0878/humann/B008AMD0878_genefamilies.tsv,s3://amili-global-archive/SHOTGUN/v3/batch_mgg2_8-38samples/B008AMD0878/humann/B008AMD0878_reaction_ko.tsv,s3://amili-analysis-lab/Macrogen/sequencing-data/Batch_MGG2_8-38samples/B008AMD0878_1.fastq.gz,s3://amili-analysis-lab/Macrogen/sequencing-data/Batch_MGG2_8-38samples/B008AMD0878_2.fastq.gz
B008AMD0885,MGG2_8,,AMDJ-3Y7H-HE5P,AMD0885,AMD,SHOTGUN,v3,s3://amili-global-archive/SHOTGUN/v3/Batch_MGG2_8/B008AMD0885/kneaddata/B008AMD0885.fastq,s3://amili-global-archive/SHOTGUN/v3/Batch_MGG2_8/B008AMD0885/kneaddata/B008AMD0885_stat.tsv,s3://amili-global-archive/SHOTGUN/v3/Batch_MGG2_8/B008AMD0885/metaphlan/B008AMD0885_metaphlan.tsv,s3://amili-global-archive/SHOTGUN/v3/Batch_MGG2_8/B008AMD0885/humann/B008AMD0885_pathabundance.tsv,s3://amili-global-archive/SHOTGUN/v3/Batch_MGG2_8/B008AMD0885/humann/B008AMD0885_reaction_ec.tsv,s3://amili-global-archive/SHOTGUN/v3/Batch_MGG2_8/B008AMD0885/humann/B008AMD0885_genefamilies.tsv,s3://amili-global-archive/SHOTGUN/v3/Batch_MGG2_8/B008AMD0885/humann/B008AMD0885_reaction_ko.tsv,s3://amili-analysis-lab/Macrogen/sequencing-data/Batch_MGG2_8-38samples/B008AMD0885_1.fastq.gz,s3://amili-analysis-lab/Macrogen/sequencing-data/Batch_MGG2_8-38samples/B008AMD0885_2.fastq.gz
B008AMD0893,MGG2_8,,AMDJ-PW24-CYGJ,AMD0893,AMD,SHOTGUN,v3,s3://amili-global-archive/SHOTGUN/v3/Batch_MGG2_8/B008AMD0893/kneaddata/B008AMD0893.fastq,s3://amili-global-archive/SHOTGUN/v3/Batch_MGG2_8/B008AMD0893/kneaddata/B008AMD0893_stat.tsv,s3://amili-global-archive/SHOTGUN/v3/Batch_MGG2_8/B008AMD0893/metaphlan/B008AMD0893_metaphlan.tsv,s3://amili-global-archive/SHOTGUN/v3/Batch_MGG2_8/B008AMD0893/humann/B008AMD0893_pathabundance.tsv,s3://amili-global-archive/SHOTGUN/v3/Batch_MGG2_8/B008AMD0893/humann/B008AMD0893_reaction_ec.tsv,s3://amili-global-archive/SHOTGUN/v3/Batch_MGG2_8/B008AMD0893/humann/B008AMD0893_genefamilies.tsv,s3://amili-global-archive/SHOTGUN/v3/Batch_MGG2_8/B008AMD0893/humann/B008AMD0893_reaction_ko.tsv,s3://amili-analysis-lab/Macrogen/sequencing-data/Batch_MGG2_8-38samples/B008AMD0893_1.fastq.gz,s3://amili-analysis-lab/Macrogen/sequencing-data/Batch_MGG2_8-38samples/B008AMD0893_2.fastq.gz
B008AMD0895,MGG2_8,,AMDJ-JZCD-MZYQ,AMD0895,AMD,SHOTGUN,v3,s3://amili-global-archive/SHOTGUN/v3/Batch_MGG2_8/B008AMD0895/kneaddata/B008AMD0895.fastq,s3://amili-global-archive/SHOTGUN/v3/Batch_MGG2_8/B008AMD0895/kneaddata/B008AMD0895_stat.tsv,s3://amili-global-archive/SHOTGUN/v3/Batch_MGG2_8/B008AMD0895/metaphlan/B008AMD0895_metaphlan.tsv,s3://amili-global-archive/SHOTGUN/v3/Batch_MGG2_8/B008AMD0895/humann/B008AMD0895_pathabundance.tsv,s3://amili-global-archive/SHOTGUN/v3/Batch_MGG2_8/B008AMD0895/humann/B008AMD0895_reaction_ec.tsv,s3://amili-global-archive/SHOTGUN/v3/Batch_MGG2_8/B008AMD0895/humann/B008AMD0895_genefamilies.tsv,s3://amili-global-archive/SHOTGUN/v3/Batch_MGG2_8/B008AMD0895/humann/B008AMD0895_reaction_ko.tsv,s3://amili-analysis-lab/Macrogen/sequencing-data/Batch_MGG2_8-38samples/B008AMD0895_1.fastq.gz,s3://amili-analysis-lab/Macrogen/sequencing-data/Batch_MGG2_8-38samples/B008AMD0895_2.fastq.gz
B008AMD0896,MGG2_8,,AMDJ-2E34-VJJG,AMD0896,AMD,SHOTGUN,v3,s3://amili-global-archive/SHOTGUN/v3/Batch_MGG2_8/B008AMD0896/kneaddata/B008AMD0896.fastq,s3://amili-global-archive/SHOTGUN/v3/Batch_MGG2_8/B008AMD0896/kneaddata/B008AMD0896_stat.tsv,s3://amili-global-archive/SHOTGUN/v3/Batch_MGG2_8/B008AMD0896/metaphlan/B008AMD0896_metaphlan.tsv,s3://amili-global-archive/SHOTGUN/v3/Batch_MGG2_8/B008AMD0896/humann/B008AMD0896_pathabundance.tsv,s3://amili-global-archive/SHOTGUN/v3/Batch_MGG2_8/B008AMD0896/humann/B008AMD0896_reaction_ec.tsv,s3://amili-global-archive/SHOTGUN/v3/Batch_MGG2_8/B008AMD0896/humann/B008AMD0896_genefamilies.tsv,s3://amili-global-archive/SHOTGUN/v3/Batch_MGG2_8/B008AMD0896/humann/B008AMD0896_reaction_ko.tsv,s3://amili-analysis-lab/Macrogen/sequencing-data/Batch_MGG2_8-38samples/B008AMD0896_1.fastq.gz,s3://amili-analysis-lab/Macrogen/sequencing-data/Batch_MGG2_8-38samples/B008AMD0896_2.fastq.gz
B008AMD0897,MGG2_8,,AMDJ-SVTP-MMP5,AMD0897,AMD,SHOTGUN,v3,s3://amili-global-archive/SHOTGUN/v3/Batch_MGG2_8/B008AMD0897/kneaddata/B008AMD0897.fastq,s3://amili-global-archive/SHOTGUN/v3/Batch_MGG2_8/B008AMD0897/kneaddata/B008AMD0897_stat.tsv,s3://amili-global-archive/SHOTGUN/v3/Batch_MGG2_8/B008AMD0897/metaphlan/B008AMD0897_metaphlan.tsv,s3://amili-global-archive/SHOTGUN/v3/Batch_MGG2_8/B008AMD0897/humann/B008AMD0897_pathabundance.tsv,s3://amili-global-archive/SHOTGUN/v3/Batch_MGG2_8/B008AMD0897/humann/B008AMD0897_reaction_ec.tsv,s3://amili-global-archive/SHOTGUN/v3/Batch_MGG2_8/B008AMD0897/humann/B008AMD0897_genefamilies.tsv,s3://amili-global-archive/SHOTGUN/v3/Batch_MGG2_8/B008AMD0897/humann/B008AMD0897_reaction_ko.tsv,s3://amili-analysis-lab/Macrogen/sequencing-data/Batch_MGG2_8-38samples/B008AMD0897_1.fastq.gz,s3://amili-analysis-lab/Macrogen/sequencing-data/Batch_MGG2_8-38samples/B008AMD0897_2.fastq.gz
B008AMD0902,MGG2_8,,P2NO-Z57U-ZD46,AMD0902,AMD,SHOTGUN,v3,s3://amili-global-archive/SHOTGUN/v3/Batch_MGG2_8/B008AMD0902/kneaddata/B008AMD0902.fastq,s3://amili-global-archive/SHOTGUN/v3/Batch_MGG2_8/B008AMD0902/kneaddata/B008AMD0902_stat.tsv,s3://amili-global-archive/SHOTGUN/v3/Batch_MGG2_8/B008AMD0902/metaphlan/B008AMD0902_metaphlan.tsv,s3://amili-global-archive/SHOTGUN/v3/Batch_MGG2_8/B008AMD0902/humann/B008AMD0902_pathabundance.tsv,s3://amili-global-archive/SHOTGUN/v3/Batch_MGG2_8/B008AMD0902/humann/B008AMD0902_reaction_ec.tsv,s3://amili-global-archive/SHOTGUN/v3/Batch_MGG2_8/B008AMD0902/humann/B008AMD0902_genefamilies.tsv,s3://amili-global-archive/SHOTGUN/v3/Batch_MGG2_8/B008AMD0902/humann/B008AMD0902_reaction_ko.tsv,s3://amili-analysis-lab/Macrogen/sequencing-data/Batch_MGG2_8-38samples/B008AMD0902_1.fastq.gz,s3://amili-analysis-lab/Macrogen/sequencing-data/Batch_MGG2_8-38samples/B008AMD0902_2.fastq.gz
B008AMD0907,MGG2_8,,5IRH-JBBV-H5V3,AMD0907,AMD,SHOTGUN,v3,s3://amili-global-archive/SHOTGUN/v3/Batch_MGG2_8/B008AMD0907/kneaddata/B008AMD0907.fastq,s3://amili-global-archive/SHOTGUN/v3/Batch_MGG2_8/B008AMD0907/kneaddata/B008AMD0907_stat.tsv,s3://amili-global-archive/SHOTGUN/v3/Batch_MGG2_8/B008AMD0907/metaphlan/B008AMD0907_metaphlan.tsv,s3://amili-global-archive/SHOTGUN/v3/Batch_MGG2_8/B008AMD0907/humann/B008AMD0907_pathabundance.tsv,s3://amili-global-archive/SHOTGUN/v3/Batch_MGG2_8/B008AMD0907/humann/B008AMD0907_reaction_ec.tsv,s3://amili-global-archive/SHOTGUN/v3/Batch_MGG2_8/B008AMD0907/humann/B008AMD0907_genefamilies.tsv,s3://amili-global-archive/SHOTGUN/v3/Batch_MGG2_8/B008AMD0907/humann/B008AMD0907_reaction_ko.tsv,s3://amili-analysis-lab/Macrogen/sequencing-data/Batch_MGG2_8-38samples/B008AMD0907_1.fastq.gz,s3://amili-analysis-lab/Macrogen/sequencing-data/Batch_MGG2_8-38samples/B008AMD0907_2.fastq.gz
B008AMD0909,MGG2_8,,UI82-X9FH-5FSI,AMD0909,AMD,SHOTGUN,v3,s3://amili-global-archive/SHOTGUN/v3/Batch_MGG2_8/B008AMD0909/kneaddata/B008AMD0909.fastq,s3://amili-global-archive/SHOTGUN/v3/Batch_MGG2_8/B008AMD0909/kneaddata/B008AMD0909_stat.tsv,s3://amili-global-archive/SHOTGUN/v3/Batch_MGG2_8/B008AMD0909/metaphlan/B008AMD0909_metaphlan.tsv,s3://amili-global-archive/SHOTGUN/v3/Batch_MGG2_8/B008AMD0909/humann/B008AMD0909_pathabundance.tsv,s3://amili-global-archive/SHOTGUN/v3/Batch_MGG2_8/B008AMD0909/humann/B008AMD0909_reaction_ec.tsv,s3://amili-global-archive/SHOTGUN/v3/Batch_MGG2_8/B008AMD0909/humann/B008AMD0909_genefamilies.tsv,s3://amili-global-archive/SHOTGUN/v3/Batch_MGG2_8/B008AMD0909/humann/B008AMD0909_reaction_ko.tsv,s3://amili-analysis-lab/Macrogen/sequencing-data/Batch_MGG2_8-38samples/B008AMD0909_1.fastq.gz,s3://amili-analysis-lab/Macrogen/sequencing-data/Batch_MGG2_8-38samples/B008AMD0909_2.fastq.gz
B008AMD0910,MGG2_8,,A9UA-FVQ2-QTI6,AMD0910,AMD,SHOTGUN,v3,s3://amili-global-archive/SHOTGUN/v3/Batch_MGG2_8/B008AMD0910/kneaddata/B008AMD0910.fastq,s3://amili-global-archive/SHOTGUN/v3/Batch_MGG2_8/B008AMD0910/kneaddata/B008AMD0910_stat.tsv,s3://amili-global-archive/SHOTGUN/v3/Batch_MGG2_8/B008AMD0910/metaphlan/B008AMD0910_metaphlan.tsv,s3://amili-global-archive/SHOTGUN/v3/Batch_MGG2_8/B008AMD0910/humann/B008AMD0910_pathabundance.tsv,s3://amili-global-archive/SHOTGUN/v3/Batch_MGG2_8/B008AMD0910/humann/B008AMD0910_reaction_ec.tsv,s3://amili-global-archive/SHOTGUN/v3/Batch_MGG2_8/B008AMD0910/humann/B008AMD0910_genefamilies.tsv,s3://amili-global-archive/SHOTGUN/v3/Batch_MGG2_8/B008AMD0910/humann/B008AMD0910_reaction_ko.tsv,s3://amili-analysis-lab/Macrogen/sequencing-data/Batch_MGG2_8-38samples/B008AMD0910_1.fastq.gz,s3://amili-analysis-lab/Macrogen/sequencing-data/Batch_MGG2_8-38samples/B008AMD0910_2.fastq.gz
B008AMD0911,MGG2_8,,T2SM-2XXI-K6N4,AMD0911,AMD,SHOTGUN,v3,s3://amili-global-archive/SHOTGUN/v3/Batch_MGG2_8/B008AMD0911/kneaddata/B008AMD0911.fastq,s3://amili-global-archive/SHOTGUN/v3/Batch_MGG2_8/B008AMD0911/kneaddata/B008AMD0911_stat.tsv,s3://amili-global-archive/SHOTGUN/v3/Batch_MGG2_8/B008AMD0911/metaphlan/B008AMD0911_metaphlan.tsv,s3://amili-global-archive/SHOTGUN/v3/Batch_MGG2_8/B008AMD0911/humann/B008AMD0911_pathabundance.tsv,s3://amili-global-archive/SHOTGUN/v3/Batch_MGG2_8/B008AMD0911/humann/B008AMD0911_reaction_ec.tsv,s3://amili-global-archive/SHOTGUN/v3/Batch_MGG2_8/B008AMD0911/humann/B008AMD0911_genefamilies.tsv,s3://amili-global-archive/SHOTGUN/v3/Batch_MGG2_8/B008AMD0911/humann/B008AMD0911_reaction_ko.tsv,s3://amili-analysis-lab/Macrogen/sequencing-data/Batch_MGG2_8-38samples/B008AMD0911_1.fastq.gz,s3://amili-analysis-lab/Macrogen/sequencing-data/Batch_MGG2_8-38samples/B008AMD0911_2.fastq.gz
B008AMD0913,MGG2_8,,65QU-HSV4-4E71,AMD0913,AMD,SHOTGUN,v3,s3://amili-global-archive/SHOTGUN/v3/Batch_MGG2_8/B008AMD0913/kneaddata/B008AMD0913.fastq,s3://amili-global-archive/SHOTGUN/v3/Batch_MGG2_8/B008AMD0913/kneaddata/B008AMD0913_stat.tsv,s3://amili-global-archive/SHOTGUN/v3/Batch_MGG2_8/B008AMD0913/metaphlan/B008AMD0913_metaphlan.tsv,s3://amili-global-archive/SHOTGUN/v3/Batch_MGG2_8/B008AMD0913/humann/B008AMD0913_pathabundance.tsv,s3://amili-global-archive/SHOTGUN/v3/Batch_MGG2_8/B008AMD0913/humann/B008AMD0913_reaction_ec.tsv,s3://amili-global-archive/SHOTGUN/v3/Batch_MGG2_8/B008AMD0913/humann/B008AMD0913_genefamilies.tsv,s3://amili-global-archive/SHOTGUN/v3/Batch_MGG2_8/B008AMD0913/humann/B008AMD0913_reaction_ko.tsv,s3://amili-analysis-lab/Macrogen/sequencing-data/Batch_MGG2_8-38samples/B008AMD0913_1.fastq.gz,s3://amili-analysis-lab/Macrogen/sequencing-data/Batch_MGG2_8-38samples/B008AMD0913_2.fastq.gz
B008AMD0914,MGG2_8,,839E-BE67-XON2,AMD0914,AMD,SHOTGUN,v3,s3://amili-global-archive/SHOTGUN/v3/Batch_MGG2_8/B008AMD0914/kneaddata/B008AMD0914.fastq,s3://amili-global-archive/SHOTGUN/v3/Batch_MGG2_8/B008AMD0914/kneaddata/B008AMD0914_stat.tsv,s3://amili-global-archive/SHOTGUN/v3/Batch_MGG2_8/B008AMD0914/metaphlan/B008AMD0914_metaphlan.tsv,s3://amili-global-archive/SHOTGUN/v3/Batch_MGG2_8/B008AMD0914/humann/B008AMD0914_pathabundance.tsv,s3://amili-global-archive/SHOTGUN/v3/Batch_MGG2_8/B008AMD0914/humann/B008AMD0914_reaction_ec.tsv,s3://amili-global-archive/SHOTGUN/v3/Batch_MGG2_8/B008AMD0914/humann/B008AMD0914_genefamilies.tsv,s3://amili-global-archive/SHOTGUN/v3/Batch_MGG2_8/B008AMD0914/humann/B008AMD0914_reaction_ko.tsv,s3://amili-analysis-lab/Macrogen/sequencing-data/Batch_MGG2_8-38samples/B008AMD0914_1.fastq.gz,s3://amili-analysis-lab/Macrogen/sequencing-data/Batch_MGG2_8-38samples/B008AMD0914_2.fastq.gz
B008AMD0915,MGG2_8,,K7X7-U198-3DDB,AMD0915,AMD,SHOTGUN,v3,s3://amili-global-archive/SHOTGUN/v3/Batch_MGG2_8/B008AMD0915/kneaddata/B008AMD0915.fastq,s3://amili-global-archive/SHOTGUN/v3/Batch_MGG2_8/B008AMD0915/kneaddata/B008AMD0915_stat.tsv,s3://amili-global-archive/SHOTGUN/v3/Batch_MGG2_8/B008AMD0915/metaphlan/B008AMD0915_metaphlan.tsv,s3://amili-global-archive/SHOTGUN/v3/Batch_MGG2_8/B008AMD0915/humann/B008AMD0915_pathabundance.tsv,s3://amili-global-archive/SHOTGUN/v3/Batch_MGG2_8/B008AMD0915/humann/B008AMD0915_reaction_ec.tsv,s3://amili-global-archive/SHOTGUN/v3/Batch_MGG2_8/B008AMD0915/humann/B008AMD0915_genefamilies.tsv,s3://amili-global-archive/SHOTGUN/v3/Batch_MGG2_8/B008AMD0915/humann/B008AMD0915_reaction_ko.tsv,s3://amili-analysis-lab/Macrogen/sequencing-data/Batch_MGG2_8-38samples/B008AMD0915_1.fastq.gz,s3://amili-analysis-lab/Macrogen/sequencing-data/Batch_MGG2_8-38samples/B008AMD0915_2.fastq.gz
B008AMD0919,MGG2_8,,PFZJ-OKU9-KSXT,AMD0919,AMD,SHOTGUN,v3,s3://amili-global-archive/SHOTGUN/v3/Batch_MGG2_8/B008AMD0919/kneaddata/B008AMD0919.fastq,s3://amili-global-archive/SHOTGUN/v3/Batch_MGG2_8/B008AMD0919/kneaddata/B008AMD0919_stat.tsv,s3://amili-global-archive/SHOTGUN/v3/Batch_MGG2_8/B008AMD0919/metaphlan/B008AMD0919_metaphlan.tsv,s3://amili-global-archive/SHOTGUN/v3/Batch_MGG2_8/B008AMD0919/humann/B008AMD0919_pathabundance.tsv,s3://amili-global-archive/SHOTGUN/v3/Batch_MGG2_8/B008AMD0919/humann/B008AMD0919_reaction_ec.tsv,s3://amili-global-archive/SHOTGUN/v3/Batch_MGG2_8/B008AMD0919/humann/B008AMD0919_genefamilies.tsv,s3://amili-global-archive/SHOTGUN/v3/Batch_MGG2_8/B008AMD0919/humann/B008AMD0919_reaction_ko.tsv,s3://amili-analysis-lab/Macrogen/sequencing-data/Batch_MGG2_8-38samples/B008AMD0919_1.fastq.gz,s3://amili-analysis-lab/Macrogen/sequencing-data/Batch_MGG2_8-38samples/B008AMD0919_2.fastq.gz
B008AMD0919,MGG2_8,,PFZJ-OKU9-KSXT,AMD0919,AMD,SHOTGUN,v3,s3://amili-global-archive/SHOTGUN/v3/batch_mgg2_8-38samples/B008AMD0919/kneaddata/B008AMD0919.fastq,s3://amili-global-archive/SHOTGUN/v3/batch_mgg2_8-38samples/B008AMD0919/kneaddata/B008AMD0919_stat.tsv,s3://amili-global-archive/SHOTGUN/v3/batch_mgg2_8-38samples/B008AMD0919/metaphlan/B008AMD0919_metaphlan.tsv,s3://amili-global-archive/SHOTGUN/v3/batch_mgg2_8-38samples/B008AMD0919/humann/B008AMD0919_pathabundance.tsv,s3://amili-global-archive/SHOTGUN/v3/batch_mgg2_8-38samples/B008AMD0919/humann/B008AMD0919_reaction_ec.tsv,s3://amili-global-archive/SHOTGUN/v3/batch_mgg2_8-38samples/B008AMD0919/humann/B008AMD0919_genefamilies.tsv,s3://amili-global-archive/SHOTGUN/v3/batch_mgg2_8-38samples/B008AMD0919/humann/B008AMD0919_reaction_ko.tsv,s3://amili-analysis-lab/Macrogen/sequencing-data/Batch_MGG2_8-38samples/B008AMD0919_1.fastq.gz,s3://amili-analysis-lab/Macrogen/sequencing-data/Batch_MGG2_8-38samples/B008AMD0919_2.fastq.gz
B080AMD1396,MGG2_80,Z39JGANGVVZBMBVS,KTJB-9ZSR-GDE3,AMD1396,AMD,SHOTGUN,v3,s3://amili-global-archive/SHOTGUN/v3/Batch_MGG2_80/B080AMD1396/kneaddata/B080AMD1396.fastq,s3://amili-global-archive/SHOTGUN/v3/Batch_MGG2_80/B080AMD1396/kneaddata/B080AMD1396_stat.tsv,s3://amili-global-archive/SHOTGUN/v3/Batch_MGG2_80/B080AMD1396/metaphlan/B080AMD1396_metaphlan.tsv,s3://amili-global-archive/SHOTGUN/v3/Batch_MGG2_80/B080AMD1396/humann/B080AMD1396_pathabundance.tsv,s3://amili-global-archive/SHOTGUN/v3/Batch_MGG2_80/B080AMD1396/humann/B080AMD1396_reaction_ec.tsv,s3://amili-global-archive/SHOTGUN/v3/Batch_MGG2_80/B080AMD1396/humann/B080AMD1396_genefamilies.tsv,s3://amili-global-archive/SHOTGUN/v3/Batch_MGG2_80/B080AMD1396/humann/B080AMD1396_reaction_ko.tsv,s3://amili-analysis-lab/Macrogen/sequencing-data/Batch_MGG2_80-40samples/B080AMD1396_1.fastq.gz,s3://amili-analysis-lab/Macrogen/sequencing-data/Batch_MGG2_80-40samples/B080AMD1396_2.fastq.gz
B080AMD1396,MGG2_80,Z39JGANGVVZBMBVS,KTJB-9ZSR-GDE3,AMD1396,AMD,SHOTGUN,v3,s3://amili-global-archive/SHOTGUN/v3/batch_mgg2_80-40samples/B080AMD1396/kneaddata/B080AMD1396.fastq,s3://amili-global-archive/SHOTGUN/v3/batch_mgg2_80-40samples/B080AMD1396/kneaddata/B080AMD1396_stat.tsv,s3://amili-global-archive/SHOTGUN/v3/batch_mgg2_80-40samples/B080AMD1396/metaphlan/B080AMD1396_metaphlan.tsv,s3://amili-global-archive/SHOTGUN/v3/batch_mgg2_80-40samples/B080AMD1396/humann/B080AMD1396_pathabundance.tsv,s3://amili-global-archive/SHOTGUN/v3/batch_mgg2_80-40samples/B080AMD1396/humann/B080AMD1396_reaction_ec.tsv,s3://amili-global-archive/SHOTGUN/v3/batch_mgg2_80-40samples/B080AMD1396/humann/B080AMD1396_genefamilies.tsv,s3://amili-global-archive/SHOTGUN/v3/batch_mgg2_80-40samples/B080AMD1396/humann/B080AMD1396_reaction_ko.tsv,s3://amili-analysis-lab/Macrogen/sequencing-data/Batch_MGG2_80-40samples/B080AMD1396_1.fastq.gz,s3://amili-analysis-lab/Macrogen/sequencing-data/Batch_MGG2_80-40samples/B080AMD1396_2.fastq.gz
B080AMD1397,MGG2_80,A3B288TZN3URY8JJ,SRJ7-R6R2-ZCUC,AMD1397,AMD,SHOTGUN,v3,s3://amili-global-archive/SHOTGUN/v3/Batch_MGG2_80/B080AMD1397/kneaddata/B080AMD1397.fastq,s3://amili-global-archive/SHOTGUN/v3/Batch_MGG2_80/B080AMD1397/kneaddata/B080AMD1397_stat.tsv,s3://amili-global-archive/SHOTGUN/v3/Batch_MGG2_80/B080AMD1397/metaphlan/B080AMD1397_metaphlan.tsv,s3://amili-global-archive/SHOTGUN/v3/Batch_MGG2_80/B080AMD1397/humann/B080AMD1397_pathabundance.tsv,s3://amili-global-archive/SHOTGUN/v3/Batch_MGG2_80/B080AMD1397/humann/B080AMD1397_reaction_ec.tsv,s3://amili-global-archive/SHOTGUN/v3/Batch_MGG2_80/B080AMD1397/humann/B080AMD1397_genefamilies.tsv,s3://amili-global-archive/SHOTGUN/v3/Batch_MGG2_80/B080AMD1397/humann/B080AMD1397_reaction_ko.tsv,s3://amili-analysis-lab/Macrogen/sequencing-data/Batch_MGG2_80-40samples/B080AMD1397_1.fastq.gz,s3://amili-analysis-lab/Macrogen/sequencing-data/Batch_MGG2_80-40samples/B080AMD1397_2.fastq.gz
B080AMD1397,MGG2_80,A3B288TZN3URY8JJ,SRJ7-R6R2-ZCUC,AMD1397,AMD,SHOTGUN,v3,s3://amili-global-archive/SHOTGUN/v3/batch_mgg2_80-40samples/B080AMD1397/kneaddata/B080AMD1397.fastq,s3://amili-global-archive/SHOTGUN/v3/batch_mgg2_80-40samples/B080AMD1397/kneaddata/B080AMD1397_stat.tsv,s3://amili-global-archive/SHOTGUN/v3/batch_mgg2_80-40samples/B080AMD1397/metaphlan/B080AMD1397_metaphlan.tsv,s3://amili-global-archive/SHOTGUN/v3/batch_mgg2_80-40samples/B080AMD1397/humann/B080AMD1397_pathabundance.tsv,s3://amili-global-archive/SHOTGUN/v3/batch_mgg2_80-40samples/B080AMD1397/humann/B080AMD1397_reaction_ec.tsv,s3://amili-global-archive/SHOTGUN/v3/batch_mgg2_80-40samples/B080AMD1397/humann/B080AMD1397_genefamilies.tsv,s3://amili-global-archive/SHOTGUN/v3/batch_mgg2_80-40samples/B080AMD1397/humann/B080AMD1397_reaction_ko.tsv,s3://amili-analysis-lab/Macrogen/sequencing-data/Batch_MGG2_80-40samples/B080AMD1397_1.fastq.gz,s3://amili-analysis-lab/Macrogen/sequencing-data/Batch_MGG2_80-40samples/B080AMD1397_2.fastq.gz
B080AMD1399,MGG2_80,VEM8NVT2KFQNJJP9,K7SX-K2HC-F6GJ,AMD1399,AMD,SHOTGUN,v3,s3://amili-global-archive/SHOTGUN/v3/Batch_MGG2_80/B080AMD1399/kneaddata/B080AMD1399.fastq,s3://amili-global-archive/SHOTGUN/v3/Batch_MGG2_80/B080AMD1399/kneaddata/B080AMD1399_stat.tsv,s3://amili-global-archive/SHOTGUN/v3/Batch_MGG2_80/B080AMD1399/metaphlan/B080AMD1399_metaphlan.tsv,s3://amili-global-archive/SHOTGUN/v3/Batch_MGG2_80/B080AMD1399/humann/B080AMD1399_pathabundance.tsv,s3://amili-global-archive/SHOTGUN/v3/Batch_MGG2_80/B080AMD1399/humann/B080AMD1399_reaction_ec.tsv,s3://amili-global-archive/SHOTGUN/v3/Batch_MGG2_80/B080AMD1399/humann/B080AMD1399_genefamilies.tsv,s3://amili-global-archive/SHOTGUN/v3/Batch_MGG2_80/B080AMD1399/humann/B080AMD1399_reaction_ko.tsv,s3://amili-analysis-lab/Macrogen/sequencing-data/Batch_MGG2_80-40samples/B080AMD1399_1.fastq.gz,s3://amili-analysis-lab/Macrogen/sequencing-data/Batch_MGG2_80-40samples/B080AMD1399_2.fastq.gz
B080AMD1400,MGG2_80,QC5T9QBEJ3676QW4,6KP5-DZC8-FJG5,AMD1400,AMD,SHOTGUN,v3,s3://amili-global-archive/SHOTGUN/v3/Batch_MGG2_80/B080AMD1400/kneaddata/B080AMD1400.fastq,s3://amili-global-archive/SHOTGUN/v3/Batch_MGG2_80/B080AMD1400/kneaddata/B080AMD1400_stat.tsv,s3://amili-global-archive/SHOTGUN/v3/Batch_MGG2_80/B080AMD1400/metaphlan/B080AMD1400_metaphlan.tsv,s3://amili-global-archive/SHOTGUN/v3/Batch_MGG2_80/B080AMD1400/humann/B080AMD1400_pathabundance.tsv,s3://amili-global-archive/SHOTGUN/v3/Batch_MGG2_80/B080AMD1400/humann/B080AMD1400_reaction_ec.tsv,s3://amili-global-archive/SHOTGUN/v3/Batch_MGG2_80/B080AMD1400/humann/B080AMD1400_genefamilies.tsv,s3://amili-global-archive/SHOTGUN/v3/Batch_MGG2_80/B080AMD1400/humann/B080AMD1400_reaction_ko.tsv,s3://amili-analysis-lab/Macrogen/sequencing-data/Batch_MGG2_80-40samples/B080AMD1400_1.fastq.gz,s3://amili-analysis-lab/Macrogen/sequencing-data/Batch_MGG2_80-40samples/B080AMD1400_2.fastq.gz
B080AMD1400,MGG2_80,QC5T9QBEJ3676QW4,6KP5-DZC8-FJG5,AMD1400,AMD,SHOTGUN,v3,s3://amili-global-archive/SHOTGUN/v3/batch_mgg2_80-40samples/B080AMD1400/kneaddata/B080AMD1400.fastq,s3://amili-global-archive/SHOTGUN/v3/batch_mgg2_80-40samples/B080AMD1400/kneaddata/B080AMD1400_stat.tsv,s3://amili-global-archive/SHOTGUN/v3/batch_mgg2_80-40samples/B080AMD1400/metaphlan/B080AMD1400_metaphlan.tsv,s3://amili-global-archive/SHOTGUN/v3/batch_mgg2_80-40samples/B080AMD1400/humann/B080AMD1400_pathabundance.tsv,s3://amili-global-archive/SHOTGUN/v3/batch_mgg2_80-40samples/B080AMD1400/humann/B080AMD1400_reaction_ec.tsv,s3://amili-global-archive/SHOTGUN/v3/batch_mgg2_80-40samples/B080AMD1400/humann/B080AMD1400_genefamilies.tsv,s3://amili-global-archive/SHOTGUN/v3/batch_mgg2_80-40samples/B080AMD1400/humann/B080AMD1400_reaction_ko.tsv,s3://amili-analysis-lab/Macrogen/sequencing-data/Batch_MGG2_80-40samples/B080AMD1400_1.fastq.gz,s3://amili-analysis-lab/Macrogen/sequencing-data/Batch_MGG2_80-40samples/B080AMD1400_2.fastq.gz
B080AMD1405,MGG2_80,Q4AFGQWNU8K96EJQ,GVZM-4DSN-J6DC,AMD1405,AMD,SHOTGUN,v3,s3://amili-global-archive/SHOTGUN/v3/Batch_MGG2_80/B080AMD1405/kneaddata/B080AMD1405.fastq,s3://amili-global-archive/SHOTGUN/v3/Batch_MGG2_80/B080AMD1405/kneaddata/B080AMD1405_stat.tsv,s3://amili-global-archive/SHOTGUN/v3/Batch_MGG2_80/B080AMD1405/metaphlan/B080AMD1405_metaphlan.tsv,s3://amili-global-archive/SHOTGUN/v3/Batch_MGG2_80/B080AMD1405/humann/B080AMD1405_pathabundance.tsv,s3://amili-global-archive/SHOTGUN/v3/Batch_MGG2_80/B080AMD1405/humann/B080AMD1405_reaction_ec.tsv,s3://amili-global-archive/SHOTGUN/v3/Batch_MGG2_80/B080AMD1405/humann/B080AMD1405_genefamilies.tsv,s3://amili-global-archive/SHOTGUN/v3/Batch_MGG2_80/B080AMD1405/humann/B080AMD1405_reaction_ko.tsv,s3://amili-analysis-lab/Macrogen/sequencing-data/Batch_MGG2_80-40samples/B080AMD1405_1.fastq.gz,s3://amili-analysis-lab/Macrogen/sequencing-data/Batch_MGG2_80-40samples/B080AMD1405_2.fastq.gz
B080AMD1405,MGG2_80,Q4AFGQWNU8K96EJQ,GVZM-4DSN-J6DC,AMD1405,AMD,SHOTGUN,v3,s3://amili-global-archive/SHOTGUN/v3/batch_mgg2_80-40samples/B080AMD1405/kneaddata/B080AMD1405.fastq,s3://amili-global-archive/SHOTGUN/v3/batch_mgg2_80-40samples/B080AMD1405/kneaddata/B080AMD1405_stat.tsv,s3://amili-global-archive/SHOTGUN/v3/batch_mgg2_80-40samples/B080AMD1405/metaphlan/B080AMD1405_metaphlan.tsv,s3://amili-global-archive/SHOTGUN/v3/batch_mgg2_80-40samples/B080AMD1405/humann/B080AMD1405_pathabundance.tsv,s3://amili-global-archive/SHOTGUN/v3/batch_mgg2_80-40samples/B080AMD1405/humann/B080AMD1405_reaction_ec.tsv,s3://amili-global-archive/SHOTGUN/v3/batch_mgg2_80-40samples/B080AMD1405/humann/B080AMD1405_genefamilies.tsv,s3://amili-global-archive/SHOTGUN/v3/batch_mgg2_80-40samples/B080AMD1405/humann/B080AMD1405_reaction_ko.tsv,s3://amili-analysis-lab/Macrogen/sequencing-data/Batch_MGG2_80-40samples/B080AMD1405_1.fastq.gz,s3://amili-analysis-lab/Macrogen/sequencing-data/Batch_MGG2_80-40samples/B080AMD1405_2.fastq.gz
B080AMD1406,MGG2_80,QYY94YE3Q2DRS5D4,5788-VCFA-BXGP,AMD1406,AMD,SHOTGUN,v3,s3://amili-global-archive/SHOTGUN/v3/Batch_MGG2_80/B080AMD1406/kneaddata/B080AMD1406.fastq,s3://amili-global-archive/SHOTGUN/v3/Batch_MGG2_80/B080AMD1406/kneaddata/B080AMD1406_stat.tsv,s3://amili-global-archive/SHOTGUN/v3/Batch_MGG2_80/B080AMD1406/metaphlan/B080AMD1406_metaphlan.tsv,s3://amili-global-archive/SHOTGUN/v3/Batch_MGG2_80/B080AMD1406/humann/B080AMD1406_pathabundance.tsv,s3://amili-global-archive/SHOTGUN/v3/Batch_MGG2_80/B080AMD1406/humann/B080AMD1406_reaction_ec.tsv,s3://amili-global-archive/SHOTGUN/v3/Batch_MGG2_80/B080AMD1406/humann/B080AMD1406_genefamilies.tsv,s3://amili-global-archive/SHOTGUN/v3/Batch_MGG2_80/B080AMD1406/humann/B080AMD1406_reaction_ko.tsv,s3://amili-analysis-lab/Macrogen/sequencing-data/Batch_MGG2_80-40samples/B080AMD1406_1.fastq.gz,s3://amili-analysis-lab/Macrogen/sequencing-data/Batch_MGG2_80-40samples/B080AMD1406_2.fastq.gz
B080AMD1412,MGG2_80,HTZ484XS9EB3NBDP,TSVK-MJ5R-BXY9,AMD1412,AMD,SHOTGUN,v3,s3://amili-global-archive/SHOTGUN/v3/Batch_MGG2_80/B080AMD1412/kneaddata/B080AMD1412.fastq,s3://amili-global-archive/SHOTGUN/v3/Batch_MGG2_80/B080AMD1412/kneaddata/B080AMD1412_stat.tsv,s3://amili-global-archive/SHOTGUN/v3/Batch_MGG2_80/B080AMD1412/metaphlan/B080AMD1412_metaphlan.tsv,s3://amili-global-archive/SHOTGUN/v3/Batch_MGG2_80/B080AMD1412/humann/B080AMD1412_pathabundance.tsv,s3://amili-global-archive/SHOTGUN/v3/Batch_MGG2_80/B080AMD1412/humann/B080AMD1412_reaction_ec.tsv,s3://amili-global-archive/SHOTGUN/v3/Batch_MGG2_80/B080AMD1412/humann/B080AMD1412_genefamilies.tsv,s3://amili-global-archive/SHOTGUN/v3/Batch_MGG2_80/B080AMD1412/humann/B080AMD1412_reaction_ko.tsv,s3://amili-analysis-lab/Macrogen/sequencing-data/Batch_MGG2_80-40samples/B080AMD1412_1.fastq.gz,s3://amili-analysis-lab/Macrogen/sequencing-data/Batch_MGG2_80-40samples/B080AMD1412_2.fastq.gz
B080AMD1414,MGG2_80,BTRFDRTKT5T4K42Q,K6QZ-YYS4-N4RH,AMD1414,AMD,SHOTGUN,v3,s3://amili-global-archive/SHOTGUN/v3/Batch_MGG2_80/B080AMD1414/kneaddata/B080AMD1414.fastq,s3://amili-global-archive/SHOTGUN/v3/Batch_MGG2_80/B080AMD1414/kneaddata/B080AMD1414_stat.tsv,s3://amili-global-archive/SHOTGUN/v3/Batch_MGG2_80/B080AMD1414/metaphlan/B080AMD1414_metaphlan.tsv,s3://amili-global-archive/SHOTGUN/v3/Batch_MGG2_80/B080AMD1414/humann/B080AMD1414_pathabundance.tsv,s3://amili-global-archive/SHOTGUN/v3/Batch_MGG2_80/B080AMD1414/humann/B080AMD1414_reaction_ec.tsv,s3://amili-global-archive/SHOTGUN/v3/Batch_MGG2_80/B080AMD1414/humann/B080AMD1414_genefamilies.tsv,s3://amili-global-archive/SHOTGUN/v3/Batch_MGG2_80/B080AMD1414/humann/B080AMD1414_reaction_ko.tsv,s3://amili-analysis-lab/Macrogen/sequencing-data/Batch_MGG2_80-40samples/B080AMD1414_1.fastq.gz,s3://amili-analysis-lab/Macrogen/sequencing-data/Batch_MGG2_80-40samples/B080AMD1414_2.fastq.gz
B080AMD1417,MGG2_80,VPN4KM6QX4HH7HGZ,RG9K-NR9H-FMZC,AMD1417,AMD,SHOTGUN,v3,s3://amili-global-archive/SHOTGUN/v3/Batch_MGG2_80/B080AMD1417/kneaddata/B080AMD1417.fastq,s3://amili-global-archive/SHOTGUN/v3/Batch_MGG2_80/B080AMD1417/kneaddata/B080AMD1417_stat.tsv,s3://amili-global-archive/SHOTGUN/v3/Batch_MGG2_80/B080AMD1417/metaphlan/B080AMD1417_metaphlan.tsv,s3://amili-global-archive/SHOTGUN/v3/Batch_MGG2_80/B080AMD1417/humann/B080AMD1417_pathabundance.tsv,s3://amili-global-archive/SHOTGUN/v3/Batch_MGG2_80/B080AMD1417/humann/B080AMD1417_reaction_ec.tsv,s3://amili-global-archive/SHOTGUN/v3/Batch_MGG2_80/B080AMD1417/humann/B080AMD1417_genefamilies.tsv,s3://amili-global-archive/SHOTGUN/v3/Batch_MGG2_80/B080AMD1417/humann/B080AMD1417_reaction_ko.tsv,s3://amili-analysis-lab/Macrogen/sequencing-data/Batch_MGG2_80-40samples/B080AMD1417_1.fastq.gz,s3://amili-analysis-lab/Macrogen/sequencing-data/Batch_MGG2_80-40samples/B080AMD1417_2.fastq.gz
B080AMD1424,MGG2_80,VYEQYGWAPEGHC7YM,9V48-NQV2-7KY8,AMD1424,AMD,SHOTGUN,v3,s3://amili-global-archive/SHOTGUN/v3/Batch_MGG2_80/B080AMD1424/kneaddata/B080AMD1424.fastq,s3://amili-global-archive/SHOTGUN/v3/Batch_MGG2_80/B080AMD1424/kneaddata/B080AMD1424_stat.tsv,s3://amili-global-archive/SHOTGUN/v3/Batch_MGG2_80/B080AMD1424/metaphlan/B080AMD1424_metaphlan.tsv,s3://amili-global-archive/SHOTGUN/v3/Batch_MGG2_80/B080AMD1424/humann/B080AMD1424_pathabundance.tsv,s3://amili-global-archive/SHOTGUN/v3/Batch_MGG2_80/B080AMD1424/humann/B080AMD1424_reaction_ec.tsv,s3://amili-global-archive/SHOTGUN/v3/Batch_MGG2_80/B080AMD1424/humann/B080AMD1424_genefamilies.tsv,s3://amili-global-archive/SHOTGUN/v3/Batch_MGG2_80/B080AMD1424/humann/B080AMD1424_reaction_ko.tsv,s3://amili-analysis-lab/Macrogen/sequencing-data/Batch_MGG2_80-40samples/B080AMD1424_1.fastq.gz,s3://amili-analysis-lab/Macrogen/sequencing-data/Batch_MGG2_80-40samples/B080AMD1424_2.fastq.gz
B080AMD1437,MGG2_80,GKF6EGBZWEHZV2M9,XK65-PRSY-EDRF,AMD1437,AMD,SHOTGUN,v3,s3://amili-global-archive/SHOTGUN/v3/Batch_MGG2_80/B080AMD1437/kneaddata/B080AMD1437.fastq,s3://amili-global-archive/SHOTGUN/v3/Batch_MGG2_80/B080AMD1437/kneaddata/B080AMD1437_stat.tsv,s3://amili-global-archive/SHOTGUN/v3/Batch_MGG2_80/B080AMD1437/metaphlan/B080AMD1437_metaphlan.tsv,s3://amili-global-archive/SHOTGUN/v3/Batch_MGG2_80/B080AMD1437/humann/B080AMD1437_pathabundance.tsv,s3://amili-global-archive/SHOTGUN/v3/Batch_MGG2_80/B080AMD1437/humann/B080AMD1437_reaction_ec.tsv,s3://amili-global-archive/SHOTGUN/v3/Batch_MGG2_80/B080AMD1437/humann/B080AMD1437_genefamilies.tsv,s3://amili-global-archive/SHOTGUN/v3/Batch_MGG2_80/B080AMD1437/humann/B080AMD1437_reaction_ko.tsv,s3://amili-analysis-lab/Macrogen/sequencing-data/Batch_MGG2_80-40samples/B080AMD1437_1.fastq.gz,s3://amili-analysis-lab/Macrogen/sequencing-data/Batch_MGG2_80-40samples/B080AMD1437_2.fastq.gz
B080AMD1442,MGG2_80,JB3FJWMHHBV8JTBJ,Z8F8-CTGB-KTYJ,AMD1442,AMD,SHOTGUN,v3,s3://amili-global-archive/SHOTGUN/v3/Batch_MGG2_80/B080AMD1442/kneaddata/B080AMD1442.fastq,s3://amili-global-archive/SHOTGUN/v3/Batch_MGG2_80/B080AMD1442/kneaddata/B080AMD1442_stat.tsv,s3://amili-global-archive/SHOTGUN/v3/Batch_MGG2_80/B080AMD1442/metaphlan/B080AMD1442_metaphlan.tsv,s3://amili-global-archive/SHOTGUN/v3/Batch_MGG2_80/B080AMD1442/humann/B080AMD1442_pathabundance.tsv,s3://amili-global-archive/SHOTGUN/v3/Batch_MGG2_80/B080AMD1442/humann/B080AMD1442_reaction_ec.tsv,s3://amili-global-archive/SHOTGUN/v3/Batch_MGG2_80/B080AMD1442/humann/B080AMD1442_genefamilies.tsv,s3://amili-global-archive/SHOTGUN/v3/Batch_MGG2_80/B080AMD1442/humann/B080AMD1442_reaction_ko.tsv,s3://amili-analysis-lab/Macrogen/sequencing-data/Batch_MGG2_80-40samples/B080AMD1442_1.fastq.gz,s3://amili-analysis-lab/Macrogen/sequencing-data/Batch_MGG2_80-40samples/B080AMD1442_2.fastq.gz
B080AMD1443,MGG2_80,UCAWSJRF4JH9USHP,UCC3-WTYE-QTHZ,AMD1443,AMD,SHOTGUN,v3,s3://amili-global-archive/SHOTGUN/v3/Batch_MGG2_80/B080AMD1443/kneaddata/B080AMD1443.fastq,s3://amili-global-archive/SHOTGUN/v3/Batch_MGG2_80/B080AMD1443/kneaddata/B080AMD1443_stat.tsv,s3://amili-global-archive/SHOTGUN/v3/Batch_MGG2_80/B080AMD1443/metaphlan/B080AMD1443_metaphlan.tsv,s3://amili-global-archive/SHOTGUN/v3/Batch_MGG2_80/B080AMD1443/humann/B080AMD1443_pathabundance.tsv,s3://amili-global-archive/SHOTGUN/v3/Batch_MGG2_80/B080AMD1443/humann/B080AMD1443_reaction_ec.tsv,s3://amili-global-archive/SHOTGUN/v3/Batch_MGG2_80/B080AMD1443/humann/B080AMD1443_genefamilies.tsv,s3://amili-global-archive/SHOTGUN/v3/Batch_MGG2_80/B080AMD1443/humann/B080AMD1443_reaction_ko.tsv,s3://amili-analysis-lab/Macrogen/sequencing-data/Batch_MGG2_80-40samples/B080AMD1443_1.fastq.gz,s3://amili-analysis-lab/Macrogen/sequencing-data/Batch_MGG2_80-40samples/B080AMD1443_2.fastq.gz
B080AMD1445,MGG2_80,PDXZZ6AHUUDA6VZH,YEHZ-9PZX-6DMU,AMD1445,AMD,SHOTGUN,v3,s3://amili-global-archive/SHOTGUN/v3/Batch_MGG2_80/B080AMD1445/kneaddata/B080AMD1445.fastq,s3://amili-global-archive/SHOTGUN/v3/Batch_MGG2_80/B080AMD1445/kneaddata/B080AMD1445_stat.tsv,s3://amili-global-archive/SHOTGUN/v3/Batch_MGG2_80/B080AMD1445/metaphlan/B080AMD1445_metaphlan.tsv,s3://amili-global-archive/SHOTGUN/v3/Batch_MGG2_80/B080AMD1445/humann/B080AMD1445_pathabundance.tsv,s3://amili-global-archive/SHOTGUN/v3/Batch_MGG2_80/B080AMD1445/humann/B080AMD1445_reaction_ec.tsv,s3://amili-global-archive/SHOTGUN/v3/Batch_MGG2_80/B080AMD1445/humann/B080AMD1445_genefamilies.tsv,s3://amili-global-archive/SHOTGUN/v3/Batch_MGG2_80/B080AMD1445/humann/B080AMD1445_reaction_ko.tsv,s3://amili-analysis-lab/Macrogen/sequencing-data/Batch_MGG2_80-40samples/B080AMD1445_1.fastq.gz,s3://amili-analysis-lab/Macrogen/sequencing-data/Batch_MGG2_80-40samples/B080AMD1445_2.fastq.gz
B080AMD1447,MGG2_80,GCFXKKSPM7VQX9XY,QWU5-XKEX-34QT,AMD1447,AMD,SHOTGUN,v3,s3://amili-global-archive/SHOTGUN/v3/Batch_MGG2_80/B080AMD1447/kneaddata/B080AMD1447.fastq,s3://amili-global-archive/SHOTGUN/v3/Batch_MGG2_80/B080AMD1447/kneaddata/B080AMD1447_stat.tsv,s3://amili-global-archive/SHOTGUN/v3/Batch_MGG2_80/B080AMD1447/metaphlan/B080AMD1447_metaphlan.tsv,s3://amili-global-archive/SHOTGUN/v3/Batch_MGG2_80/B080AMD1447/humann/B080AMD1447_pathabundance.tsv,s3://amili-global-archive/SHOTGUN/v3/Batch_MGG2_80/B080AMD1447/humann/B080AMD1447_reaction_ec.tsv,s3://amili-global-archive/SHOTGUN/v3/Batch_MGG2_80/B080AMD1447/humann/B080AMD1447_genefamilies.tsv,s3://amili-global-archive/SHOTGUN/v3/Batch_MGG2_80/B080AMD1447/humann/B080AMD1447_reaction_ko.tsv,s3://amili-analysis-lab/Macrogen/sequencing-data/Batch_MGG2_80-40samples/B080AMD1447_1.fastq.gz,s3://amili-analysis-lab/Macrogen/sequencing-data/Batch_MGG2_80-40samples/B080AMD1447_2.fastq.gz
B080AMD1452,MGG2_80,EHCG7ZYG6BF4KDSH,6CBT-54U7-M8YB,AMD1452,AMD,SHOTGUN,v3,s3://amili-global-archive/SHOTGUN/v3/Batch_MGG2_80/B080AMD1452/kneaddata/B080AMD1452.fastq,s3://amili-global-archive/SHOTGUN/v3/Batch_MGG2_80/B080AMD1452/kneaddata/B080AMD1452_stat.tsv,s3://amili-global-archive/SHOTGUN/v3/Batch_MGG2_80/B080AMD1452/metaphlan/B080AMD1452_metaphlan.tsv,s3://amili-global-archive/SHOTGUN/v3/Batch_MGG2_80/B080AMD1452/humann/B080AMD1452_pathabundance.tsv,s3://amili-global-archive/SHOTGUN/v3/Batch_MGG2_80/B080AMD1452/humann/B080AMD1452_reaction_ec.tsv,s3://amili-global-archive/SHOTGUN/v3/Batch_MGG2_80/B080AMD1452/humann/B080AMD1452_genefamilies.tsv,s3://amili-global-archive/SHOTGUN/v3/Batch_MGG2_80/B080AMD1452/humann/B080AMD1452_reaction_ko.tsv,s3://amili-analysis-lab/Macrogen/sequencing-data/Batch_MGG2_80-40samples/B080AMD1452_1.fastq.gz,s3://amili-analysis-lab/Macrogen/sequencing-data/Batch_MGG2_80-40samples/B080AMD1452_2.fastq.gz
B080AMD1459,MGG2_80,ATJFGNGPNFC6ZMU7,6FR5-RX77-AMG5,AMD1459,AMD,SHOTGUN,v3,s3://amili-global-archive/SHOTGUN/v3/Batch_MGG2_80/B080AMD1459/kneaddata/B080AMD1459.fastq,s3://amili-global-archive/SHOTGUN/v3/Batch_MGG2_80/B080AMD1459/kneaddata/B080AMD1459_stat.tsv,s3://amili-global-archive/SHOTGUN/v3/Batch_MGG2_80/B080AMD1459/metaphlan/B080AMD1459_metaphlan.tsv,s3://amili-global-archive/SHOTGUN/v3/Batch_MGG2_80/B080AMD1459/humann/B080AMD1459_pathabundance.tsv,s3://amili-global-archive/SHOTGUN/v3/Batch_MGG2_80/B080AMD1459/humann/B080AMD1459_reaction_ec.tsv,s3://amili-global-archive/SHOTGUN/v3/Batch_MGG2_80/B080AMD1459/humann/B080AMD1459_genefamilies.tsv,s3://amili-global-archive/SHOTGUN/v3/Batch_MGG2_80/B080AMD1459/humann/B080AMD1459_reaction_ko.tsv,s3://amili-analysis-lab/Macrogen/sequencing-data/Batch_MGG2_80-40samples/B080AMD1459_1.fastq.gz,s3://amili-analysis-lab/Macrogen/sequencing-data/Batch_MGG2_80-40samples/B080AMD1459_2.fastq.gz
B081AMD1464,MGG2_81,WRZ5KMM7NXEE9K89,56NQ-26JV-P38K,AMD1464,AMD,SHOTGUN,v3,s3://amili-global-archive/SHOTGUN/v3/Batch_MGG2_81/B081AMD1464/kneaddata/B081AMD1464.fastq,s3://amili-global-archive/SHOTGUN/v3/Batch_MGG2_81/B081AMD1464/kneaddata/B081AMD1464_stat.tsv,s3://amili-global-archive/SHOTGUN/v3/Batch_MGG2_81/B081AMD1464/metaphlan/B081AMD1464_metaphlan.tsv,s3://amili-global-archive/SHOTGUN/v3/Batch_MGG2_81/B081AMD1464/humann/B081AMD1464_pathabundance.tsv,s3://amili-global-archive/SHOTGUN/v3/Batch_MGG2_81/B081AMD1464/humann/B081AMD1464_reaction_ec.tsv,s3://amili-global-archive/SHOTGUN/v3/Batch_MGG2_81/B081AMD1464/humann/B081AMD1464_genefamilies.tsv,s3://amili-global-archive/SHOTGUN/v3/Batch_MGG2_81/B081AMD1464/humann/B081AMD1464_reaction_ko.tsv,s3://amili-analysis-lab/Macrogen/sequencing-data/Batch_MGG2_81-17samples/B081AMD1464_1.fastq.gz,s3://amili-analysis-lab/Macrogen/sequencing-data/Batch_MGG2_81-17samples/B081AMD1464_2.fastq.gz
B081AMD1465,MGG2_81,D745DVBSJ2QZ53Q7,HN8N-VVQD-PTJ4,AMD1465,AMD,SHOTGUN,v3,s3://amili-global-archive/SHOTGUN/v3/Batch_MGG2_81/B081AMD1465/kneaddata/B081AMD1465.fastq,s3://amili-global-archive/SHOTGUN/v3/Batch_MGG2_81/B081AMD1465/kneaddata/B081AMD1465_stat.tsv,s3://amili-global-archive/SHOTGUN/v3/Batch_MGG2_81/B081AMD1465/metaphlan/B081AMD1465_metaphlan.tsv,s3://amili-global-archive/SHOTGUN/v3/Batch_MGG2_81/B081AMD1465/humann/B081AMD1465_pathabundance.tsv,s3://amili-global-archive/SHOTGUN/v3/Batch_MGG2_81/B081AMD1465/humann/B081AMD1465_reaction_ec.tsv,s3://amili-global-archive/SHOTGUN/v3/Batch_MGG2_81/B081AMD1465/humann/B081AMD1465_genefamilies.tsv,s3://amili-global-archive/SHOTGUN/v3/Batch_MGG2_81/B081AMD1465/humann/B081AMD1465_reaction_ko.tsv,s3://amili-analysis-lab/Macrogen/sequencing-data/Batch_MGG2_81-17samples/B081AMD1465_1.fastq.gz,s3://amili-analysis-lab/Macrogen/sequencing-data/Batch_MGG2_81-17samples/B081AMD1465_2.fastq.gz
B081AMD1468,MGG2_81,KWQNZ36FW7QRZYJW,ANVE-FJNA-JJXZ,AMD1468,AMD,SHOTGUN,v3,s3://amili-global-archive/SHOTGUN/v3/Batch_MGG2_81/B081AMD1468/kneaddata/B081AMD1468.fastq,s3://amili-global-archive/SHOTGUN/v3/Batch_MGG2_81/B081AMD1468/kneaddata/B081AMD1468_stat.tsv,s3://amili-global-archive/SHOTGUN/v3/Batch_MGG2_81/B081AMD1468/metaphlan/B081AMD1468_metaphlan.tsv,s3://amili-global-archive/SHOTGUN/v3/Batch_MGG2_81/B081AMD1468/humann/B081AMD1468_pathabundance.tsv,s3://amili-global-archive/SHOTGUN/v3/Batch_MGG2_81/B081AMD1468/humann/B081AMD1468_reaction_ec.tsv,s3://amili-global-archive/SHOTGUN/v3/Batch_MGG2_81/B081AMD1468/humann/B081AMD1468_genefamilies.tsv,s3://amili-global-archive/SHOTGUN/v3/Batch_MGG2_81/B081AMD1468/humann/B081AMD1468_reaction_ko.tsv,s3://amili-analysis-lab/Macrogen/sequencing-data/Batch_MGG2_81-17samples/B081AMD1468_1.fastq.gz,s3://amili-analysis-lab/Macrogen/sequencing-data/Batch_MGG2_81-17samples/B081AMD1468_2.fastq.gz
B081AMD1471,MGG2_81,CARV9ZNDT3TJZQKS,GH2N-US37-HVF9,AMD1471,AMD,SHOTGUN,v3,s3://amili-global-archive/SHOTGUN/v3/Batch_MGG2_81/B081AMD1471/kneaddata/B081AMD1471.fastq,s3://amili-global-archive/SHOTGUN/v3/Batch_MGG2_81/B081AMD1471/kneaddata/B081AMD1471_stat.tsv,s3://amili-global-archive/SHOTGUN/v3/Batch_MGG2_81/B081AMD1471/metaphlan/B081AMD1471_metaphlan.tsv,s3://amili-global-archive/SHOTGUN/v3/Batch_MGG2_81/B081AMD1471/humann/B081AMD1471_pathabundance.tsv,s3://amili-global-archive/SHOTGUN/v3/Batch_MGG2_81/B081AMD1471/humann/B081AMD1471_reaction_ec.tsv,s3://amili-global-archive/SHOTGUN/v3/Batch_MGG2_81/B081AMD1471/humann/B081AMD1471_genefamilies.tsv,s3://amili-global-archive/SHOTGUN/v3/Batch_MGG2_81/B081AMD1471/humann/B081AMD1471_reaction_ko.tsv,s3://amili-analysis-lab/Macrogen/sequencing-data/Batch_MGG2_81-17samples/B081AMD1471_1.fastq.gz,s3://amili-analysis-lab/Macrogen/sequencing-data/Batch_MGG2_81-17samples/B081AMD1471_2.fastq.gz
B081AMD1472,MGG2_81,F6SU9Y69992PQBCB,ADHR-FKZG-Y35A,AMD1472,AMD,SHOTGUN,v3,s3://amili-global-archive/SHOTGUN/v3/Batch_MGG2_81/B081AMD1472/kneaddata/B081AMD1472.fastq,s3://amili-global-archive/SHOTGUN/v3/Batch_MGG2_81/B081AMD1472/kneaddata/B081AMD1472_stat.tsv,s3://amili-global-archive/SHOTGUN/v3/Batch_MGG2_81/B081AMD1472/metaphlan/B081AMD1472_metaphlan.tsv,s3://amili-global-archive/SHOTGUN/v3/Batch_MGG2_81/B081AMD1472/humann/B081AMD1472_pathabundance.tsv,s3://amili-global-archive/SHOTGUN/v3/Batch_MGG2_81/B081AMD1472/humann/B081AMD1472_reaction_ec.tsv,s3://amili-global-archive/SHOTGUN/v3/Batch_MGG2_81/B081AMD1472/humann/B081AMD1472_genefamilies.tsv,s3://amili-global-archive/SHOTGUN/v3/Batch_MGG2_81/B081AMD1472/humann/B081AMD1472_reaction_ko.tsv,s3://amili-analysis-lab/Macrogen/sequencing-data/Batch_MGG2_81-17samples/B081AMD1472_1.fastq.gz,s3://amili-analysis-lab/Macrogen/sequencing-data/Batch_MGG2_81-17samples/B081AMD1472_2.fastq.gz
B081AMD1472,MGG2_81,F6SU9Y69992PQBCB,ADHR-FKZG-Y35A,AMD1472,AMD,SHOTGUN,v3,s3://amili-global-archive/SHOTGUN/v3/batch_mgg2_81-17samples/B081AMD1472/kneaddata/B081AMD1472.fastq,s3://amili-global-archive/SHOTGUN/v3/batch_mgg2_81-17samples/B081AMD1472/kneaddata/B081AMD1472_stat.tsv,s3://amili-global-archive/SHOTGUN/v3/batch_mgg2_81-17samples/B081AMD1472/metaphlan/B081AMD1472_metaphlan.tsv,s3://amili-global-archive/SHOTGUN/v3/batch_mgg2_81-17samples/B081AMD1472/humann/B081AMD1472_pathabundance.tsv,s3://amili-global-archive/SHOTGUN/v3/batch_mgg2_81-17samples/B081AMD1472/humann/B081AMD1472_reaction_ec.tsv,s3://amili-global-archive/SHOTGUN/v3/batch_mgg2_81-17samples/B081AMD1472/humann/B081AMD1472_genefamilies.tsv,s3://amili-global-archive/SHOTGUN/v3/batch_mgg2_81-17samples/B081AMD1472/humann/B081AMD1472_reaction_ko.tsv,s3://amili-analysis-lab/Macrogen/sequencing-data/Batch_MGG2_81-17samples/B081AMD1472_1.fastq.gz,s3://amili-analysis-lab/Macrogen/sequencing-data/Batch_MGG2_81-17samples/B081AMD1472_2.fastq.gz
B081AMD1474,MGG2_81,BJQH99NHNKMUJY54,TQAR-XDDD-29YW,AMD1474,AMD,SHOTGUN,v3,s3://amili-global-archive/SHOTGUN/v3/Batch_MGG2_81/B081AMD1474/kneaddata/B081AMD1474.fastq,s3://amili-global-archive/SHOTGUN/v3/Batch_MGG2_81/B081AMD1474/kneaddata/B081AMD1474_stat.tsv,s3://amili-global-archive/SHOTGUN/v3/Batch_MGG2_81/B081AMD1474/metaphlan/B081AMD1474_metaphlan.tsv,s3://amili-global-archive/SHOTGUN/v3/Batch_MGG2_81/B081AMD1474/humann/B081AMD1474_pathabundance.tsv,s3://amili-global-archive/SHOTGUN/v3/Batch_MGG2_81/B081AMD1474/humann/B081AMD1474_reaction_ec.tsv,s3://amili-global-archive/SHOTGUN/v3/Batch_MGG2_81/B081AMD1474/humann/B081AMD1474_genefamilies.tsv,s3://amili-global-archive/SHOTGUN/v3/Batch_MGG2_81/B081AMD1474/humann/B081AMD1474_reaction_ko.tsv,s3://amili-analysis-lab/Macrogen/sequencing-data/Batch_MGG2_81-17samples/B081AMD1474_1.fastq.gz,s3://amili-analysis-lab/Macrogen/sequencing-data/Batch_MGG2_81-17samples/B081AMD1474_2.fastq.gz
B081AMD1480,MGG2_81,TRGWACZZXVXZ7KZ5,9FD5-8NX8-ZMZG,AMD1480,AMD,SHOTGUN,v3,s3://amili-global-archive/SHOTGUN/v3/Batch_MGG2_81/B081AMD1480/kneaddata/B081AMD1480.fastq,s3://amili-global-archive/SHOTGUN/v3/Batch_MGG2_81/B081AMD1480/kneaddata/B081AMD1480_stat.tsv,s3://amili-global-archive/SHOTGUN/v3/Batch_MGG2_81/B081AMD1480/metaphlan/B081AMD1480_metaphlan.tsv,s3://amili-global-archive/SHOTGUN/v3/Batch_MGG2_81/B081AMD1480/humann/B081AMD1480_pathabundance.tsv,s3://amili-global-archive/SHOTGUN/v3/Batch_MGG2_81/B081AMD1480/humann/B081AMD1480_reaction_ec.tsv,s3://amili-global-archive/SHOTGUN/v3/Batch_MGG2_81/B081AMD1480/humann/B081AMD1480_genefamilies.tsv,s3://amili-global-archive/SHOTGUN/v3/Batch_MGG2_81/B081AMD1480/humann/B081AMD1480_reaction_ko.tsv,s3://amili-analysis-lab/Macrogen/sequencing-data/Batch_MGG2_81-17samples/B081AMD1480_1.fastq.gz,s3://amili-analysis-lab/Macrogen/sequencing-data/Batch_MGG2_81-17samples/B081AMD1480_2.fastq.gz
B081AMD1483,MGG2_81,XGGQXB2M999SVW97,GY4S-ESGP-D9YU,AMD1483,AMD,SHOTGUN,v3,s3://amili-global-archive/SHOTGUN/v3/Batch_MGG2_81/B081AMD1483/kneaddata/B081AMD1483.fastq,s3://amili-global-archive/SHOTGUN/v3/Batch_MGG2_81/B081AMD1483/kneaddata/B081AMD1483_stat.tsv,s3://amili-global-archive/SHOTGUN/v3/Batch_MGG2_81/B081AMD1483/metaphlan/B081AMD1483_metaphlan.tsv,s3://amili-global-archive/SHOTGUN/v3/Batch_MGG2_81/B081AMD1483/humann/B081AMD1483_pathabundance.tsv,s3://amili-global-archive/SHOTGUN/v3/Batch_MGG2_81/B081AMD1483/humann/B081AMD1483_reaction_ec.tsv,s3://amili-global-archive/SHOTGUN/v3/Batch_MGG2_81/B081AMD1483/humann/B081AMD1483_genefamilies.tsv,s3://amili-global-archive/SHOTGUN/v3/Batch_MGG2_81/B081AMD1483/humann/B081AMD1483_reaction_ko.tsv,s3://amili-analysis-lab/Macrogen/sequencing-data/Batch_MGG2_81-17samples/B081AMD1483_1.fastq.gz,s3://amili-analysis-lab/Macrogen/sequencing-data/Batch_MGG2_81-17samples/B081AMD1483_2.fastq.gz
B081AMD1483,MGG2_81,XGGQXB2M999SVW97,GY4S-ESGP-D9YU,AMD1483,AMD,SHOTGUN,v3,s3://amili-global-archive/SHOTGUN/v3/batch_mgg2_81-17samples/B081AMD1483/kneaddata/B081AMD1483.fastq,s3://amili-global-archive/SHOTGUN/v3/batch_mgg2_81-17samples/B081AMD1483/kneaddata/B081AMD1483_stat.tsv,s3://amili-global-archive/SHOTGUN/v3/batch_mgg2_81-17samples/B081AMD1483/metaphlan/B081AMD1483_metaphlan.tsv,s3://amili-global-archive/SHOTGUN/v3/batch_mgg2_81-17samples/B081AMD1483/humann/B081AMD1483_pathabundance.tsv,s3://amili-global-archive/SHOTGUN/v3/batch_mgg2_81-17samples/B081AMD1483/humann/B081AMD1483_reaction_ec.tsv,s3://amili-global-archive/SHOTGUN/v3/batch_mgg2_81-17samples/B081AMD1483/humann/B081AMD1483_genefamilies.tsv,s3://amili-global-archive/SHOTGUN/v3/batch_mgg2_81-17samples/B081AMD1483/humann/B081AMD1483_reaction_ko.tsv,s3://amili-analysis-lab/Macrogen/sequencing-data/Batch_MGG2_81-17samples/B081AMD1483_1.fastq.gz,s3://amili-analysis-lab/Macrogen/sequencing-data/Batch_MGG2_81-17samples/B081AMD1483_2.fastq.gz
B081AMD1485,MGG2_81,QGR3MCWB7BCEHFEK,H7PK-U9G3-KRTJ,AMD1485,AMD,SHOTGUN,v3,s3://amili-global-archive/SHOTGUN/v3/Batch_MGG2_81/B081AMD1485/kneaddata/B081AMD1485.fastq,s3://amili-global-archive/SHOTGUN/v3/Batch_MGG2_81/B081AMD1485/kneaddata/B081AMD1485_stat.tsv,s3://amili-global-archive/SHOTGUN/v3/Batch_MGG2_81/B081AMD1485/metaphlan/B081AMD1485_metaphlan.tsv,s3://amili-global-archive/SHOTGUN/v3/Batch_MGG2_81/B081AMD1485/humann/B081AMD1485_pathabundance.tsv,s3://amili-global-archive/SHOTGUN/v3/Batch_MGG2_81/B081AMD1485/humann/B081AMD1485_reaction_ec.tsv,s3://amili-global-archive/SHOTGUN/v3/Batch_MGG2_81/B081AMD1485/humann/B081AMD1485_genefamilies.tsv,s3://amili-global-archive/SHOTGUN/v3/Batch_MGG2_81/B081AMD1485/humann/B081AMD1485_reaction_ko.tsv,s3://amili-analysis-lab/Macrogen/sequencing-data/Batch_MGG2_81-17samples/B081AMD1485_1.fastq.gz,s3://amili-analysis-lab/Macrogen/sequencing-data/Batch_MGG2_81-17samples/B081AMD1485_2.fastq.gz
B009AMD0921,MGG2_9,,Z5AW-TP96-U1VE,AMD0921,AMD,SHOTGUN,v3,s3://amili-global-archive/SHOTGUN/v3/Batch_MGG2_9/B009AMD0921/kneaddata/B009AMD0921.fastq,s3://amili-global-archive/SHOTGUN/v3/Batch_MGG2_9/B009AMD0921/kneaddata/B009AMD0921_stat.tsv,s3://amili-global-archive/SHOTGUN/v3/Batch_MGG2_9/B009AMD0921/metaphlan/B009AMD0921_metaphlan.tsv,s3://amili-global-archive/SHOTGUN/v3/Batch_MGG2_9/B009AMD0921/humann/B009AMD0921_pathabundance.tsv,s3://amili-global-archive/SHOTGUN/v3/Batch_MGG2_9/B009AMD0921/humann/B009AMD0921_reaction_ec.tsv,s3://amili-global-archive/SHOTGUN/v3/Batch_MGG2_9/B009AMD0921/humann/B009AMD0921_genefamilies.tsv,s3://amili-global-archive/SHOTGUN/v3/Batch_MGG2_9/B009AMD0921/humann/B009AMD0921_reaction_ko.tsv,s3://amili-analysis-lab/Macrogen/sequencing-data/Batch_MGG2_9-40samples/B009AMD0921_1.fastq.gz,s3://amili-analysis-lab/Macrogen/sequencing-data/Batch_MGG2_9-40samples/B009AMD0921_2.fastq.gz
B009AMD0922,MGG2_9,,JEQ2-X4YW-W7U1,AMD0922,AMD,SHOTGUN,v3,s3://amili-global-archive/SHOTGUN/v3/Batch_MGG2_9/B009AMD0922/kneaddata/B009AMD0922.fastq,s3://amili-global-archive/SHOTGUN/v3/Batch_MGG2_9/B009AMD0922/kneaddata/B009AMD0922_stat.tsv,s3://amili-global-archive/SHOTGUN/v3/Batch_MGG2_9/B009AMD0922/metaphlan/B009AMD0922_metaphlan.tsv,s3://amili-global-archive/SHOTGUN/v3/Batch_MGG2_9/B009AMD0922/humann/B009AMD0922_pathabundance.tsv,s3://amili-global-archive/SHOTGUN/v3/Batch_MGG2_9/B009AMD0922/humann/B009AMD0922_reaction_ec.tsv,s3://amili-global-archive/SHOTGUN/v3/Batch_MGG2_9/B009AMD0922/humann/B009AMD0922_genefamilies.tsv,s3://amili-global-archive/SHOTGUN/v3/Batch_MGG2_9/B009AMD0922/humann/B009AMD0922_reaction_ko.tsv,s3://amili-analysis-lab/Macrogen/sequencing-data/Batch_MGG2_9-40samples/B009AMD0922_1.fastq.gz,s3://amili-analysis-lab/Macrogen/sequencing-data/Batch_MGG2_9-40samples/B009AMD0922_2.fastq.gz
B009AMD0926,MGG2_9,,6SVA-7SM3-POG1,AMD0926,AMD,SHOTGUN,v3,s3://amili-global-archive/SHOTGUN/v3/Batch_MGG2_9/B009AMD0926/kneaddata/B009AMD0926.fastq,s3://amili-global-archive/SHOTGUN/v3/Batch_MGG2_9/B009AMD0926/kneaddata/B009AMD0926_stat.tsv,s3://amili-global-archive/SHOTGUN/v3/Batch_MGG2_9/B009AMD0926/metaphlan/B009AMD0926_metaphlan.tsv,s3://amili-global-archive/SHOTGUN/v3/Batch_MGG2_9/B009AMD0926/humann/B009AMD0926_pathabundance.tsv,s3://amili-global-archive/SHOTGUN/v3/Batch_MGG2_9/B009AMD0926/humann/B009AMD0926_reaction_ec.tsv,s3://amili-global-archive/SHOTGUN/v3/Batch_MGG2_9/B009AMD0926/humann/B009AMD0926_genefamilies.tsv,s3://amili-global-archive/SHOTGUN/v3/Batch_MGG2_9/B009AMD0926/humann/B009AMD0926_reaction_ko.tsv,s3://amili-analysis-lab/Macrogen/sequencing-data/Batch_MGG2_9-40samples/B009AMD0926_1.fastq.gz,s3://amili-analysis-lab/Macrogen/sequencing-data/Batch_MGG2_9-40samples/B009AMD0926_2.fastq.gz
B009AMD0929,MGG2_9,,WEYH-A9GD-RT2Y,AMD0929,AMD,SHOTGUN,v3,s3://amili-global-archive/SHOTGUN/v3/Batch_MGG2_9/B009AMD0929/kneaddata/B009AMD0929.fastq,s3://amili-global-archive/SHOTGUN/v3/Batch_MGG2_9/B009AMD0929/kneaddata/B009AMD0929_stat.tsv,s3://amili-global-archive/SHOTGUN/v3/Batch_MGG2_9/B009AMD0929/metaphlan/B009AMD0929_metaphlan.tsv,s3://amili-global-archive/SHOTGUN/v3/Batch_MGG2_9/B009AMD0929/humann/B009AMD0929_pathabundance.tsv,s3://amili-global-archive/SHOTGUN/v3/Batch_MGG2_9/B009AMD0929/humann/B009AMD0929_reaction_ec.tsv,s3://amili-global-archive/SHOTGUN/v3/Batch_MGG2_9/B009AMD0929/humann/B009AMD0929_genefamilies.tsv,s3://amili-global-archive/SHOTGUN/v3/Batch_MGG2_9/B009AMD0929/humann/B009AMD0929_reaction_ko.tsv,s3://amili-analysis-lab/Macrogen/sequencing-data/Batch_MGG2_9-40samples/B009AMD0929_1.fastq.gz,s3://amili-analysis-lab/Macrogen/sequencing-data/Batch_MGG2_9-40samples/B009AMD0929_2.fastq.gz
B009AMD0931,MGG2_9,,8ZXP-S4A4-Q889,AMD0931,AMD,SHOTGUN,v3,s3://amili-global-archive/SHOTGUN/v3/Batch_MGG2_9/B009AMD0931/kneaddata/B009AMD0931.fastq,s3://amili-global-archive/SHOTGUN/v3/Batch_MGG2_9/B009AMD0931/kneaddata/B009AMD0931_stat.tsv,s3://amili-global-archive/SHOTGUN/v3/Batch_MGG2_9/B009AMD0931/metaphlan/B009AMD0931_metaphlan.tsv,s3://amili-global-archive/SHOTGUN/v3/Batch_MGG2_9/B009AMD0931/humann/B009AMD0931_pathabundance.tsv,s3://amili-global-archive/SHOTGUN/v3/Batch_MGG2_9/B009AMD0931/humann/B009AMD0931_reaction_ec.tsv,s3://amili-global-archive/SHOTGUN/v3/Batch_MGG2_9/B009AMD0931/humann/B009AMD0931_genefamilies.tsv,s3://amili-global-archive/SHOTGUN/v3/Batch_MGG2_9/B009AMD0931/humann/B009AMD0931_reaction_ko.tsv,s3://amili-analysis-lab/Macrogen/sequencing-data/Batch_MGG2_9-40samples/B009AMD0931_1.fastq.gz,s3://amili-analysis-lab/Macrogen/sequencing-data/Batch_MGG2_9-40samples/B009AMD0931_2.fastq.gz
B009AMD0931,MGG2_9,,8ZXP-S4A4-Q889,AMD0931,AMD,SHOTGUN,v3,s3://amili-global-archive/SHOTGUN/v3/batch_mgg2_9-40samples/B009AMD0931/kneaddata/B009AMD0931.fastq,s3://amili-global-archive/SHOTGUN/v3/batch_mgg2_9-40samples/B009AMD0931/kneaddata/B009AMD0931_stat.tsv,s3://amili-global-archive/SHOTGUN/v3/batch_mgg2_9-40samples/B009AMD0931/metaphlan/B009AMD0931_metaphlan.tsv,s3://amili-global-archive/SHOTGUN/v3/batch_mgg2_9-40samples/B009AMD0931/humann/B009AMD0931_pathabundance.tsv,s3://amili-global-archive/SHOTGUN/v3/batch_mgg2_9-40samples/B009AMD0931/humann/B009AMD0931_reaction_ec.tsv,s3://amili-global-archive/SHOTGUN/v3/batch_mgg2_9-40samples/B009AMD0931/humann/B009AMD0931_genefamilies.tsv,s3://amili-global-archive/SHOTGUN/v3/batch_mgg2_9-40samples/B009AMD0931/humann/B009AMD0931_reaction_ko.tsv,s3://amili-analysis-lab/Macrogen/sequencing-data/Batch_MGG2_9-40samples/B009AMD0931_1.fastq.gz,s3://amili-analysis-lab/Macrogen/sequencing-data/Batch_MGG2_9-40samples/B009AMD0931_2.fastq.gz
B009AMD0934,MGG2_9,,WPP5-34VJ-E96N,AMD0934,AMD,SHOTGUN,v3,s3://amili-global-archive/SHOTGUN/v3/Batch_MGG2_9/B009AMD0934/kneaddata/B009AMD0934.fastq,s3://amili-global-archive/SHOTGUN/v3/Batch_MGG2_9/B009AMD0934/kneaddata/B009AMD0934_stat.tsv,s3://amili-global-archive/SHOTGUN/v3/Batch_MGG2_9/B009AMD0934/metaphlan/B009AMD0934_metaphlan.tsv,s3://amili-global-archive/SHOTGUN/v3/Batch_MGG2_9/B009AMD0934/humann/B009AMD0934_pathabundance.tsv,s3://amili-global-archive/SHOTGUN/v3/Batch_MGG2_9/B009AMD0934/humann/B009AMD0934_reaction_ec.tsv,s3://amili-global-archive/SHOTGUN/v3/Batch_MGG2_9/B009AMD0934/humann/B009AMD0934_genefamilies.tsv,s3://amili-global-archive/SHOTGUN/v3/Batch_MGG2_9/B009AMD0934/humann/B009AMD0934_reaction_ko.tsv,s3://amili-analysis-lab/Macrogen/sequencing-data/Batch_MGG2_9-40samples/B009AMD0934_1.fastq.gz,s3://amili-analysis-lab/Macrogen/sequencing-data/Batch_MGG2_9-40samples/B009AMD0934_2.fastq.gz
B009AMD0935,MGG2_9,,SUA3-8548-VXHU,AMD0935,AMD,SHOTGUN,v3,s3://amili-global-archive/SHOTGUN/v3/Batch_MGG2_9/B009AMD0935/kneaddata/B009AMD0935.fastq,s3://amili-global-archive/SHOTGUN/v3/Batch_MGG2_9/B009AMD0935/kneaddata/B009AMD0935_stat.tsv,s3://amili-global-archive/SHOTGUN/v3/Batch_MGG2_9/B009AMD0935/metaphlan/B009AMD0935_metaphlan.tsv,s3://amili-global-archive/SHOTGUN/v3/Batch_MGG2_9/B009AMD0935/humann/B009AMD0935_pathabundance.tsv,s3://amili-global-archive/SHOTGUN/v3/Batch_MGG2_9/B009AMD0935/humann/B009AMD0935_reaction_ec.tsv,s3://amili-global-archive/SHOTGUN/v3/Batch_MGG2_9/B009AMD0935/humann/B009AMD0935_genefamilies.tsv,s3://amili-global-archive/SHOTGUN/v3/Batch_MGG2_9/B009AMD0935/humann/B009AMD0935_reaction_ko.tsv,s3://amili-analysis-lab/Macrogen/sequencing-data/Batch_MGG2_9-40samples/B009AMD0935_1.fastq.gz,s3://amili-analysis-lab/Macrogen/sequencing-data/Batch_MGG2_9-40samples/B009AMD0935_2.fastq.gz
B009AMD0939,MGG2_9,,RP5V-VDCW-DJFR,AMD0939,AMD,SHOTGUN,v3,s3://amili-global-archive/SHOTGUN/v3/Batch_MGG2_9/B009AMD0939/kneaddata/B009AMD0939.fastq,s3://amili-global-archive/SHOTGUN/v3/Batch_MGG2_9/B009AMD0939/kneaddata/B009AMD0939_stat.tsv,s3://amili-global-archive/SHOTGUN/v3/Batch_MGG2_9/B009AMD0939/metaphlan/B009AMD0939_metaphlan.tsv,s3://amili-global-archive/SHOTGUN/v3/Batch_MGG2_9/B009AMD0939/humann/B009AMD0939_pathabundance.tsv,s3://amili-global-archive/SHOTGUN/v3/Batch_MGG2_9/B009AMD0939/humann/B009AMD0939_reaction_ec.tsv,s3://amili-global-archive/SHOTGUN/v3/Batch_MGG2_9/B009AMD0939/humann/B009AMD0939_genefamilies.tsv,s3://amili-global-archive/SHOTGUN/v3/Batch_MGG2_9/B009AMD0939/humann/B009AMD0939_reaction_ko.tsv,s3://amili-analysis-lab/Macrogen/sequencing-data/Batch_MGG2_9-40samples/B009AMD0939_1.fastq.gz,s3://amili-analysis-lab/Macrogen/sequencing-data/Batch_MGG2_9-40samples/B009AMD0939_2.fastq.gz
B009AMD0941,MGG2_9,,G2WF-Q9JM-GKF9,AMD0941,AMD,SHOTGUN,v3,s3://amili-global-archive/SHOTGUN/v3/Batch_MGG2_9/B009AMD0941/kneaddata/B009AMD0941.fastq,s3://amili-global-archive/SHOTGUN/v3/Batch_MGG2_9/B009AMD0941/kneaddata/B009AMD0941_stat.tsv,s3://amili-global-archive/SHOTGUN/v3/Batch_MGG2_9/B009AMD0941/metaphlan/B009AMD0941_metaphlan.tsv,s3://amili-global-archive/SHOTGUN/v3/Batch_MGG2_9/B009AMD0941/humann/B009AMD0941_pathabundance.tsv,s3://amili-global-archive/SHOTGUN/v3/Batch_MGG2_9/B009AMD0941/humann/B009AMD0941_reaction_ec.tsv,s3://amili-global-archive/SHOTGUN/v3/Batch_MGG2_9/B009AMD0941/humann/B009AMD0941_genefamilies.tsv,s3://amili-global-archive/SHOTGUN/v3/Batch_MGG2_9/B009AMD0941/humann/B009AMD0941_reaction_ko.tsv,s3://amili-analysis-lab/Macrogen/sequencing-data/Batch_MGG2_9-40samples/B009AMD0941_1.fastq.gz,s3://amili-analysis-lab/Macrogen/sequencing-data/Batch_MGG2_9-40samples/B009AMD0941_2.fastq.gz
B009AMD0945,MGG2_9,,PS8S-BEX6-TXGB,AMD0945,AMD,SHOTGUN,v3,s3://amili-global-archive/SHOTGUN/v3/Batch_MGG2_9/B009AMD0945/kneaddata/B009AMD0945.fastq,s3://amili-global-archive/SHOTGUN/v3/Batch_MGG2_9/B009AMD0945/kneaddata/B009AMD0945_stat.tsv,s3://amili-global-archive/SHOTGUN/v3/Batch_MGG2_9/B009AMD0945/metaphlan/B009AMD0945_metaphlan.tsv,s3://amili-global-archive/SHOTGUN/v3/Batch_MGG2_9/B009AMD0945/humann/B009AMD0945_pathabundance.tsv,s3://amili-global-archive/SHOTGUN/v3/Batch_MGG2_9/B009AMD0945/humann/B009AMD0945_reaction_ec.tsv,s3://amili-global-archive/SHOTGUN/v3/Batch_MGG2_9/B009AMD0945/humann/B009AMD0945_genefamilies.tsv,s3://amili-global-archive/SHOTGUN/v3/Batch_MGG2_9/B009AMD0945/humann/B009AMD0945_reaction_ko.tsv,s3://amili-analysis-lab/Macrogen/sequencing-data/Batch_MGG2_9-40samples/B009AMD0945_1.fastq.gz,s3://amili-analysis-lab/Macrogen/sequencing-data/Batch_MGG2_9-40samples/B009AMD0945_2.fastq.gz
B009AMD0955,MGG2_9,,6GMJ-RC6C-KZDE,AMD0955,AMD,SHOTGUN,v3,s3://amili-global-archive/SHOTGUN/v3/Batch_MGG2_9/B009AMD0955/kneaddata/B009AMD0955.fastq,s3://amili-global-archive/SHOTGUN/v3/Batch_MGG2_9/B009AMD0955/kneaddata/B009AMD0955_stat.tsv,s3://amili-global-archive/SHOTGUN/v3/Batch_MGG2_9/B009AMD0955/metaphlan/B009AMD0955_metaphlan.tsv,s3://amili-global-archive/SHOTGUN/v3/Batch_MGG2_9/B009AMD0955/humann/B009AMD0955_pathabundance.tsv,s3://amili-global-archive/SHOTGUN/v3/Batch_MGG2_9/B009AMD0955/humann/B009AMD0955_reaction_ec.tsv,s3://amili-global-archive/SHOTGUN/v3/Batch_MGG2_9/B009AMD0955/humann/B009AMD0955_genefamilies.tsv,s3://amili-global-archive/SHOTGUN/v3/Batch_MGG2_9/B009AMD0955/humann/B009AMD0955_reaction_ko.tsv,s3://amili-analysis-lab/Macrogen/sequencing-data/Batch_MGG2_9-40samples/B009AMD0955_1.fastq.gz,s3://amili-analysis-lab/Macrogen/sequencing-data/Batch_MGG2_9-40samples/B009AMD0955_2.fastq.gz
B009AMD0957,MGG2_9,,V7HK-QEQ6-5KBQ,AMD0957,AMD,SHOTGUN,v3,s3://amili-global-archive/SHOTGUN/v3/Batch_MGG2_9/B009AMD0957/kneaddata/B009AMD0957.fastq,s3://amili-global-archive/SHOTGUN/v3/Batch_MGG2_9/B009AMD0957/kneaddata/B009AMD0957_stat.tsv,s3://amili-global-archive/SHOTGUN/v3/Batch_MGG2_9/B009AMD0957/metaphlan/B009AMD0957_metaphlan.tsv,s3://amili-global-archive/SHOTGUN/v3/Batch_MGG2_9/B009AMD0957/humann/B009AMD0957_pathabundance.tsv,s3://amili-global-archive/SHOTGUN/v3/Batch_MGG2_9/B009AMD0957/humann/B009AMD0957_reaction_ec.tsv,s3://amili-global-archive/SHOTGUN/v3/Batch_MGG2_9/B009AMD0957/humann/B009AMD0957_genefamilies.tsv,s3://amili-global-archive/SHOTGUN/v3/Batch_MGG2_9/B009AMD0957/humann/B009AMD0957_reaction_ko.tsv,s3://amili-analysis-lab/Macrogen/sequencing-data/Batch_MGG2_9-40samples/B009AMD0957_1.fastq.gz,s3://amili-analysis-lab/Macrogen/sequencing-data/Batch_MGG2_9-40samples/B009AMD0957_2.fastq.gz
B009AMD0959,MGG2_9,,7GHS-49EQ-QY63,AMD0959,AMD,SHOTGUN,v3,s3://amili-global-archive/SHOTGUN/v3/Batch_MGG2_9/B009AMD0959/kneaddata/B009AMD0959.fastq,s3://amili-global-archive/SHOTGUN/v3/Batch_MGG2_9/B009AMD0959/kneaddata/B009AMD0959_stat.tsv,s3://amili-global-archive/SHOTGUN/v3/Batch_MGG2_9/B009AMD0959/metaphlan/B009AMD0959_metaphlan.tsv,s3://amili-global-archive/SHOTGUN/v3/Batch_MGG2_9/B009AMD0959/humann/B009AMD0959_pathabundance.tsv,s3://amili-global-archive/SHOTGUN/v3/Batch_MGG2_9/B009AMD0959/humann/B009AMD0959_reaction_ec.tsv,s3://amili-global-archive/SHOTGUN/v3/Batch_MGG2_9/B009AMD0959/humann/B009AMD0959_genefamilies.tsv,s3://amili-global-archive/SHOTGUN/v3/Batch_MGG2_9/B009AMD0959/humann/B009AMD0959_reaction_ko.tsv,s3://amili-analysis-lab/Macrogen/sequencing-data/Batch_MGG2_9-40samples/B009AMD0959_1.fastq.gz,s3://amili-analysis-lab/Macrogen/sequencing-data/Batch_MGG2_9-40samples/B009AMD0959_2.fastq.gz
B009AMD0963,MGG2_9,,D84Z-FP4W-VQC9,AMD0963,AMD,SHOTGUN,v3,s3://amili-global-archive/SHOTGUN/v3/Batch_MGG2_9/B009AMD0963/kneaddata/B009AMD0963.fastq,s3://amili-global-archive/SHOTGUN/v3/Batch_MGG2_9/B009AMD0963/kneaddata/B009AMD0963_stat.tsv,s3://amili-global-archive/SHOTGUN/v3/Batch_MGG2_9/B009AMD0963/metaphlan/B009AMD0963_metaphlan.tsv,s3://amili-global-archive/SHOTGUN/v3/Batch_MGG2_9/B009AMD0963/humann/B009AMD0963_pathabundance.tsv,s3://amili-global-archive/SHOTGUN/v3/Batch_MGG2_9/B009AMD0963/humann/B009AMD0963_reaction_ec.tsv,s3://amili-global-archive/SHOTGUN/v3/Batch_MGG2_9/B009AMD0963/humann/B009AMD0963_genefamilies.tsv,s3://amili-global-archive/SHOTGUN/v3/Batch_MGG2_9/B009AMD0963/humann/B009AMD0963_reaction_ko.tsv,s3://amili-analysis-lab/Macrogen/sequencing-data/Batch_MGG2_9-40samples/B009AMD0963_1.fastq.gz,s3://amili-analysis-lab/Macrogen/sequencing-data/Batch_MGG2_9-40samples/B009AMD0963_2.fastq.gz
B009AMD0963,MGG2_9,,D84Z-FP4W-VQC9,AMD0963,AMD,SHOTGUN,v3,s3://amili-global-archive/SHOTGUN/v3/batch_mgg2_9-40samples/B009AMD0963/kneaddata/B009AMD0963.fastq,s3://amili-global-archive/SHOTGUN/v3/batch_mgg2_9-40samples/B009AMD0963/kneaddata/B009AMD0963_stat.tsv,s3://amili-global-archive/SHOTGUN/v3/batch_mgg2_9-40samples/B009AMD0963/metaphlan/B009AMD0963_metaphlan.tsv,s3://amili-global-archive/SHOTGUN/v3/batch_mgg2_9-40samples/B009AMD0963/humann/B009AMD0963_pathabundance.tsv,s3://amili-global-archive/SHOTGUN/v3/batch_mgg2_9-40samples/B009AMD0963/humann/B009AMD0963_reaction_ec.tsv,s3://amili-global-archive/SHOTGUN/v3/batch_mgg2_9-40samples/B009AMD0963/humann/B009AMD0963_genefamilies.tsv,s3://amili-global-archive/SHOTGUN/v3/batch_mgg2_9-40samples/B009AMD0963/humann/B009AMD0963_reaction_ko.tsv,s3://amili-analysis-lab/Macrogen/sequencing-data/Batch_MGG2_9-40samples/B009AMD0963_1.fastq.gz,s3://amili-analysis-lab/Macrogen/sequencing-data/Batch_MGG2_9-40samples/B009AMD0963_2.fastq.gz
B009AMD0964,MGG2_9,,JV5Z-GJ2D-WXBH,AMD0964,AMD,SHOTGUN,v3,s3://amili-global-archive/SHOTGUN/v3/Batch_MGG2_9/B009AMD0964/kneaddata/B009AMD0964.fastq,s3://amili-global-archive/SHOTGUN/v3/Batch_MGG2_9/B009AMD0964/kneaddata/B009AMD0964_stat.tsv,s3://amili-global-archive/SHOTGUN/v3/Batch_MGG2_9/B009AMD0964/metaphlan/B009AMD0964_metaphlan.tsv,s3://amili-global-archive/SHOTGUN/v3/Batch_MGG2_9/B009AMD0964/humann/B009AMD0964_pathabundance.tsv,s3://amili-global-archive/SHOTGUN/v3/Batch_MGG2_9/B009AMD0964/humann/B009AMD0964_reaction_ec.tsv,s3://amili-global-archive/SHOTGUN/v3/Batch_MGG2_9/B009AMD0964/humann/B009AMD0964_genefamilies.tsv,s3://amili-global-archive/SHOTGUN/v3/Batch_MGG2_9/B009AMD0964/humann/B009AMD0964_reaction_ko.tsv,s3://amili-analysis-lab/Macrogen/sequencing-data/Batch_MGG2_9-40samples/B009AMD0964_1.fastq.gz,s3://amili-analysis-lab/Macrogen/sequencing-data/Batch_MGG2_9-40samples/B009AMD0964_2.fastq.gz
B009AMD0966,MGG2_9,,BXTH-4FUR-AY38,AMD0966,AMD,SHOTGUN,v3,s3://amili-global-archive/SHOTGUN/v3/Batch_MGG2_9/B009AMD0966/kneaddata/B009AMD0966.fastq,s3://amili-global-archive/SHOTGUN/v3/Batch_MGG2_9/B009AMD0966/kneaddata/B009AMD0966_stat.tsv,s3://amili-global-archive/SHOTGUN/v3/Batch_MGG2_9/B009AMD0966/metaphlan/B009AMD0966_metaphlan.tsv,s3://amili-global-archive/SHOTGUN/v3/Batch_MGG2_9/B009AMD0966/humann/B009AMD0966_pathabundance.tsv,s3://amili-global-archive/SHOTGUN/v3/Batch_MGG2_9/B009AMD0966/humann/B009AMD0966_reaction_ec.tsv,s3://amili-global-archive/SHOTGUN/v3/Batch_MGG2_9/B009AMD0966/humann/B009AMD0966_genefamilies.tsv,s3://amili-global-archive/SHOTGUN/v3/Batch_MGG2_9/B009AMD0966/humann/B009AMD0966_reaction_ko.tsv,s3://amili-analysis-lab/Macrogen/sequencing-data/Batch_MGG2_9-40samples/B009AMD0966_1.fastq.gz,s3://amili-analysis-lab/Macrogen/sequencing-data/Batch_MGG2_9-40samples/B009AMD0966_2.fastq.gz
B009AMD0969,MGG2_9,,4N35-AS3H-CJVY,AMD0969,AMD,SHOTGUN,v3,s3://amili-global-archive/SHOTGUN/v3/Batch_MGG2_9/B009AMD0969/kneaddata/B009AMD0969.fastq,s3://amili-global-archive/SHOTGUN/v3/Batch_MGG2_9/B009AMD0969/kneaddata/B009AMD0969_stat.tsv,s3://amili-global-archive/SHOTGUN/v3/Batch_MGG2_9/B009AMD0969/metaphlan/B009AMD0969_metaphlan.tsv,s3://amili-global-archive/SHOTGUN/v3/Batch_MGG2_9/B009AMD0969/humann/B009AMD0969_pathabundance.tsv,s3://amili-global-archive/SHOTGUN/v3/Batch_MGG2_9/B009AMD0969/humann/B009AMD0969_reaction_ec.tsv,s3://amili-global-archive/SHOTGUN/v3/Batch_MGG2_9/B009AMD0969/humann/B009AMD0969_genefamilies.tsv,s3://amili-global-archive/SHOTGUN/v3/Batch_MGG2_9/B009AMD0969/humann/B009AMD0969_reaction_ko.tsv,s3://amili-analysis-lab/Macrogen/sequencing-data/Batch_MGG2_9-40samples/B009AMD0969_1.fastq.gz,s3://amili-analysis-lab/Macrogen/sequencing-data/Batch_MGG2_9-40samples/B009AMD0969_2.fastq.gz
B009AMD0973,MGG2_9,,VW7H-DJ4K-9SK3,AMD0973,AMD,SHOTGUN,v3,s3://amili-global-archive/SHOTGUN/v3/Batch_MGG2_9/B009AMD0973/kneaddata/B009AMD0973.fastq,s3://amili-global-archive/SHOTGUN/v3/Batch_MGG2_9/B009AMD0973/kneaddata/B009AMD0973_stat.tsv,s3://amili-global-archive/SHOTGUN/v3/Batch_MGG2_9/B009AMD0973/metaphlan/B009AMD0973_metaphlan.tsv,s3://amili-global-archive/SHOTGUN/v3/Batch_MGG2_9/B009AMD0973/humann/B009AMD0973_pathabundance.tsv,s3://amili-global-archive/SHOTGUN/v3/Batch_MGG2_9/B009AMD0973/humann/B009AMD0973_reaction_ec.tsv,s3://amili-global-archive/SHOTGUN/v3/Batch_MGG2_9/B009AMD0973/humann/B009AMD0973_genefamilies.tsv,s3://amili-global-archive/SHOTGUN/v3/Batch_MGG2_9/B009AMD0973/humann/B009AMD0973_reaction_ko.tsv,s3://amili-analysis-lab/Macrogen/sequencing-data/Batch_MGG2_9-40samples/B009AMD0973_1.fastq.gz,s3://amili-analysis-lab/Macrogen/sequencing-data/Batch_MGG2_9-40samples/B009AMD0973_2.fastq.gz
B009AMD0975,MGG2_9,,Q2ZR-PXJF-QWNQ,AMD0975,AMD,SHOTGUN,v3,s3://amili-global-archive/SHOTGUN/v3/Batch_MGG2_9/B009AMD0975/kneaddata/B009AMD0975.fastq,s3://amili-global-archive/SHOTGUN/v3/Batch_MGG2_9/B009AMD0975/kneaddata/B009AMD0975_stat.tsv,s3://amili-global-archive/SHOTGUN/v3/Batch_MGG2_9/B009AMD0975/metaphlan/B009AMD0975_metaphlan.tsv,s3://amili-global-archive/SHOTGUN/v3/Batch_MGG2_9/B009AMD0975/humann/B009AMD0975_pathabundance.tsv,s3://amili-global-archive/SHOTGUN/v3/Batch_MGG2_9/B009AMD0975/humann/B009AMD0975_reaction_ec.tsv,s3://amili-global-archive/SHOTGUN/v3/Batch_MGG2_9/B009AMD0975/humann/B009AMD0975_genefamilies.tsv,s3://amili-global-archive/SHOTGUN/v3/Batch_MGG2_9/B009AMD0975/humann/B009AMD0975_reaction_ko.tsv,s3://amili-analysis-lab/Macrogen/sequencing-data/Batch_MGG2_9-40samples/B009AMD0975_1.fastq.gz,s3://amili-analysis-lab/Macrogen/sequencing-data/Batch_MGG2_9-40samples/B009AMD0975_2.fastq.gz
B009AMD0978,MGG2_9,,6AQ6-R9MV-2CVD,AMD0978,AMD,SHOTGUN,v3,s3://amili-global-archive/SHOTGUN/v3/Batch_MGG2_9/B009AMD0978/kneaddata/B009AMD0978.fastq,s3://amili-global-archive/SHOTGUN/v3/Batch_MGG2_9/B009AMD0978/kneaddata/B009AMD0978_stat.tsv,s3://amili-global-archive/SHOTGUN/v3/Batch_MGG2_9/B009AMD0978/metaphlan/B009AMD0978_metaphlan.tsv,s3://amili-global-archive/SHOTGUN/v3/Batch_MGG2_9/B009AMD0978/humann/B009AMD0978_pathabundance.tsv,s3://amili-global-archive/SHOTGUN/v3/Batch_MGG2_9/B009AMD0978/humann/B009AMD0978_reaction_ec.tsv,s3://amili-global-archive/SHOTGUN/v3/Batch_MGG2_9/B009AMD0978/humann/B009AMD0978_genefamilies.tsv,s3://amili-global-archive/SHOTGUN/v3/Batch_MGG2_9/B009AMD0978/humann/B009AMD0978_reaction_ko.tsv,s3://amili-analysis-lab/Macrogen/sequencing-data/Batch_MGG2_9-40samples/B009AMD0978_1.fastq.gz,s3://amili-analysis-lab/Macrogen/sequencing-data/Batch_MGG2_9-40samples/B009AMD0978_2.fastq.gz
B009AMD0979,MGG2_9,,WKFH-NSRM-3YBZ,AMD0979,AMD,SHOTGUN,v3,s3://amili-global-archive/SHOTGUN/v3/Batch_MGG2_9/B009AMD0979/kneaddata/B009AMD0979.fastq,s3://amili-global-archive/SHOTGUN/v3/Batch_MGG2_9/B009AMD0979/kneaddata/B009AMD0979_stat.tsv,s3://amili-global-archive/SHOTGUN/v3/Batch_MGG2_9/B009AMD0979/metaphlan/B009AMD0979_metaphlan.tsv,s3://amili-global-archive/SHOTGUN/v3/Batch_MGG2_9/B009AMD0979/humann/B009AMD0979_pathabundance.tsv,s3://amili-global-archive/SHOTGUN/v3/Batch_MGG2_9/B009AMD0979/humann/B009AMD0979_reaction_ec.tsv,s3://amili-global-archive/SHOTGUN/v3/Batch_MGG2_9/B009AMD0979/humann/B009AMD0979_genefamilies.tsv,s3://amili-global-archive/SHOTGUN/v3/Batch_MGG2_9/B009AMD0979/humann/B009AMD0979_reaction_ko.tsv,s3://amili-analysis-lab/Macrogen/sequencing-data/Batch_MGG2_9-40samples/B009AMD0979_1.fastq.gz,s3://amili-analysis-lab/Macrogen/sequencing-data/Batch_MGG2_9-40samples/B009AMD0979_2.fastq.gz
B009AMD0980,MGG2_9,,HGFC-QFR4-C98X,AMD0980,AMD,SHOTGUN,v3,s3://amili-global-archive/SHOTGUN/v3/Batch_MGG2_9/B009AMD0980/kneaddata/B009AMD0980.fastq,s3://amili-global-archive/SHOTGUN/v3/Batch_MGG2_9/B009AMD0980/kneaddata/B009AMD0980_stat.tsv,s3://amili-global-archive/SHOTGUN/v3/Batch_MGG2_9/B009AMD0980/metaphlan/B009AMD0980_metaphlan.tsv,s3://amili-global-archive/SHOTGUN/v3/Batch_MGG2_9/B009AMD0980/humann/B009AMD0980_pathabundance.tsv,s3://amili-global-archive/SHOTGUN/v3/Batch_MGG2_9/B009AMD0980/humann/B009AMD0980_reaction_ec.tsv,s3://amili-global-archive/SHOTGUN/v3/Batch_MGG2_9/B009AMD0980/humann/B009AMD0980_genefamilies.tsv,s3://amili-global-archive/SHOTGUN/v3/Batch_MGG2_9/B009AMD0980/humann/B009AMD0980_reaction_ko.tsv,s3://amili-analysis-lab/Macrogen/sequencing-data/Batch_MGG2_9-40samples/B009AMD0980_1.fastq.gz,s3://amili-analysis-lab/Macrogen/sequencing-data/Batch_MGG2_9-40samples/B009AMD0980_2.fastq.gz
B009AMD0981,MGG2_9,,9VPS-DSWV-6M5N,AMD0981,AMD,SHOTGUN,v3,s3://amili-global-archive/SHOTGUN/v3/Batch_MGG2_9/B009AMD0981/kneaddata/B009AMD0981.fastq,s3://amili-global-archive/SHOTGUN/v3/Batch_MGG2_9/B009AMD0981/kneaddata/B009AMD0981_stat.tsv,s3://amili-global-archive/SHOTGUN/v3/Batch_MGG2_9/B009AMD0981/metaphlan/B009AMD0981_metaphlan.tsv,s3://amili-global-archive/SHOTGUN/v3/Batch_MGG2_9/B009AMD0981/humann/B009AMD0981_pathabundance.tsv,s3://amili-global-archive/SHOTGUN/v3/Batch_MGG2_9/B009AMD0981/humann/B009AMD0981_reaction_ec.tsv,s3://amili-global-archive/SHOTGUN/v3/Batch_MGG2_9/B009AMD0981/humann/B009AMD0981_genefamilies.tsv,s3://amili-global-archive/SHOTGUN/v3/Batch_MGG2_9/B009AMD0981/humann/B009AMD0981_reaction_ko.tsv,s3://amili-analysis-lab/Macrogen/sequencing-data/Batch_MGG2_9-40samples/B009AMD0981_1.fastq.gz,s3://amili-analysis-lab/Macrogen/sequencing-data/Batch_MGG2_9-40samples/B009AMD0981_2.fastq.gz
AYRRC26H7X5R,MGG2_99,PC6KA2HZ4DWVZCTJ,WQZD-QCGP-NVCD,AMD1520,AMD,SHOTGUN,v3,s3://amili-global-archive/SHOTGUN/v3/Batch_MGG2_99/AYRRC26H7X5R/kneaddata/AYRRC26H7X5R.fastq,s3://amili-global-archive/SHOTGUN/v3/Batch_MGG2_99/AYRRC26H7X5R/kneaddata/AYRRC26H7X5R_stat.tsv,s3://amili-global-archive/SHOTGUN/v3/Batch_MGG2_99/AYRRC26H7X5R/metaphlan/AYRRC26H7X5R_metaphlan.tsv,,,,,s3://amili-analysis-lab/Macrogen/sequencing-data/Batch_MGG2_99-40samples/AYRRC26H7X5R_1.fastq.gz,s3://amili-analysis-lab/Macrogen/sequencing-data/Batch_MGG2_99-40samples/AYRRC26H7X5R_2.fastq.gz
AYRRC26H7X5R,MGG2_99,PC6KA2HZ4DWVZCTJ,WQZD-QCGP-NVCD,AMD1520,AMD,SHOTGUN,v3,s3://amili-global-archive/SHOTGUN/v3/batch_mgg2_99/AYRRC26H7X5R/kneaddata/AYRRC26H7X5R.fastq,s3://amili-global-archive/SHOTGUN/v3/batch_mgg2_99/AYRRC26H7X5R/kneaddata/AYRRC26H7X5R_stat.tsv,s3://amili-global-archive/SHOTGUN/v3/batch_mgg2_99/AYRRC26H7X5R/metaphlan/AYRRC26H7X5R_metaphlan.tsv,s3://amili-global-archive/SHOTGUN/v3/batch_mgg2_99/AYRRC26H7X5R/humann/AYRRC26H7X5R_pathabundance.tsv,s3://amili-global-archive/SHOTGUN/v3/batch_mgg2_99/AYRRC26H7X5R/humann/AYRRC26H7X5R_reaction_ec.tsv,s3://amili-global-archive/SHOTGUN/v3/batch_mgg2_99/AYRRC26H7X5R/humann/AYRRC26H7X5R_genefamilies.tsv,s3://amili-global-archive/SHOTGUN/v3/batch_mgg2_99/AYRRC26H7X5R/humann/AYRRC26H7X5R_reaction_ko.tsv,s3://amili-analysis-lab/Macrogen/sequencing-data/Batch_MGG2_99-40samples/AYRRC26H7X5R_1.fastq.gz,s3://amili-analysis-lab/Macrogen/sequencing-data/Batch_MGG2_99-40samples/AYRRC26H7X5R_2.fastq.gz
B42B55DW3XCG,MGG2_99,NW4A3VQN4BASW7R3,3649-2G2W-CUNV,AMD1401,AMD,SHOTGUN,v3,s3://amili-global-archive/SHOTGUN/v3/Batch_MGG2_99/B42B55DW3XCG/kneaddata/B42B55DW3XCG.fastq,s3://amili-global-archive/SHOTGUN/v3/Batch_MGG2_99/B42B55DW3XCG/kneaddata/B42B55DW3XCG_stat.tsv,s3://amili-global-archive/SHOTGUN/v3/Batch_MGG2_99/B42B55DW3XCG/metaphlan/B42B55DW3XCG_metaphlan.tsv,,,,,s3://amili-analysis-lab/Macrogen/sequencing-data/Batch_MGG2_99-40samples/B42B55DW3XCG_1.fastq.gz,s3://amili-analysis-lab/Macrogen/sequencing-data/Batch_MGG2_99-40samples/B42B55DW3XCG_2.fastq.gz
B42B55DW3XCG,MGG2_99,NW4A3VQN4BASW7R3,3649-2G2W-CUNV,AMD1401,AMD,SHOTGUN,v3,s3://amili-global-archive/SHOTGUN/v3/batch_mgg2_99/B42B55DW3XCG/kneaddata/B42B55DW3XCG.fastq,s3://amili-global-archive/SHOTGUN/v3/batch_mgg2_99/B42B55DW3XCG/kneaddata/B42B55DW3XCG_stat.tsv,s3://amili-global-archive/SHOTGUN/v3/batch_mgg2_99/B42B55DW3XCG/metaphlan/B42B55DW3XCG_metaphlan.tsv,s3://amili-global-archive/SHOTGUN/v3/batch_mgg2_99/B42B55DW3XCG/humann/B42B55DW3XCG_pathabundance.tsv,s3://amili-global-archive/SHOTGUN/v3/batch_mgg2_99/B42B55DW3XCG/humann/B42B55DW3XCG_reaction_ec.tsv,s3://amili-global-archive/SHOTGUN/v3/batch_mgg2_99/B42B55DW3XCG/humann/B42B55DW3XCG_genefamilies.tsv,s3://amili-global-archive/SHOTGUN/v3/batch_mgg2_99/B42B55DW3XCG/humann/B42B55DW3XCG_reaction_ko.tsv,s3://amili-analysis-lab/Macrogen/sequencing-data/Batch_MGG2_99-40samples/B42B55DW3XCG_1.fastq.gz,s3://amili-analysis-lab/Macrogen/sequencing-data/Batch_MGG2_99-40samples/B42B55DW3XCG_2.fastq.gz
C9Q2RAYTDYA3,MGG2_99,AS4ZNRZGH8BZEDV2,T8VS-35DB-MZ7X,AMD1546,AMD,SHOTGUN,v3,s3://amili-global-archive/SHOTGUN/v3/Batch_MGG2_99/C9Q2RAYTDYA3/kneaddata/C9Q2RAYTDYA3.fastq,s3://amili-global-archive/SHOTGUN/v3/Batch_MGG2_99/C9Q2RAYTDYA3/kneaddata/C9Q2RAYTDYA3_stat.tsv,s3://amili-global-archive/SHOTGUN/v3/Batch_MGG2_99/C9Q2RAYTDYA3/metaphlan/C9Q2RAYTDYA3_metaphlan.tsv,,,,,s3://amili-analysis-lab/Macrogen/sequencing-data/Batch_MGG2_99-40samples/C9Q2RAYTDYA3_1.fastq.gz,s3://amili-analysis-lab/Macrogen/sequencing-data/Batch_MGG2_99-40samples/C9Q2RAYTDYA3_2.fastq.gz
C9Q2RAYTDYA3,MGG2_99,AS4ZNRZGH8BZEDV2,T8VS-35DB-MZ7X,AMD1546,AMD,SHOTGUN,v3,s3://amili-global-archive/SHOTGUN/v3/batch_mgg2_99/C9Q2RAYTDYA3/kneaddata/C9Q2RAYTDYA3.fastq,s3://amili-global-archive/SHOTGUN/v3/batch_mgg2_99/C9Q2RAYTDYA3/kneaddata/C9Q2RAYTDYA3_stat.tsv,s3://amili-global-archive/SHOTGUN/v3/batch_mgg2_99/C9Q2RAYTDYA3/metaphlan/C9Q2RAYTDYA3_metaphlan.tsv,s3://amili-global-archive/SHOTGUN/v3/batch_mgg2_99/C9Q2RAYTDYA3/humann/C9Q2RAYTDYA3_pathabundance.tsv,s3://amili-global-archive/SHOTGUN/v3/batch_mgg2_99/C9Q2RAYTDYA3/humann/C9Q2RAYTDYA3_reaction_ec.tsv,s3://amili-global-archive/SHOTGUN/v3/batch_mgg2_99/C9Q2RAYTDYA3/humann/C9Q2RAYTDYA3_genefamilies.tsv,s3://amili-global-archive/SHOTGUN/v3/batch_mgg2_99/C9Q2RAYTDYA3/humann/C9Q2RAYTDYA3_reaction_ko.tsv,s3://amili-analysis-lab/Macrogen/sequencing-data/Batch_MGG2_99-40samples/C9Q2RAYTDYA3_1.fastq.gz,s3://amili-analysis-lab/Macrogen/sequencing-data/Batch_MGG2_99-40samples/C9Q2RAYTDYA3_2.fastq.gz
CYNG4JM8Y9PJ,MGG2_99,V3FV6CS47EPNUXUK,WZTZ-24VU-HWM8,AMD1521,AMD,SHOTGUN,v3,s3://amili-global-archive/SHOTGUN/v3/Batch_MGG2_99/CYNG4JM8Y9PJ/kneaddata/CYNG4JM8Y9PJ.fastq,s3://amili-global-archive/SHOTGUN/v3/Batch_MGG2_99/CYNG4JM8Y9PJ/kneaddata/CYNG4JM8Y9PJ_stat.tsv,s3://amili-global-archive/SHOTGUN/v3/Batch_MGG2_99/CYNG4JM8Y9PJ/metaphlan/CYNG4JM8Y9PJ_metaphlan.tsv,,,,,s3://amili-analysis-lab/Macrogen/sequencing-data/Batch_MGG2_99-40samples/CYNG4JM8Y9PJ_1.fastq.gz,s3://amili-analysis-lab/Macrogen/sequencing-data/Batch_MGG2_99-40samples/CYNG4JM8Y9PJ_2.fastq.gz
CYNG4JM8Y9PJ,MGG2_99,V3FV6CS47EPNUXUK,WZTZ-24VU-HWM8,AMD1521,AMD,SHOTGUN,v3,s3://amili-global-archive/SHOTGUN/v3/batch_mgg2_99/CYNG4JM8Y9PJ/kneaddata/CYNG4JM8Y9PJ.fastq,s3://amili-global-archive/SHOTGUN/v3/batch_mgg2_99/CYNG4JM8Y9PJ/kneaddata/CYNG4JM8Y9PJ_stat.tsv,s3://amili-global-archive/SHOTGUN/v3/batch_mgg2_99/CYNG4JM8Y9PJ/metaphlan/CYNG4JM8Y9PJ_metaphlan.tsv,s3://amili-global-archive/SHOTGUN/v3/batch_mgg2_99/CYNG4JM8Y9PJ/humann/CYNG4JM8Y9PJ_pathabundance.tsv,s3://amili-global-archive/SHOTGUN/v3/batch_mgg2_99/CYNG4JM8Y9PJ/humann/CYNG4JM8Y9PJ_reaction_ec.tsv,s3://amili-global-archive/SHOTGUN/v3/batch_mgg2_99/CYNG4JM8Y9PJ/humann/CYNG4JM8Y9PJ_genefamilies.tsv,s3://amili-global-archive/SHOTGUN/v3/batch_mgg2_99/CYNG4JM8Y9PJ/humann/CYNG4JM8Y9PJ_reaction_ko.tsv,s3://amili-analysis-lab/Macrogen/sequencing-data/Batch_MGG2_99-40samples/CYNG4JM8Y9PJ_1.fastq.gz,s3://amili-analysis-lab/Macrogen/sequencing-data/Batch_MGG2_99-40samples/CYNG4JM8Y9PJ_2.fastq.gz
DP98GU5CU9ED,MGG2_99,RSKNHRFXQPMZ966N,GU9Q-5HZ4-K8JJ,AMD1534,AMD,SHOTGUN,v3,s3://amili-global-archive/SHOTGUN/v3/Batch_MGG2_99/DP98GU5CU9ED/kneaddata/DP98GU5CU9ED.fastq,s3://amili-global-archive/SHOTGUN/v3/Batch_MGG2_99/DP98GU5CU9ED/kneaddata/DP98GU5CU9ED_stat.tsv,s3://amili-global-archive/SHOTGUN/v3/Batch_MGG2_99/DP98GU5CU9ED/metaphlan/DP98GU5CU9ED_metaphlan.tsv,,,,,s3://amili-analysis-lab/Macrogen/sequencing-data/Batch_MGG2_99-40samples/DP98GU5CU9ED_1.fastq.gz,s3://amili-analysis-lab/Macrogen/sequencing-data/Batch_MGG2_99-40samples/DP98GU5CU9ED_2.fastq.gz
DP98GU5CU9ED,MGG2_99,RSKNHRFXQPMZ966N,GU9Q-5HZ4-K8JJ,AMD1534,AMD,SHOTGUN,v3,s3://amili-global-archive/SHOTGUN/v3/batch_mgg2_99/DP98GU5CU9ED/kneaddata/DP98GU5CU9ED.fastq,s3://amili-global-archive/SHOTGUN/v3/batch_mgg2_99/DP98GU5CU9ED/kneaddata/DP98GU5CU9ED_stat.tsv,s3://amili-global-archive/SHOTGUN/v3/batch_mgg2_99/DP98GU5CU9ED/metaphlan/DP98GU5CU9ED_metaphlan.tsv,s3://amili-global-archive/SHOTGUN/v3/batch_mgg2_99/DP98GU5CU9ED/humann/DP98GU5CU9ED_pathabundance.tsv,s3://amili-global-archive/SHOTGUN/v3/batch_mgg2_99/DP98GU5CU9ED/humann/DP98GU5CU9ED_reaction_ec.tsv,s3://amili-global-archive/SHOTGUN/v3/batch_mgg2_99/DP98GU5CU9ED/humann/DP98GU5CU9ED_genefamilies.tsv,s3://amili-global-archive/SHOTGUN/v3/batch_mgg2_99/DP98GU5CU9ED/humann/DP98GU5CU9ED_reaction_ko.tsv,s3://amili-analysis-lab/Macrogen/sequencing-data/Batch_MGG2_99-40samples/DP98GU5CU9ED_1.fastq.gz,s3://amili-analysis-lab/Macrogen/sequencing-data/Batch_MGG2_99-40samples/DP98GU5CU9ED_2.fastq.gz
DUQYM4GS4YZQ,MGG2_99,HX9HFWTHVBJKD4KD,NC59-5B45-F29Y,AMD1495,AMD,SHOTGUN,v3,s3://amili-global-archive/SHOTGUN/v3/Batch_MGG2_99/DUQYM4GS4YZQ/kneaddata/DUQYM4GS4YZQ.fastq,s3://amili-global-archive/SHOTGUN/v3/Batch_MGG2_99/DUQYM4GS4YZQ/kneaddata/DUQYM4GS4YZQ_stat.tsv,s3://amili-global-archive/SHOTGUN/v3/Batch_MGG2_99/DUQYM4GS4YZQ/metaphlan/DUQYM4GS4YZQ_metaphlan.tsv,,,,,s3://amili-analysis-lab/Macrogen/sequencing-data/Batch_MGG2_99-40samples/DUQYM4GS4YZQ_1.fastq.gz,s3://amili-analysis-lab/Macrogen/sequencing-data/Batch_MGG2_99-40samples/DUQYM4GS4YZQ_2.fastq.gz
DUQYM4GS4YZQ,MGG2_99,HX9HFWTHVBJKD4KD,NC59-5B45-F29Y,AMD1495,AMD,SHOTGUN,v3,s3://amili-global-archive/SHOTGUN/v3/batch_mgg2_99/DUQYM4GS4YZQ/kneaddata/DUQYM4GS4YZQ.fastq,s3://amili-global-archive/SHOTGUN/v3/batch_mgg2_99/DUQYM4GS4YZQ/kneaddata/DUQYM4GS4YZQ_stat.tsv,s3://amili-global-archive/SHOTGUN/v3/batch_mgg2_99/DUQYM4GS4YZQ/metaphlan/DUQYM4GS4YZQ_metaphlan.tsv,s3://amili-global-archive/SHOTGUN/v3/batch_mgg2_99/DUQYM4GS4YZQ/humann/DUQYM4GS4YZQ_pathabundance.tsv,s3://amili-global-archive/SHOTGUN/v3/batch_mgg2_99/DUQYM4GS4YZQ/humann/DUQYM4GS4YZQ_reaction_ec.tsv,s3://amili-global-archive/SHOTGUN/v3/batch_mgg2_99/DUQYM4GS4YZQ/humann/DUQYM4GS4YZQ_genefamilies.tsv,s3://amili-global-archive/SHOTGUN/v3/batch_mgg2_99/DUQYM4GS4YZQ/humann/DUQYM4GS4YZQ_reaction_ko.tsv,s3://amili-analysis-lab/Macrogen/sequencing-data/Batch_MGG2_99-40samples/DUQYM4GS4YZQ_1.fastq.gz,s3://amili-analysis-lab/Macrogen/sequencing-data/Batch_MGG2_99-40samples/DUQYM4GS4YZQ_2.fastq.gz
H9DRN9ESDQA5,MGG2_99,H7EZYKW4K46GTX4A,CMNU-UEAX-DHNN,AMD1505,AMD,SHOTGUN,v3,s3://amili-global-archive/SHOTGUN/v3/Batch_MGG2_99/H9DRN9ESDQA5/kneaddata/H9DRN9ESDQA5.fastq,s3://amili-global-archive/SHOTGUN/v3/Batch_MGG2_99/H9DRN9ESDQA5/kneaddata/H9DRN9ESDQA5_stat.tsv,s3://amili-global-archive/SHOTGUN/v3/Batch_MGG2_99/H9DRN9ESDQA5/metaphlan/H9DRN9ESDQA5_metaphlan.tsv,,,,,s3://amili-analysis-lab/Macrogen/sequencing-data/Batch_MGG2_99-40samples/H9DRN9ESDQA5_1.fastq.gz,s3://amili-analysis-lab/Macrogen/sequencing-data/Batch_MGG2_99-40samples/H9DRN9ESDQA5_2.fastq.gz
H9DRN9ESDQA5,MGG2_99,H7EZYKW4K46GTX4A,CMNU-UEAX-DHNN,AMD1505,AMD,SHOTGUN,v3,s3://amili-global-archive/SHOTGUN/v3/batch_mgg2_99/H9DRN9ESDQA5/kneaddata/H9DRN9ESDQA5.fastq,s3://amili-global-archive/SHOTGUN/v3/batch_mgg2_99/H9DRN9ESDQA5/kneaddata/H9DRN9ESDQA5_stat.tsv,s3://amili-global-archive/SHOTGUN/v3/batch_mgg2_99/H9DRN9ESDQA5/metaphlan/H9DRN9ESDQA5_metaphlan.tsv,s3://amili-global-archive/SHOTGUN/v3/batch_mgg2_99/H9DRN9ESDQA5/humann/H9DRN9ESDQA5_pathabundance.tsv,s3://amili-global-archive/SHOTGUN/v3/batch_mgg2_99/H9DRN9ESDQA5/humann/H9DRN9ESDQA5_reaction_ec.tsv,s3://amili-global-archive/SHOTGUN/v3/batch_mgg2_99/H9DRN9ESDQA5/humann/H9DRN9ESDQA5_genefamilies.tsv,s3://amili-global-archive/SHOTGUN/v3/batch_mgg2_99/H9DRN9ESDQA5/humann/H9DRN9ESDQA5_reaction_ko.tsv,s3://amili-analysis-lab/Macrogen/sequencing-data/Batch_MGG2_99-40samples/H9DRN9ESDQA5_1.fastq.gz,s3://amili-analysis-lab/Macrogen/sequencing-data/Batch_MGG2_99-40samples/H9DRN9ESDQA5_2.fastq.gz
JU3763C36HQJ,MGG2_99,YDNB8YV9WJUMWTTY,ZN5K-BRH4-7UH5,AMD1547,AMD,SHOTGUN,v3,s3://amili-global-archive/SHOTGUN/v3/Batch_MGG2_99/JU3763C36HQJ/kneaddata/JU3763C36HQJ.fastq,s3://amili-global-archive/SHOTGUN/v3/Batch_MGG2_99/JU3763C36HQJ/kneaddata/JU3763C36HQJ_stat.tsv,s3://amili-global-archive/SHOTGUN/v3/Batch_MGG2_99/JU3763C36HQJ/metaphlan/JU3763C36HQJ_metaphlan.tsv,,,,,s3://amili-analysis-lab/Macrogen/sequencing-data/Batch_MGG2_99-40samples/JU3763C36HQJ_1.fastq.gz,s3://amili-analysis-lab/Macrogen/sequencing-data/Batch_MGG2_99-40samples/JU3763C36HQJ_2.fastq.gz
JU3763C36HQJ,MGG2_99,YDNB8YV9WJUMWTTY,ZN5K-BRH4-7UH5,AMD1547,AMD,SHOTGUN,v3,s3://amili-global-archive/SHOTGUN/v3/Luan/JU3763C36HQJ/kneaddata/JU3763C36HQJ.fastq,s3://amili-global-archive/SHOTGUN/v3/Luan/JU3763C36HQJ/kneaddata/JU3763C36HQJ_stat.tsv,s3://amili-global-archive/SHOTGUN/v3/Luan/JU3763C36HQJ/metaphlan/JU3763C36HQJ_metaphlan.tsv,,,,,s3://amili-analysis-lab/Macrogen/sequencing-data/Batch_MGG2_99-40samples/JU3763C36HQJ_1.fastq.gz,s3://amili-analysis-lab/Macrogen/sequencing-data/Batch_MGG2_99-40samples/JU3763C36HQJ_2.fastq.gz
JU3763C36HQJ,MGG2_99,YDNB8YV9WJUMWTTY,ZN5K-BRH4-7UH5,AMD1547,AMD,SHOTGUN,v3,s3://amili-global-archive/SHOTGUN/v3/batch_mgg2_99/JU3763C36HQJ/kneaddata/JU3763C36HQJ.fastq,s3://amili-global-archive/SHOTGUN/v3/batch_mgg2_99/JU3763C36HQJ/kneaddata/JU3763C36HQJ_stat.tsv,s3://amili-global-archive/SHOTGUN/v3/batch_mgg2_99/JU3763C36HQJ/metaphlan/JU3763C36HQJ_metaphlan.tsv,s3://amili-global-archive/SHOTGUN/v3/batch_mgg2_99/JU3763C36HQJ/humann/JU3763C36HQJ_pathabundance.tsv,s3://amili-global-archive/SHOTGUN/v3/batch_mgg2_99/JU3763C36HQJ/humann/JU3763C36HQJ_reaction_ec.tsv,s3://amili-global-archive/SHOTGUN/v3/batch_mgg2_99/JU3763C36HQJ/humann/JU3763C36HQJ_genefamilies.tsv,s3://amili-global-archive/SHOTGUN/v3/batch_mgg2_99/JU3763C36HQJ/humann/JU3763C36HQJ_reaction_ko.tsv,s3://amili-analysis-lab/Macrogen/sequencing-data/Batch_MGG2_99-40samples/JU3763C36HQJ_1.fastq.gz,s3://amili-analysis-lab/Macrogen/sequencing-data/Batch_MGG2_99-40samples/JU3763C36HQJ_2.fastq.gz
MBEZCRY6ZYZH,MGG2_99,UJK83HSYHSRWB5RC,GGXA-XTBJ-6HQY,AMD1489,AMD,SHOTGUN,v3,s3://amili-global-archive/SHOTGUN/v3/Batch_MGG2_99/MBEZCRY6ZYZH/kneaddata/MBEZCRY6ZYZH.fastq,s3://amili-global-archive/SHOTGUN/v3/Batch_MGG2_99/MBEZCRY6ZYZH/kneaddata/MBEZCRY6ZYZH_stat.tsv,s3://amili-global-archive/SHOTGUN/v3/Batch_MGG2_99/MBEZCRY6ZYZH/metaphlan/MBEZCRY6ZYZH_metaphlan.tsv,,,,,s3://amili-analysis-lab/Macrogen/sequencing-data/Batch_MGG2_99-40samples/MBEZCRY6ZYZH_1.fastq.gz,s3://amili-analysis-lab/Macrogen/sequencing-data/Batch_MGG2_99-40samples/MBEZCRY6ZYZH_2.fastq.gz
MBEZCRY6ZYZH,MGG2_99,UJK83HSYHSRWB5RC,GGXA-XTBJ-6HQY,AMD1489,AMD,SHOTGUN,v3,s3://amili-global-archive/SHOTGUN/v3/batch_mgg2_99/MBEZCRY6ZYZH/kneaddata/MBEZCRY6ZYZH.fastq,s3://amili-global-archive/SHOTGUN/v3/batch_mgg2_99/MBEZCRY6ZYZH/kneaddata/MBEZCRY6ZYZH_stat.tsv,s3://amili-global-archive/SHOTGUN/v3/batch_mgg2_99/MBEZCRY6ZYZH/metaphlan/MBEZCRY6ZYZH_metaphlan.tsv,s3://amili-global-archive/SHOTGUN/v3/batch_mgg2_99/MBEZCRY6ZYZH/humann/MBEZCRY6ZYZH_pathabundance.tsv,s3://amili-global-archive/SHOTGUN/v3/batch_mgg2_99/MBEZCRY6ZYZH/humann/MBEZCRY6ZYZH_reaction_ec.tsv,s3://amili-global-archive/SHOTGUN/v3/batch_mgg2_99/MBEZCRY6ZYZH/humann/MBEZCRY6ZYZH_genefamilies.tsv,s3://amili-global-archive/SHOTGUN/v3/batch_mgg2_99/MBEZCRY6ZYZH/humann/MBEZCRY6ZYZH_reaction_ko.tsv,s3://amili-analysis-lab/Macrogen/sequencing-data/Batch_MGG2_99-40samples/MBEZCRY6ZYZH_1.fastq.gz,s3://amili-analysis-lab/Macrogen/sequencing-data/Batch_MGG2_99-40samples/MBEZCRY6ZYZH_2.fastq.gz
NC4TJJ3RT2PD,MGG2_99,APF2PS7S7NXKB55S,9RST-8ENS-4FK4,AMD1526,AMD,SHOTGUN,v3,s3://amili-global-archive/SHOTGUN/v3/Batch_MGG2_99/NC4TJJ3RT2PD/kneaddata/NC4TJJ3RT2PD.fastq,s3://amili-global-archive/SHOTGUN/v3/Batch_MGG2_99/NC4TJJ3RT2PD/kneaddata/NC4TJJ3RT2PD_stat.tsv,s3://amili-global-archive/SHOTGUN/v3/Batch_MGG2_99/NC4TJJ3RT2PD/metaphlan/NC4TJJ3RT2PD_metaphlan.tsv,,,,,s3://amili-analysis-lab/Macrogen/sequencing-data/Batch_MGG2_99-40samples/NC4TJJ3RT2PD_1.fastq.gz,s3://amili-analysis-lab/Macrogen/sequencing-data/Batch_MGG2_99-40samples/NC4TJJ3RT2PD_2.fastq.gz
NC4TJJ3RT2PD,MGG2_99,APF2PS7S7NXKB55S,9RST-8ENS-4FK4,AMD1526,AMD,SHOTGUN,v3,s3://amili-global-archive/SHOTGUN/v3/batch_mgg2_99/NC4TJJ3RT2PD/kneaddata/NC4TJJ3RT2PD.fastq,s3://amili-global-archive/SHOTGUN/v3/batch_mgg2_99/NC4TJJ3RT2PD/kneaddata/NC4TJJ3RT2PD_stat.tsv,s3://amili-global-archive/SHOTGUN/v3/batch_mgg2_99/NC4TJJ3RT2PD/metaphlan/NC4TJJ3RT2PD_metaphlan.tsv,s3://amili-global-archive/SHOTGUN/v3/batch_mgg2_99/NC4TJJ3RT2PD/humann/NC4TJJ3RT2PD_pathabundance.tsv,s3://amili-global-archive/SHOTGUN/v3/batch_mgg2_99/NC4TJJ3RT2PD/humann/NC4TJJ3RT2PD_reaction_ec.tsv,s3://amili-global-archive/SHOTGUN/v3/batch_mgg2_99/NC4TJJ3RT2PD/humann/NC4TJJ3RT2PD_genefamilies.tsv,s3://amili-global-archive/SHOTGUN/v3/batch_mgg2_99/NC4TJJ3RT2PD/humann/NC4TJJ3RT2PD_reaction_ko.tsv,s3://amili-analysis-lab/Macrogen/sequencing-data/Batch_MGG2_99-40samples/NC4TJJ3RT2PD_1.fastq.gz,s3://amili-analysis-lab/Macrogen/sequencing-data/Batch_MGG2_99-40samples/NC4TJJ3RT2PD_2.fastq.gz
P5UE2MZQ3A76,MGG2_99,P976J4KC2TYT94KS,SPM7-G964-6HK8,AMD1508,AMD,SHOTGUN,v3,s3://amili-global-archive/SHOTGUN/v3/Batch_MGG2_99/P5UE2MZQ3A76/kneaddata/P5UE2MZQ3A76.fastq,s3://amili-global-archive/SHOTGUN/v3/Batch_MGG2_99/P5UE2MZQ3A76/kneaddata/P5UE2MZQ3A76_stat.tsv,s3://amili-global-archive/SHOTGUN/v3/Batch_MGG2_99/P5UE2MZQ3A76/metaphlan/P5UE2MZQ3A76_metaphlan.tsv,,,,,s3://amili-analysis-lab/Macrogen/sequencing-data/Batch_MGG2_99-40samples/P5UE2MZQ3A76_1.fastq.gz,s3://amili-analysis-lab/Macrogen/sequencing-data/Batch_MGG2_99-40samples/P5UE2MZQ3A76_2.fastq.gz
P5UE2MZQ3A76,MGG2_99,P976J4KC2TYT94KS,SPM7-G964-6HK8,AMD1508,AMD,SHOTGUN,v3,s3://amili-global-archive/SHOTGUN/v3/batch_mgg2_99/P5UE2MZQ3A76/kneaddata/P5UE2MZQ3A76.fastq,s3://amili-global-archive/SHOTGUN/v3/batch_mgg2_99/P5UE2MZQ3A76/kneaddata/P5UE2MZQ3A76_stat.tsv,s3://amili-global-archive/SHOTGUN/v3/batch_mgg2_99/P5UE2MZQ3A76/metaphlan/P5UE2MZQ3A76_metaphlan.tsv,s3://amili-global-archive/SHOTGUN/v3/batch_mgg2_99/P5UE2MZQ3A76/humann/P5UE2MZQ3A76_pathabundance.tsv,s3://amili-global-archive/SHOTGUN/v3/batch_mgg2_99/P5UE2MZQ3A76/humann/P5UE2MZQ3A76_reaction_ec.tsv,s3://amili-global-archive/SHOTGUN/v3/batch_mgg2_99/P5UE2MZQ3A76/humann/P5UE2MZQ3A76_genefamilies.tsv,s3://amili-global-archive/SHOTGUN/v3/batch_mgg2_99/P5UE2MZQ3A76/humann/P5UE2MZQ3A76_reaction_ko.tsv,s3://amili-analysis-lab/Macrogen/sequencing-data/Batch_MGG2_99-40samples/P5UE2MZQ3A76_1.fastq.gz,s3://amili-analysis-lab/Macrogen/sequencing-data/Batch_MGG2_99-40samples/P5UE2MZQ3A76_2.fastq.gz
Q889662SP3ZX,MGG2_99,SXWVDJCEAP9SZJVK,SQA6-KZSQ-F84K,AMD1539,AMD,SHOTGUN,v3,s3://amili-global-archive/SHOTGUN/v3/Batch_MGG2_99/Q889662SP3ZX/kneaddata/Q889662SP3ZX.fastq,s3://amili-global-archive/SHOTGUN/v3/Batch_MGG2_99/Q889662SP3ZX/kneaddata/Q889662SP3ZX_stat.tsv,s3://amili-global-archive/SHOTGUN/v3/Batch_MGG2_99/Q889662SP3ZX/metaphlan/Q889662SP3ZX_metaphlan.tsv,,,,,s3://amili-analysis-lab/Macrogen/sequencing-data/Batch_MGG2_99-40samples/Q889662SP3ZX_1.fastq.gz,s3://amili-analysis-lab/Macrogen/sequencing-data/Batch_MGG2_99-40samples/Q889662SP3ZX_2.fastq.gz
Q889662SP3ZX,MGG2_99,SXWVDJCEAP9SZJVK,SQA6-KZSQ-F84K,AMD1539,AMD,SHOTGUN,v3,s3://amili-global-archive/SHOTGUN/v3/batch_mgg2_99/Q889662SP3ZX/kneaddata/Q889662SP3ZX.fastq,s3://amili-global-archive/SHOTGUN/v3/batch_mgg2_99/Q889662SP3ZX/kneaddata/Q889662SP3ZX_stat.tsv,s3://amili-global-archive/SHOTGUN/v3/batch_mgg2_99/Q889662SP3ZX/metaphlan/Q889662SP3ZX_metaphlan.tsv,s3://amili-global-archive/SHOTGUN/v3/batch_mgg2_99/Q889662SP3ZX/humann/Q889662SP3ZX_pathabundance.tsv,s3://amili-global-archive/SHOTGUN/v3/batch_mgg2_99/Q889662SP3ZX/humann/Q889662SP3ZX_reaction_ec.tsv,s3://amili-global-archive/SHOTGUN/v3/batch_mgg2_99/Q889662SP3ZX/humann/Q889662SP3ZX_genefamilies.tsv,s3://amili-global-archive/SHOTGUN/v3/batch_mgg2_99/Q889662SP3ZX/humann/Q889662SP3ZX_reaction_ko.tsv,s3://amili-analysis-lab/Macrogen/sequencing-data/Batch_MGG2_99-40samples/Q889662SP3ZX_1.fastq.gz,s3://amili-analysis-lab/Macrogen/sequencing-data/Batch_MGG2_99-40samples/Q889662SP3ZX_2.fastq.gz
SC2BKT7FAYBR,MGG2_99,JDHC6DQVT9H5HTQD,WPTR-8C3V-GY2H,AMD1549,AMD,SHOTGUN,v3,s3://amili-global-archive/SHOTGUN/v3/Batch_MGG2_99/SC2BKT7FAYBR/kneaddata/SC2BKT7FAYBR.fastq,s3://amili-global-archive/SHOTGUN/v3/Batch_MGG2_99/SC2BKT7FAYBR/kneaddata/SC2BKT7FAYBR_stat.tsv,s3://amili-global-archive/SHOTGUN/v3/Batch_MGG2_99/SC2BKT7FAYBR/metaphlan/SC2BKT7FAYBR_metaphlan.tsv,,,,,s3://amili-analysis-lab/Macrogen/sequencing-data/Batch_MGG2_99-40samples/SC2BKT7FAYBR_1.fastq.gz,s3://amili-analysis-lab/Macrogen/sequencing-data/Batch_MGG2_99-40samples/SC2BKT7FAYBR_2.fastq.gz
SC2BKT7FAYBR,MGG2_99,JDHC6DQVT9H5HTQD,WPTR-8C3V-GY2H,AMD1549,AMD,SHOTGUN,v3,s3://amili-global-archive/SHOTGUN/v3/batch_mgg2_99/SC2BKT7FAYBR/kneaddata/SC2BKT7FAYBR.fastq,s3://amili-global-archive/SHOTGUN/v3/batch_mgg2_99/SC2BKT7FAYBR/kneaddata/SC2BKT7FAYBR_stat.tsv,s3://amili-global-archive/SHOTGUN/v3/batch_mgg2_99/SC2BKT7FAYBR/metaphlan/SC2BKT7FAYBR_metaphlan.tsv,s3://amili-global-archive/SHOTGUN/v3/batch_mgg2_99/SC2BKT7FAYBR/humann/SC2BKT7FAYBR_pathabundance.tsv,s3://amili-global-archive/SHOTGUN/v3/batch_mgg2_99/SC2BKT7FAYBR/humann/SC2BKT7FAYBR_reaction_ec.tsv,s3://amili-global-archive/SHOTGUN/v3/batch_mgg2_99/SC2BKT7FAYBR/humann/SC2BKT7FAYBR_genefamilies.tsv,s3://amili-global-archive/SHOTGUN/v3/batch_mgg2_99/SC2BKT7FAYBR/humann/SC2BKT7FAYBR_reaction_ko.tsv,s3://amili-analysis-lab/Macrogen/sequencing-data/Batch_MGG2_99-40samples/SC2BKT7FAYBR_1.fastq.gz,s3://amili-analysis-lab/Macrogen/sequencing-data/Batch_MGG2_99-40samples/SC2BKT7FAYBR_2.fastq.gz
U94BMA6FG23Z,MGG2_99,GYDVGU8Y9J88AB5Y,PGA6-U2FP-4569,AMD1516,AMD,SHOTGUN,v3,s3://amili-global-archive/SHOTGUN/v3/Batch_MGG2_99/U94BMA6FG23Z/kneaddata/U94BMA6FG23Z.fastq,s3://amili-global-archive/SHOTGUN/v3/Batch_MGG2_99/U94BMA6FG23Z/kneaddata/U94BMA6FG23Z_stat.tsv,s3://amili-global-archive/SHOTGUN/v3/Batch_MGG2_99/U94BMA6FG23Z/metaphlan/U94BMA6FG23Z_metaphlan.tsv,,,,,s3://amili-analysis-lab/Macrogen/sequencing-data/Batch_MGG2_99-40samples/U94BMA6FG23Z_1.fastq.gz,s3://amili-analysis-lab/Macrogen/sequencing-data/Batch_MGG2_99-40samples/U94BMA6FG23Z_2.fastq.gz
U94BMA6FG23Z,MGG2_99,GYDVGU8Y9J88AB5Y,PGA6-U2FP-4569,AMD1516,AMD,SHOTGUN,v3,s3://amili-global-archive/SHOTGUN/v3/batch_mgg2_99/U94BMA6FG23Z/kneaddata/U94BMA6FG23Z.fastq,s3://amili-global-archive/SHOTGUN/v3/batch_mgg2_99/U94BMA6FG23Z/kneaddata/U94BMA6FG23Z_stat.tsv,s3://amili-global-archive/SHOTGUN/v3/batch_mgg2_99/U94BMA6FG23Z/metaphlan/U94BMA6FG23Z_metaphlan.tsv,s3://amili-global-archive/SHOTGUN/v3/batch_mgg2_99/U94BMA6FG23Z/humann/U94BMA6FG23Z_pathabundance.tsv,s3://amili-global-archive/SHOTGUN/v3/batch_mgg2_99/U94BMA6FG23Z/humann/U94BMA6FG23Z_reaction_ec.tsv,s3://amili-global-archive/SHOTGUN/v3/batch_mgg2_99/U94BMA6FG23Z/humann/U94BMA6FG23Z_genefamilies.tsv,s3://amili-global-archive/SHOTGUN/v3/batch_mgg2_99/U94BMA6FG23Z/humann/U94BMA6FG23Z_reaction_ko.tsv,s3://amili-analysis-lab/Macrogen/sequencing-data/Batch_MGG2_99-40samples/U94BMA6FG23Z_1.fastq.gz,s3://amili-analysis-lab/Macrogen/sequencing-data/Batch_MGG2_99-40samples/U94BMA6FG23Z_2.fastq.gz
USRWUM5HJG96,MGG2_99,UFRM8YPCFCEMBC4R,2SKY-TFEQ-NBJU,AMD1506,AMD,SHOTGUN,v3,s3://amili-global-archive/SHOTGUN/v3/Batch_MGG2_99/USRWUM5HJG96/kneaddata/USRWUM5HJG96.fastq,s3://amili-global-archive/SHOTGUN/v3/Batch_MGG2_99/USRWUM5HJG96/kneaddata/USRWUM5HJG96_stat.tsv,s3://amili-global-archive/SHOTGUN/v3/Batch_MGG2_99/USRWUM5HJG96/metaphlan/USRWUM5HJG96_metaphlan.tsv,,,,,s3://amili-analysis-lab/Macrogen/sequencing-data/Batch_MGG2_99-40samples/USRWUM5HJG96_1.fastq.gz,s3://amili-analysis-lab/Macrogen/sequencing-data/Batch_MGG2_99-40samples/USRWUM5HJG96_2.fastq.gz
USRWUM5HJG96,MGG2_99,UFRM8YPCFCEMBC4R,2SKY-TFEQ-NBJU,AMD1506,AMD,SHOTGUN,v3,s3://amili-global-archive/SHOTGUN/v3/batch_mgg2_99/USRWUM5HJG96/kneaddata/USRWUM5HJG96.fastq,s3://amili-global-archive/SHOTGUN/v3/batch_mgg2_99/USRWUM5HJG96/kneaddata/USRWUM5HJG96_stat.tsv,s3://amili-global-archive/SHOTGUN/v3/batch_mgg2_99/USRWUM5HJG96/metaphlan/USRWUM5HJG96_metaphlan.tsv,s3://amili-global-archive/SHOTGUN/v3/batch_mgg2_99/USRWUM5HJG96/humann/USRWUM5HJG96_pathabundance.tsv,s3://amili-global-archive/SHOTGUN/v3/batch_mgg2_99/USRWUM5HJG96/humann/USRWUM5HJG96_reaction_ec.tsv,s3://amili-global-archive/SHOTGUN/v3/batch_mgg2_99/USRWUM5HJG96/humann/USRWUM5HJG96_genefamilies.tsv,s3://amili-global-archive/SHOTGUN/v3/batch_mgg2_99/USRWUM5HJG96/humann/USRWUM5HJG96_reaction_ko.tsv,s3://amili-analysis-lab/Macrogen/sequencing-data/Batch_MGG2_99-40samples/USRWUM5HJG96_1.fastq.gz,s3://amili-analysis-lab/Macrogen/sequencing-data/Batch_MGG2_99-40samples/USRWUM5HJG96_2.fastq.gz
VWGAMTNRDVVJ,MGG2_99,NTHZTP7XU7CRF7XC,ZGEN-MMR7-Z3FW,AMD1503,AMD,SHOTGUN,v3,s3://amili-global-archive/SHOTGUN/v3/Batch_MGG2_99/VWGAMTNRDVVJ/kneaddata/VWGAMTNRDVVJ.fastq,s3://amili-global-archive/SHOTGUN/v3/Batch_MGG2_99/VWGAMTNRDVVJ/kneaddata/VWGAMTNRDVVJ_stat.tsv,s3://amili-global-archive/SHOTGUN/v3/Batch_MGG2_99/VWGAMTNRDVVJ/metaphlan/VWGAMTNRDVVJ_metaphlan.tsv,,,,,s3://amili-analysis-lab/Macrogen/sequencing-data/Batch_MGG2_99-40samples/VWGAMTNRDVVJ_1.fastq.gz,s3://amili-analysis-lab/Macrogen/sequencing-data/Batch_MGG2_99-40samples/VWGAMTNRDVVJ_2.fastq.gz
VWGAMTNRDVVJ,MGG2_99,NTHZTP7XU7CRF7XC,ZGEN-MMR7-Z3FW,AMD1503,AMD,SHOTGUN,v3,s3://amili-global-archive/SHOTGUN/v3/batch_mgg2_99/VWGAMTNRDVVJ/kneaddata/VWGAMTNRDVVJ.fastq,s3://amili-global-archive/SHOTGUN/v3/batch_mgg2_99/VWGAMTNRDVVJ/kneaddata/VWGAMTNRDVVJ_stat.tsv,s3://amili-global-archive/SHOTGUN/v3/batch_mgg2_99/VWGAMTNRDVVJ/metaphlan/VWGAMTNRDVVJ_metaphlan.tsv,s3://amili-global-archive/SHOTGUN/v3/batch_mgg2_99/VWGAMTNRDVVJ/humann/VWGAMTNRDVVJ_pathabundance.tsv,s3://amili-global-archive/SHOTGUN/v3/batch_mgg2_99/VWGAMTNRDVVJ/humann/VWGAMTNRDVVJ_reaction_ec.tsv,s3://amili-global-archive/SHOTGUN/v3/batch_mgg2_99/VWGAMTNRDVVJ/humann/VWGAMTNRDVVJ_genefamilies.tsv,s3://amili-global-archive/SHOTGUN/v3/batch_mgg2_99/VWGAMTNRDVVJ/humann/VWGAMTNRDVVJ_reaction_ko.tsv,s3://amili-analysis-lab/Macrogen/sequencing-data/Batch_MGG2_99-40samples/VWGAMTNRDVVJ_1.fastq.gz,s3://amili-analysis-lab/Macrogen/sequencing-data/Batch_MGG2_99-40samples/VWGAMTNRDVVJ_2.fastq.gz
Y439GCR4E3PX,MGG2_99,SRWKMQCSU3USRQH4,PZ5C-T95V-XU95,AMD1519,AMD,SHOTGUN,v3,s3://amili-global-archive/SHOTGUN/v3/Batch_MGG2_99/Y439GCR4E3PX/kneaddata/Y439GCR4E3PX.fastq,s3://amili-global-archive/SHOTGUN/v3/Batch_MGG2_99/Y439GCR4E3PX/kneaddata/Y439GCR4E3PX_stat.tsv,s3://amili-global-archive/SHOTGUN/v3/Batch_MGG2_99/Y439GCR4E3PX/metaphlan/Y439GCR4E3PX_metaphlan.tsv,,,,,s3://amili-analysis-lab/Macrogen/sequencing-data/Batch_MGG2_99-40samples/Y439GCR4E3PX_1.fastq.gz,s3://amili-analysis-lab/Macrogen/sequencing-data/Batch_MGG2_99-40samples/Y439GCR4E3PX_2.fastq.gz
Y439GCR4E3PX,MGG2_99,SRWKMQCSU3USRQH4,PZ5C-T95V-XU95,AMD1519,AMD,SHOTGUN,v3,s3://amili-global-archive/SHOTGUN/v3/batch_mgg2_99-40samples/Y439GCR4E3PX/kneaddata/Y439GCR4E3PX.fastq,s3://amili-global-archive/SHOTGUN/v3/batch_mgg2_99-40samples/Y439GCR4E3PX/kneaddata/Y439GCR4E3PX_stat.tsv,s3://amili-global-archive/SHOTGUN/v3/batch_mgg2_99-40samples/Y439GCR4E3PX/metaphlan/Y439GCR4E3PX_metaphlan.tsv,s3://amili-global-archive/SHOTGUN/v3/batch_mgg2_99-40samples/Y439GCR4E3PX/humann/Y439GCR4E3PX_pathabundance.tsv,s3://amili-global-archive/SHOTGUN/v3/batch_mgg2_99-40samples/Y439GCR4E3PX/humann/Y439GCR4E3PX_reaction_ec.tsv,s3://amili-global-archive/SHOTGUN/v3/batch_mgg2_99-40samples/Y439GCR4E3PX/humann/Y439GCR4E3PX_genefamilies.tsv,s3://amili-global-archive/SHOTGUN/v3/batch_mgg2_99-40samples/Y439GCR4E3PX/humann/Y439GCR4E3PX_reaction_ko.tsv,s3://amili-analysis-lab/Macrogen/sequencing-data/Batch_MGG2_99-40samples/Y439GCR4E3PX_1.fastq.gz,s3://amili-analysis-lab/Macrogen/sequencing-data/Batch_MGG2_99-40samples/Y439GCR4E3PX_2.fastq.gz
Y439GCR4E3PX,MGG2_99,SRWKMQCSU3USRQH4,PZ5C-T95V-XU95,AMD1519,AMD,SHOTGUN,v3,s3://amili-global-archive/SHOTGUN/v3/batch_mgg2_99/Y439GCR4E3PX/kneaddata/Y439GCR4E3PX.fastq,s3://amili-global-archive/SHOTGUN/v3/batch_mgg2_99/Y439GCR4E3PX/kneaddata/Y439GCR4E3PX_stat.tsv,s3://amili-global-archive/SHOTGUN/v3/batch_mgg2_99/Y439GCR4E3PX/metaphlan/Y439GCR4E3PX_metaphlan.tsv,s3://amili-global-archive/SHOTGUN/v3/batch_mgg2_99/Y439GCR4E3PX/humann/Y439GCR4E3PX_pathabundance.tsv,s3://amili-global-archive/SHOTGUN/v3/batch_mgg2_99/Y439GCR4E3PX/humann/Y439GCR4E3PX_reaction_ec.tsv,s3://amili-global-archive/SHOTGUN/v3/batch_mgg2_99/Y439GCR4E3PX/humann/Y439GCR4E3PX_genefamilies.tsv,s3://amili-global-archive/SHOTGUN/v3/batch_mgg2_99/Y439GCR4E3PX/humann/Y439GCR4E3PX_reaction_ko.tsv,s3://amili-analysis-lab/Macrogen/sequencing-data/Batch_MGG2_99-40samples/Y439GCR4E3PX_1.fastq.gz,s3://amili-analysis-lab/Macrogen/sequencing-data/Batch_MGG2_99-40samples/Y439GCR4E3PX_2.fastq.gz
YF4HJ2SRV9VG,MGG2_99,VBKPWA6P3F2KN9SZ,DP3J-D6UJ-KZH2,AMD1478,AMD,SHOTGUN,v3,s3://amili-global-archive/SHOTGUN/v3/Batch_MGG2_99/YF4HJ2SRV9VG/kneaddata/YF4HJ2SRV9VG.fastq,s3://amili-global-archive/SHOTGUN/v3/Batch_MGG2_99/YF4HJ2SRV9VG/kneaddata/YF4HJ2SRV9VG_stat.tsv,s3://amili-global-archive/SHOTGUN/v3/Batch_MGG2_99/YF4HJ2SRV9VG/metaphlan/YF4HJ2SRV9VG_metaphlan.tsv,,,,,s3://amili-analysis-lab/Macrogen/sequencing-data/Batch_MGG2_99-40samples/YF4HJ2SRV9VG_1.fastq.gz,s3://amili-analysis-lab/Macrogen/sequencing-data/Batch_MGG2_99-40samples/YF4HJ2SRV9VG_2.fastq.gz
YF4HJ2SRV9VG,MGG2_99,VBKPWA6P3F2KN9SZ,DP3J-D6UJ-KZH2,AMD1478,AMD,SHOTGUN,v3,s3://amili-global-archive/SHOTGUN/v3/batch_mgg2_99/YF4HJ2SRV9VG/kneaddata/YF4HJ2SRV9VG.fastq,s3://amili-global-archive/SHOTGUN/v3/batch_mgg2_99/YF4HJ2SRV9VG/kneaddata/YF4HJ2SRV9VG_stat.tsv,s3://amili-global-archive/SHOTGUN/v3/batch_mgg2_99/YF4HJ2SRV9VG/metaphlan/YF4HJ2SRV9VG_metaphlan.tsv,s3://amili-global-archive/SHOTGUN/v3/batch_mgg2_99/YF4HJ2SRV9VG/humann/YF4HJ2SRV9VG_pathabundance.tsv,s3://amili-global-archive/SHOTGUN/v3/batch_mgg2_99/YF4HJ2SRV9VG/humann/YF4HJ2SRV9VG_reaction_ec.tsv,s3://amili-global-archive/SHOTGUN/v3/batch_mgg2_99/YF4HJ2SRV9VG/humann/YF4HJ2SRV9VG_genefamilies.tsv,s3://amili-global-archive/SHOTGUN/v3/batch_mgg2_99/YF4HJ2SRV9VG/humann/YF4HJ2SRV9VG_reaction_ko.tsv,s3://amili-analysis-lab/Macrogen/sequencing-data/Batch_MGG2_99-40samples/YF4HJ2SRV9VG_1.fastq.gz,s3://amili-analysis-lab/Macrogen/sequencing-data/Batch_MGG2_99-40samples/YF4HJ2SRV9VG_2.fastq.gz
YH4KYFY9TTHX,MGG2_99,VQ4CDQXTDA4XBDGS,TJ49-HFU4-Y9Z8,AMD1502,AMD,SHOTGUN,v3,s3://amili-global-archive/SHOTGUN/v3/Batch_MGG2_99/YH4KYFY9TTHX/kneaddata/YH4KYFY9TTHX.fastq,s3://amili-global-archive/SHOTGUN/v3/Batch_MGG2_99/YH4KYFY9TTHX/kneaddata/YH4KYFY9TTHX_stat.tsv,s3://amili-global-archive/SHOTGUN/v3/Batch_MGG2_99/YH4KYFY9TTHX/metaphlan/YH4KYFY9TTHX_metaphlan.tsv,,,,,s3://amili-analysis-lab/Macrogen/sequencing-data/Batch_MGG2_99-40samples/YH4KYFY9TTHX_1.fastq.gz,s3://amili-analysis-lab/Macrogen/sequencing-data/Batch_MGG2_99-40samples/YH4KYFY9TTHX_2.fastq.gz
YH4KYFY9TTHX,MGG2_99,VQ4CDQXTDA4XBDGS,TJ49-HFU4-Y9Z8,AMD1502,AMD,SHOTGUN,v3,s3://amili-global-archive/SHOTGUN/v3/batch_mgg2_99/YH4KYFY9TTHX/kneaddata/YH4KYFY9TTHX.fastq,s3://amili-global-archive/SHOTGUN/v3/batch_mgg2_99/YH4KYFY9TTHX/kneaddata/YH4KYFY9TTHX_stat.tsv,s3://amili-global-archive/SHOTGUN/v3/batch_mgg2_99/YH4KYFY9TTHX/metaphlan/YH4KYFY9TTHX_metaphlan.tsv,s3://amili-global-archive/SHOTGUN/v3/batch_mgg2_99/YH4KYFY9TTHX/humann/YH4KYFY9TTHX_pathabundance.tsv,s3://amili-global-archive/SHOTGUN/v3/batch_mgg2_99/YH4KYFY9TTHX/humann/YH4KYFY9TTHX_reaction_ec.tsv,s3://amili-global-archive/SHOTGUN/v3/batch_mgg2_99/YH4KYFY9TTHX/humann/YH4KYFY9TTHX_genefamilies.tsv,s3://amili-global-archive/SHOTGUN/v3/batch_mgg2_99/YH4KYFY9TTHX/humann/YH4KYFY9TTHX_reaction_ko.tsv,s3://amili-analysis-lab/Macrogen/sequencing-data/Batch_MGG2_99-40samples/YH4KYFY9TTHX_1.fastq.gz,s3://amili-analysis-lab/Macrogen/sequencing-data/Batch_MGG2_99-40samples/YH4KYFY9TTHX_2.fastq.gz
AMD0006Q,BATCH2,,AMDJ-JV4E-9FS2,AMD0006,AMD,SHOTGUN,v3,s3://amili-global-archive/SHOTGUN/v3/batch_2/AMD0006q_S25/kneaddata/AMD0006q_S25.fastq,s3://amili-global-archive/SHOTGUN/v3/batch_2/AMD0006q_S25/kneaddata/AMD0006q_S25_stat.tsv,s3://amili-global-archive/SHOTGUN/v3/batch_2/AMD0006q_S25/metaphlan/AMD0006q_S25_metaphlan.tsv,s3://amili-global-archive/SHOTGUN/v3/batch_2/AMD0006q_S25/humann/AMD0006q_S25_pathabundance.tsv,s3://amili-global-archive/SHOTGUN/v3/batch_2/AMD0006q_S25/humann/AMD0006q_S25_reaction_ec.tsv,s3://amili-global-archive/SHOTGUN/v3/batch_2/AMD0006q_S25/humann/AMD0006q_S25_genefamilies.tsv,s3://amili-global-archive/SHOTGUN/v3/batch_2/AMD0006q_S25/humann/AMD0006q_S25_reaction_ko.tsv,,
AMD0008Q,BATCH2,,AMDJ-PKWK-KYWW,AMD0008,AMD,SHOTGUN,v3,s3://amili-global-archive/SHOTGUN/v3/batch_2/AMD0008q_S27/kneaddata/AMD0008q_S27.fastq,s3://amili-global-archive/SHOTGUN/v3/batch_2/AMD0008q_S27/kneaddata/AMD0008q_S27_stat.tsv,s3://amili-global-archive/SHOTGUN/v3/batch_2/AMD0008q_S27/metaphlan/AMD0008q_S27_metaphlan.tsv,s3://amili-global-archive/SHOTGUN/v3/batch_2/AMD0008q_S27/humann/AMD0008q_S27_pathabundance.tsv,s3://amili-global-archive/SHOTGUN/v3/batch_2/AMD0008q_S27/humann/AMD0008q_S27_reaction_ec.tsv,s3://amili-global-archive/SHOTGUN/v3/batch_2/AMD0008q_S27/humann/AMD0008q_S27_genefamilies.tsv,s3://amili-global-archive/SHOTGUN/v3/batch_2/AMD0008q_S27/humann/AMD0008q_S27_reaction_ko.tsv,,
AMD0009Q,BATCH2,,AMDJ-GUMQ-JX8A,AMD0009,AMD,SHOTGUN,v3,s3://amili-global-archive/SHOTGUN/v3/batch_2/AMD0009q_S28/kneaddata/AMD0009q_S28.fastq,s3://amili-global-archive/SHOTGUN/v3/batch_2/AMD0009q_S28/kneaddata/AMD0009q_S28_stat.tsv,s3://amili-global-archive/SHOTGUN/v3/batch_2/AMD0009q_S28/metaphlan/AMD0009q_S28_metaphlan.tsv,s3://amili-global-archive/SHOTGUN/v3/batch_2/AMD0009q_S28/humann/AMD0009q_S28_pathabundance.tsv,s3://amili-global-archive/SHOTGUN/v3/batch_2/AMD0009q_S28/humann/AMD0009q_S28_reaction_ec.tsv,s3://amili-global-archive/SHOTGUN/v3/batch_2/AMD0009q_S28/humann/AMD0009q_S28_genefamilies.tsv,s3://amili-global-archive/SHOTGUN/v3/batch_2/AMD0009q_S28/humann/AMD0009q_S28_reaction_ko.tsv,,
AMD0014Q,BATCH2,,AMDJ-792G-QP4S,AMD0014,AMD,SHOTGUN,v3,s3://amili-global-archive/SHOTGUN/v3/batch_2/AMD0014q_S30/kneaddata/AMD0014q_S30.fastq,s3://amili-global-archive/SHOTGUN/v3/batch_2/AMD0014q_S30/kneaddata/AMD0014q_S30_stat.tsv,s3://amili-global-archive/SHOTGUN/v3/batch_2/AMD0014q_S30/metaphlan/AMD0014q_S30_metaphlan.tsv,s3://amili-global-archive/SHOTGUN/v3/batch_2/AMD0014q_S30/humann/AMD0014q_S30_pathabundance.tsv,s3://amili-global-archive/SHOTGUN/v3/batch_2/AMD0014q_S30/humann/AMD0014q_S30_reaction_ec.tsv,s3://amili-global-archive/SHOTGUN/v3/batch_2/AMD0014q_S30/humann/AMD0014q_S30_genefamilies.tsv,s3://amili-global-archive/SHOTGUN/v3/batch_2/AMD0014q_S30/humann/AMD0014q_S30_reaction_ko.tsv,,
AMD0016Q,BATCH2,,AMDJ-GE5H-GB6F,AMD0016,AMD,SHOTGUN,v3,s3://amili-global-archive/SHOTGUN/v3/batch_2/AMD0016q_S31/kneaddata/AMD0016q_S31.fastq,s3://amili-global-archive/SHOTGUN/v3/batch_2/AMD0016q_S31/kneaddata/AMD0016q_S31_stat.tsv,s3://amili-global-archive/SHOTGUN/v3/batch_2/AMD0016q_S31/metaphlan/AMD0016q_S31_metaphlan.tsv,s3://amili-global-archive/SHOTGUN/v3/batch_2/AMD0016q_S31/humann/AMD0016q_S31_pathabundance.tsv,s3://amili-global-archive/SHOTGUN/v3/batch_2/AMD0016q_S31/humann/AMD0016q_S31_reaction_ec.tsv,s3://amili-global-archive/SHOTGUN/v3/batch_2/AMD0016q_S31/humann/AMD0016q_S31_genefamilies.tsv,s3://amili-global-archive/SHOTGUN/v3/batch_2/AMD0016q_S31/humann/AMD0016q_S31_reaction_ko.tsv,,
AMD0041Q,BATCH2,,AMDJ-TX2X-R4E9,AMD0041,AMD,SHOTGUN,v3,s3://amili-global-archive/SHOTGUN/v3/batch_2/AMD0041q_S43/kneaddata/AMD0041q_S43.fastq,s3://amili-global-archive/SHOTGUN/v3/batch_2/AMD0041q_S43/kneaddata/AMD0041q_S43_stat.tsv,s3://amili-global-archive/SHOTGUN/v3/batch_2/AMD0041q_S43/metaphlan/AMD0041q_S43_metaphlan.tsv,s3://amili-global-archive/SHOTGUN/v3/batch_2/AMD0041q_S43/humann/AMD0041q_S43_pathabundance.tsv,s3://amili-global-archive/SHOTGUN/v3/batch_2/AMD0041q_S43/humann/AMD0041q_S43_reaction_ec.tsv,s3://amili-global-archive/SHOTGUN/v3/batch_2/AMD0041q_S43/humann/AMD0041q_S43_genefamilies.tsv,s3://amili-global-archive/SHOTGUN/v3/batch_2/AMD0041q_S43/humann/AMD0041q_S43_reaction_ko.tsv,,
AML_AMD0032201105,BATCH4-RUN3,,AMDJ-6ZU3-M8KR,AMD0032,AMD,SHOTGUN,v3,s3://amili-global-archive/SHOTGUN/v3/batch_4.3-97samples/AMD0032201105/kneaddata/AMD0032201105.fastq,s3://amili-global-archive/SHOTGUN/v3/batch_4.3-97samples/AMD0032201105/kneaddata/AMD0032201105_stat.tsv,s3://amili-global-archive/SHOTGUN/v3/batch_4.3-97samples/AMD0032201105/metaphlan/AMD0032201105_metaphlan.tsv,s3://amili-global-archive/SHOTGUN/v3/batch_4.3-97samples/AMD0032201105/humann/AMD0032201105_pathabundance.tsv,s3://amili-global-archive/SHOTGUN/v3/batch_4.3-97samples/AMD0032201105/humann/AMD0032201105_reaction_ec.tsv,s3://amili-global-archive/SHOTGUN/v3/batch_4.3-97samples/AMD0032201105/humann/AMD0032201105_genefamilies.tsv,s3://amili-global-archive/SHOTGUN/v3/batch_4.3-97samples/AMD0032201105/humann/AMD0032201105_reaction_ko.tsv,,
AML_AMD0032201105,BATCH4-RUN3,,AMDJ-6ZU3-M8KR,AMD0032,AMD,SHOTGUN,v3,s3://amili-global-archive/SHOTGUN/v3/batch_4/AMD0032201105/kneaddata/AMD0032201105.fastq,s3://amili-global-archive/SHOTGUN/v3/batch_4/AMD0032201105/kneaddata/AMD0032201105_stat.tsv,s3://amili-global-archive/SHOTGUN/v3/batch_4/AMD0032201105/metaphlan/AMD0032201105_metaphlan.tsv,,,,,,
AML_AMD0103201105,BATCH4-RUN3,,AMDJ-WU26-G8XQ,AMD0103,AMD,SHOTGUN,v3,s3://amili-global-archive/SHOTGUN/v3/batch_4.3-97samples/AMD0103201105/kneaddata/AMD0103201105.fastq,s3://amili-global-archive/SHOTGUN/v3/batch_4.3-97samples/AMD0103201105/kneaddata/AMD0103201105_stat.tsv,s3://amili-global-archive/SHOTGUN/v3/batch_4.3-97samples/AMD0103201105/metaphlan/AMD0103201105_metaphlan.tsv,s3://amili-global-archive/SHOTGUN/v3/batch_4.3-97samples/AMD0103201105/humann/AMD0103201105_pathabundance.tsv,s3://amili-global-archive/SHOTGUN/v3/batch_4.3-97samples/AMD0103201105/humann/AMD0103201105_reaction_ec.tsv,s3://amili-global-archive/SHOTGUN/v3/batch_4.3-97samples/AMD0103201105/humann/AMD0103201105_genefamilies.tsv,s3://amili-global-archive/SHOTGUN/v3/batch_4.3-97samples/AMD0103201105/humann/AMD0103201105_reaction_ko.tsv,,
AML_AMD0103201105,BATCH4-RUN3,,AMDJ-WU26-G8XQ,AMD0103,AMD,SHOTGUN,v3,s3://amili-global-archive/SHOTGUN/v3/batch_4/AMD0103201105/kneaddata/AMD0103201105.fastq,s3://amili-global-archive/SHOTGUN/v3/batch_4/AMD0103201105/kneaddata/AMD0103201105_stat.tsv,s3://amili-global-archive/SHOTGUN/v3/batch_4/AMD0103201105/metaphlan/AMD0103201105_metaphlan.tsv,,,,,,
AML_AMD0109201105,BATCH4-RUN3,,AMDJ-BB5Y-6EWE,AMD0109,AMD,SHOTGUN,v3,s3://amili-global-archive/SHOTGUN/v3/batch_4.3-97samples/AMD0109201105/kneaddata/AMD0109201105.fastq,s3://amili-global-archive/SHOTGUN/v3/batch_4.3-97samples/AMD0109201105/kneaddata/AMD0109201105_stat.tsv,s3://amili-global-archive/SHOTGUN/v3/batch_4.3-97samples/AMD0109201105/metaphlan/AMD0109201105_metaphlan.tsv,s3://amili-global-archive/SHOTGUN/v3/batch_4.3-97samples/AMD0109201105/humann/AMD0109201105_pathabundance.tsv,s3://amili-global-archive/SHOTGUN/v3/batch_4.3-97samples/AMD0109201105/humann/AMD0109201105_reaction_ec.tsv,s3://amili-global-archive/SHOTGUN/v3/batch_4.3-97samples/AMD0109201105/humann/AMD0109201105_genefamilies.tsv,s3://amili-global-archive/SHOTGUN/v3/batch_4.3-97samples/AMD0109201105/humann/AMD0109201105_reaction_ko.tsv,,
AML_AMD0111201105,BATCH4-RUN3,,AMDJ-EK78-MWNA,AMD0111,AMD,SHOTGUN,v3,s3://amili-global-archive/SHOTGUN/v3/batch_4.3-97samples/AMD0111201105/kneaddata/AMD0111201105.fastq,s3://amili-global-archive/SHOTGUN/v3/batch_4.3-97samples/AMD0111201105/kneaddata/AMD0111201105_stat.tsv,s3://amili-global-archive/SHOTGUN/v3/batch_4.3-97samples/AMD0111201105/metaphlan/AMD0111201105_metaphlan.tsv,s3://amili-global-archive/SHOTGUN/v3/batch_4.3-97samples/AMD0111201105/humann/AMD0111201105_pathabundance.tsv,s3://amili-global-archive/SHOTGUN/v3/batch_4.3-97samples/AMD0111201105/humann/AMD0111201105_reaction_ec.tsv,s3://amili-global-archive/SHOTGUN/v3/batch_4.3-97samples/AMD0111201105/humann/AMD0111201105_genefamilies.tsv,s3://amili-global-archive/SHOTGUN/v3/batch_4.3-97samples/AMD0111201105/humann/AMD0111201105_reaction_ko.tsv,,
AML_AMD0111201105,BATCH4-RUN3,,AMDJ-EK78-MWNA,AMD0111,AMD,SHOTGUN,v3,s3://amili-global-archive/SHOTGUN/v3/batch_4/AMD0111201105/kneaddata/AMD0111201105.fastq,s3://amili-global-archive/SHOTGUN/v3/batch_4/AMD0111201105/kneaddata/AMD0111201105_stat.tsv,s3://amili-global-archive/SHOTGUN/v3/batch_4/AMD0111201105/metaphlan/AMD0111201105_metaphlan.tsv,,,,,,
AML_AMD0117201105,BATCH4-RUN3,,AMDJ-4WT2-S72T,AMD0117,AMD,SHOTGUN,v3,s3://amili-global-archive/SHOTGUN/v3/batch_4.3-97samples/AMD0117201105/kneaddata/AMD0117201105.fastq,s3://amili-global-archive/SHOTGUN/v3/batch_4.3-97samples/AMD0117201105/kneaddata/AMD0117201105_stat.tsv,s3://amili-global-archive/SHOTGUN/v3/batch_4.3-97samples/AMD0117201105/metaphlan/AMD0117201105_metaphlan.tsv,s3://amili-global-archive/SHOTGUN/v3/batch_4.3-97samples/AMD0117201105/humann/AMD0117201105_pathabundance.tsv,s3://amili-global-archive/SHOTGUN/v3/batch_4.3-97samples/AMD0117201105/humann/AMD0117201105_reaction_ec.tsv,s3://amili-global-archive/SHOTGUN/v3/batch_4.3-97samples/AMD0117201105/humann/AMD0117201105_genefamilies.tsv,s3://amili-global-archive/SHOTGUN/v3/batch_4.3-97samples/AMD0117201105/humann/AMD0117201105_reaction_ko.tsv,,
AML_AMD0117201105,BATCH4-RUN3,,AMDJ-4WT2-S72T,AMD0117,AMD,SHOTGUN,v3,s3://amili-global-archive/SHOTGUN/v3/batch_4/AMD0117201105/kneaddata/AMD0117201105.fastq,s3://amili-global-archive/SHOTGUN/v3/batch_4/AMD0117201105/kneaddata/AMD0117201105_stat.tsv,s3://amili-global-archive/SHOTGUN/v3/batch_4/AMD0117201105/metaphlan/AMD0117201105_metaphlan.tsv,s3://amili-global-archive/SHOTGUN/v3/batch_4/AMD0117201105/humann/AMD0117201105_pathabundance.tsv,s3://amili-global-archive/SHOTGUN/v3/batch_4/AMD0117201105/humann/AMD0117201105_reaction_ec.tsv,s3://amili-global-archive/SHOTGUN/v3/batch_4/AMD0117201105/humann/AMD0117201105_genefamilies.tsv,s3://amili-global-archive/SHOTGUN/v3/batch_4/AMD0117201105/humann/AMD0117201105_reaction_ko.tsv,,
AML_AMD0120201105,BATCH4-RUN3,,AMDJ-C77X-TT3R,AMD0120,AMD,SHOTGUN,v3,s3://amili-global-archive/SHOTGUN/v3/Batch4.3/AMD0120201105/kneaddata/AMD0120201105.fastq,s3://amili-global-archive/SHOTGUN/v3/Batch4.3/AMD0120201105/kneaddata/AMD0120201105_stat.tsv,s3://amili-global-archive/SHOTGUN/v3/Batch4.3/AMD0120201105/metaphlan/AMD0120201105_metaphlan.tsv,s3://amili-global-archive/SHOTGUN/v3/Batch4.3/AMD0120201105/humann/AMD0120201105_pathabundance.tsv,s3://amili-global-archive/SHOTGUN/v3/Batch4.3/AMD0120201105/humann/AMD0120201105_reaction_ec.tsv,s3://amili-global-archive/SHOTGUN/v3/Batch4.3/AMD0120201105/humann/AMD0120201105_genefamilies.tsv,s3://amili-global-archive/SHOTGUN/v3/Batch4.3/AMD0120201105/humann/AMD0120201105_reaction_ko.tsv,,
AML_AMD0120201105,BATCH4-RUN3,,AMDJ-C77X-TT3R,AMD0120,AMD,SHOTGUN,v3,s3://amili-global-archive/SHOTGUN/v3/batch_4.3-97samples/AMD0120201105/kneaddata/AMD0120201105.fastq,s3://amili-global-archive/SHOTGUN/v3/batch_4.3-97samples/AMD0120201105/kneaddata/AMD0120201105_stat.tsv,s3://amili-global-archive/SHOTGUN/v3/batch_4.3-97samples/AMD0120201105/metaphlan/AMD0120201105_metaphlan.tsv,s3://amili-global-archive/SHOTGUN/v3/batch_4.3-97samples/AMD0120201105/humann/AMD0120201105_pathabundance.tsv,s3://amili-global-archive/SHOTGUN/v3/batch_4.3-97samples/AMD0120201105/humann/AMD0120201105_reaction_ec.tsv,s3://amili-global-archive/SHOTGUN/v3/batch_4.3-97samples/AMD0120201105/humann/AMD0120201105_genefamilies.tsv,s3://amili-global-archive/SHOTGUN/v3/batch_4.3-97samples/AMD0120201105/humann/AMD0120201105_reaction_ko.tsv,,
AML_AMD0120201105,BATCH4-RUN3,,AMDJ-C77X-TT3R,AMD0120,AMD,SHOTGUN,v3,s3://amili-global-archive/SHOTGUN/v3/batch_4/AMD0120201105/kneaddata/AMD0120201105.fastq,s3://amili-global-archive/SHOTGUN/v3/batch_4/AMD0120201105/kneaddata/AMD0120201105_stat.tsv,s3://amili-global-archive/SHOTGUN/v3/batch_4/AMD0120201105/metaphlan/AMD0120201105_metaphlan.tsv,,,,,,
AML_AMD0123201105,BATCH4-RUN3,,AMDJ-PZ9T-BEPH,AMD0123,AMD,SHOTGUN,v3,s3://amili-global-archive/SHOTGUN/v3/batch_4.3-97samples/AMD0123201105/kneaddata/AMD0123201105.fastq,s3://amili-global-archive/SHOTGUN/v3/batch_4.3-97samples/AMD0123201105/kneaddata/AMD0123201105_stat.tsv,s3://amili-global-archive/SHOTGUN/v3/batch_4.3-97samples/AMD0123201105/metaphlan/AMD0123201105_metaphlan.tsv,s3://amili-global-archive/SHOTGUN/v3/batch_4.3-97samples/AMD0123201105/humann/AMD0123201105_pathabundance.tsv,s3://amili-global-archive/SHOTGUN/v3/batch_4.3-97samples/AMD0123201105/humann/AMD0123201105_reaction_ec.tsv,s3://amili-global-archive/SHOTGUN/v3/batch_4.3-97samples/AMD0123201105/humann/AMD0123201105_genefamilies.tsv,s3://amili-global-archive/SHOTGUN/v3/batch_4.3-97samples/AMD0123201105/humann/AMD0123201105_reaction_ko.tsv,,
AML_AMD0123201105,BATCH4-RUN3,,AMDJ-PZ9T-BEPH,AMD0123,AMD,SHOTGUN,v3,s3://amili-global-archive/SHOTGUN/v3/batch_4/AMD0123201105/kneaddata/AMD0123201105.fastq,s3://amili-global-archive/SHOTGUN/v3/batch_4/AMD0123201105/kneaddata/AMD0123201105_stat.tsv,s3://amili-global-archive/SHOTGUN/v3/batch_4/AMD0123201105/metaphlan/AMD0123201105_metaphlan.tsv,s3://amili-global-archive/SHOTGUN/v3/batch_4/AMD0123201105/humann/AMD0123201105_pathabundance.tsv,s3://amili-global-archive/SHOTGUN/v3/batch_4/AMD0123201105/humann/AMD0123201105_reaction_ec.tsv,s3://amili-global-archive/SHOTGUN/v3/batch_4/AMD0123201105/humann/AMD0123201105_genefamilies.tsv,s3://amili-global-archive/SHOTGUN/v3/batch_4/AMD0123201105/humann/AMD0123201105_reaction_ko.tsv,,
AML_AMD0130201105,BATCH4-RUN3,,AMDJ-BMTV-AF94,AMD0130,AMD,SHOTGUN,v3,s3://amili-global-archive/SHOTGUN/v3/batch_4/AMD0130201105/kneaddata/AMD0130201105.fastq,s3://amili-global-archive/SHOTGUN/v3/batch_4/AMD0130201105/kneaddata/AMD0130201105_stat.tsv,s3://amili-global-archive/SHOTGUN/v3/batch_4/AMD0130201105/metaphlan/AMD0130201105_metaphlan.tsv,s3://amili-global-archive/SHOTGUN/v3/batch_4/AMD0130201105/humann/AMD0130201105_pathabundance.tsv,s3://amili-global-archive/SHOTGUN/v3/batch_4/AMD0130201105/humann/AMD0130201105_reaction_ec.tsv,s3://amili-global-archive/SHOTGUN/v3/batch_4/AMD0130201105/humann/AMD0130201105_genefamilies.tsv,s3://amili-global-archive/SHOTGUN/v3/batch_4/AMD0130201105/humann/AMD0130201105_reaction_ko.tsv,,
AML_AMD0161201105,BATCH4-RUN3,,AMDJ-Y7RH-9XRR,AMD0161,AMD,SHOTGUN,v3,s3://amili-global-archive/SHOTGUN/v3/batch_4/AMD0161201105/kneaddata/AMD0161201105.fastq,s3://amili-global-archive/SHOTGUN/v3/batch_4/AMD0161201105/kneaddata/AMD0161201105_stat.tsv,s3://amili-global-archive/SHOTGUN/v3/batch_4/AMD0161201105/metaphlan/AMD0161201105_metaphlan.tsv,,,,,,
AML_AMD0127201105,BATCH4-RUN3,,AMDJ-3UFQ-3W22,AMD0127,AMD,SHOTGUN,v3,s3://amili-global-archive/SHOTGUN/v3/batch_4.3-97samples/AMD0127201105/kneaddata/AMD0127201105.fastq,s3://amili-global-archive/SHOTGUN/v3/batch_4.3-97samples/AMD0127201105/kneaddata/AMD0127201105_stat.tsv,s3://amili-global-archive/SHOTGUN/v3/batch_4.3-97samples/AMD0127201105/metaphlan/AMD0127201105_metaphlan.tsv,s3://amili-global-archive/SHOTGUN/v3/batch_4.3-97samples/AMD0127201105/humann/AMD0127201105_pathabundance.tsv,s3://amili-global-archive/SHOTGUN/v3/batch_4.3-97samples/AMD0127201105/humann/AMD0127201105_reaction_ec.tsv,s3://amili-global-archive/SHOTGUN/v3/batch_4.3-97samples/AMD0127201105/humann/AMD0127201105_genefamilies.tsv,s3://amili-global-archive/SHOTGUN/v3/batch_4.3-97samples/AMD0127201105/humann/AMD0127201105_reaction_ko.tsv,,
AML_AMD0127201105,BATCH4-RUN3,,AMDJ-3UFQ-3W22,AMD0127,AMD,SHOTGUN,v3,s3://amili-global-archive/SHOTGUN/v3/batch_4/AMD0127201105/kneaddata/AMD0127201105.fastq,s3://amili-global-archive/SHOTGUN/v3/batch_4/AMD0127201105/kneaddata/AMD0127201105_stat.tsv,s3://amili-global-archive/SHOTGUN/v3/batch_4/AMD0127201105/metaphlan/AMD0127201105_metaphlan.tsv,,,,,,
AML_AMD0130201105,BATCH4-RUN3,,AMDJ-BMTV-AF94,AMD0130,AMD,SHOTGUN,v3,s3://amili-global-archive/SHOTGUN/v3/batch_4.3-97samples/AMD0130201105/kneaddata/AMD0130201105.fastq,s3://amili-global-archive/SHOTGUN/v3/batch_4.3-97samples/AMD0130201105/kneaddata/AMD0130201105_stat.tsv,s3://amili-global-archive/SHOTGUN/v3/batch_4.3-97samples/AMD0130201105/metaphlan/AMD0130201105_metaphlan.tsv,s3://amili-global-archive/SHOTGUN/v3/batch_4.3-97samples/AMD0130201105/humann/AMD0130201105_pathabundance.tsv,s3://amili-global-archive/SHOTGUN/v3/batch_4.3-97samples/AMD0130201105/humann/AMD0130201105_reaction_ec.tsv,s3://amili-global-archive/SHOTGUN/v3/batch_4.3-97samples/AMD0130201105/humann/AMD0130201105_genefamilies.tsv,s3://amili-global-archive/SHOTGUN/v3/batch_4.3-97samples/AMD0130201105/humann/AMD0130201105_reaction_ko.tsv,,
AML_AMD0133201105,BATCH4-RUN3,,AMDJ-YC7Q-A3WN,AMD0133,AMD,SHOTGUN,v3,s3://amili-global-archive/SHOTGUN/v3/batch_4.3-97samples/AMD0133201105/kneaddata/AMD0133201105.fastq,s3://amili-global-archive/SHOTGUN/v3/batch_4.3-97samples/AMD0133201105/kneaddata/AMD0133201105_stat.tsv,s3://amili-global-archive/SHOTGUN/v3/batch_4.3-97samples/AMD0133201105/metaphlan/AMD0133201105_metaphlan.tsv,s3://amili-global-archive/SHOTGUN/v3/batch_4.3-97samples/AMD0133201105/humann/AMD0133201105_pathabundance.tsv,s3://amili-global-archive/SHOTGUN/v3/batch_4.3-97samples/AMD0133201105/humann/AMD0133201105_reaction_ec.tsv,s3://amili-global-archive/SHOTGUN/v3/batch_4.3-97samples/AMD0133201105/humann/AMD0133201105_genefamilies.tsv,s3://amili-global-archive/SHOTGUN/v3/batch_4.3-97samples/AMD0133201105/humann/AMD0133201105_reaction_ko.tsv,,
AML_AMD0133201105,BATCH4-RUN3,,AMDJ-YC7Q-A3WN,AMD0133,AMD,SHOTGUN,v3,s3://amili-global-archive/SHOTGUN/v3/batch_4/AMD0133201105/kneaddata/AMD0133201105.fastq,s3://amili-global-archive/SHOTGUN/v3/batch_4/AMD0133201105/kneaddata/AMD0133201105_stat.tsv,s3://amili-global-archive/SHOTGUN/v3/batch_4/AMD0133201105/metaphlan/AMD0133201105_metaphlan.tsv,s3://amili-global-archive/SHOTGUN/v3/batch_4/AMD0133201105/humann/AMD0133201105_pathabundance.tsv,s3://amili-global-archive/SHOTGUN/v3/batch_4/AMD0133201105/humann/AMD0133201105_reaction_ec.tsv,s3://amili-global-archive/SHOTGUN/v3/batch_4/AMD0133201105/humann/AMD0133201105_genefamilies.tsv,s3://amili-global-archive/SHOTGUN/v3/batch_4/AMD0133201105/humann/AMD0133201105_reaction_ko.tsv,,
AML_AMD0134201105,BATCH4-RUN3,,AMDJ-64K4-X5SV,AMD0134,AMD,SHOTGUN,v3,s3://amili-global-archive/SHOTGUN/v3/batch_4.3-97samples/AMD0134201105/kneaddata/AMD0134201105.fastq,s3://amili-global-archive/SHOTGUN/v3/batch_4.3-97samples/AMD0134201105/kneaddata/AMD0134201105_stat.tsv,s3://amili-global-archive/SHOTGUN/v3/batch_4.3-97samples/AMD0134201105/metaphlan/AMD0134201105_metaphlan.tsv,s3://amili-global-archive/SHOTGUN/v3/batch_4.3-97samples/AMD0134201105/humann/AMD0134201105_pathabundance.tsv,s3://amili-global-archive/SHOTGUN/v3/batch_4.3-97samples/AMD0134201105/humann/AMD0134201105_reaction_ec.tsv,s3://amili-global-archive/SHOTGUN/v3/batch_4.3-97samples/AMD0134201105/humann/AMD0134201105_genefamilies.tsv,s3://amili-global-archive/SHOTGUN/v3/batch_4.3-97samples/AMD0134201105/humann/AMD0134201105_reaction_ko.tsv,,
AML_AMD0134201105,BATCH4-RUN3,,AMDJ-64K4-X5SV,AMD0134,AMD,SHOTGUN,v3,s3://amili-global-archive/SHOTGUN/v3/batch_4/AMD0134201105/kneaddata/AMD0134201105.fastq,s3://amili-global-archive/SHOTGUN/v3/batch_4/AMD0134201105/kneaddata/AMD0134201105_stat.tsv,s3://amili-global-archive/SHOTGUN/v3/batch_4/AMD0134201105/metaphlan/AMD0134201105_metaphlan.tsv,,,,,,
AML_AMD0151201105,BATCH4-RUN3,,AMDJ-2BE6-QXNU,AMD0151,AMD,SHOTGUN,v3,s3://amili-global-archive/SHOTGUN/v3/batch_4/AMD0151201105/kneaddata/AMD0151201105.fastq,s3://amili-global-archive/SHOTGUN/v3/batch_4/AMD0151201105/kneaddata/AMD0151201105_stat.tsv,s3://amili-global-archive/SHOTGUN/v3/batch_4/AMD0151201105/metaphlan/AMD0151201105_metaphlan.tsv,s3://amili-global-archive/SHOTGUN/v3/batch_4/AMD0151201105/humann/AMD0151201105_pathabundance.tsv,s3://amili-global-archive/SHOTGUN/v3/batch_4/AMD0151201105/humann/AMD0151201105_reaction_ec.tsv,s3://amili-global-archive/SHOTGUN/v3/batch_4/AMD0151201105/humann/AMD0151201105_genefamilies.tsv,s3://amili-global-archive/SHOTGUN/v3/batch_4/AMD0151201105/humann/AMD0151201105_reaction_ko.tsv,,
AML_AMD0149201105,BATCH4-RUN3,,AMDJ-5DKA-D9QJ,AMD0149,AMD,SHOTGUN,v3,s3://amili-global-archive/SHOTGUN/v3/batch_4.3-97samples/AMD0149201105/kneaddata/AMD0149201105.fastq,s3://amili-global-archive/SHOTGUN/v3/batch_4.3-97samples/AMD0149201105/kneaddata/AMD0149201105_stat.tsv,s3://amili-global-archive/SHOTGUN/v3/batch_4.3-97samples/AMD0149201105/metaphlan/AMD0149201105_metaphlan.tsv,s3://amili-global-archive/SHOTGUN/v3/batch_4.3-97samples/AMD0149201105/humann/AMD0149201105_pathabundance.tsv,s3://amili-global-archive/SHOTGUN/v3/batch_4.3-97samples/AMD0149201105/humann/AMD0149201105_reaction_ec.tsv,s3://amili-global-archive/SHOTGUN/v3/batch_4.3-97samples/AMD0149201105/humann/AMD0149201105_genefamilies.tsv,s3://amili-global-archive/SHOTGUN/v3/batch_4.3-97samples/AMD0149201105/humann/AMD0149201105_reaction_ko.tsv,,
AML_AMD0149201105,BATCH4-RUN3,,AMDJ-5DKA-D9QJ,AMD0149,AMD,SHOTGUN,v3,s3://amili-global-archive/SHOTGUN/v3/batch_4/AMD0149201105/kneaddata/AMD0149201105.fastq,s3://amili-global-archive/SHOTGUN/v3/batch_4/AMD0149201105/kneaddata/AMD0149201105_stat.tsv,s3://amili-global-archive/SHOTGUN/v3/batch_4/AMD0149201105/metaphlan/AMD0149201105_metaphlan.tsv,,,,,,
AML_AMD0150201105,BATCH4-RUN3,,AMDJ-M49T-FX99,AMD0150,AMD,SHOTGUN,v3,s3://amili-global-archive/SHOTGUN/v3/batch_4.3-97samples/AMD0150201105/kneaddata/AMD0150201105.fastq,s3://amili-global-archive/SHOTGUN/v3/batch_4.3-97samples/AMD0150201105/kneaddata/AMD0150201105_stat.tsv,s3://amili-global-archive/SHOTGUN/v3/batch_4.3-97samples/AMD0150201105/metaphlan/AMD0150201105_metaphlan.tsv,s3://amili-global-archive/SHOTGUN/v3/batch_4.3-97samples/AMD0150201105/humann/AMD0150201105_pathabundance.tsv,s3://amili-global-archive/SHOTGUN/v3/batch_4.3-97samples/AMD0150201105/humann/AMD0150201105_reaction_ec.tsv,s3://amili-global-archive/SHOTGUN/v3/batch_4.3-97samples/AMD0150201105/humann/AMD0150201105_genefamilies.tsv,s3://amili-global-archive/SHOTGUN/v3/batch_4.3-97samples/AMD0150201105/humann/AMD0150201105_reaction_ko.tsv,,
AML_AMD0150201105,BATCH4-RUN3,,AMDJ-M49T-FX99,AMD0150,AMD,SHOTGUN,v3,s3://amili-global-archive/SHOTGUN/v3/batch_4/AMD0150201105/kneaddata/AMD0150201105.fastq,s3://amili-global-archive/SHOTGUN/v3/batch_4/AMD0150201105/kneaddata/AMD0150201105_stat.tsv,s3://amili-global-archive/SHOTGUN/v3/batch_4/AMD0150201105/metaphlan/AMD0150201105_metaphlan.tsv,,,,,,
AML_AMD0151201105,BATCH4-RUN3,,AMDJ-2BE6-QXNU,AMD0151,AMD,SHOTGUN,v3,s3://amili-global-archive/SHOTGUN/v3/batch_4.3-97samples/AMD0151201105/kneaddata/AMD0151201105.fastq,s3://amili-global-archive/SHOTGUN/v3/batch_4.3-97samples/AMD0151201105/kneaddata/AMD0151201105_stat.tsv,s3://amili-global-archive/SHOTGUN/v3/batch_4.3-97samples/AMD0151201105/metaphlan/AMD0151201105_metaphlan.tsv,s3://amili-global-archive/SHOTGUN/v3/batch_4.3-97samples/AMD0151201105/humann/AMD0151201105_pathabundance.tsv,s3://amili-global-archive/SHOTGUN/v3/batch_4.3-97samples/AMD0151201105/humann/AMD0151201105_reaction_ec.tsv,s3://amili-global-archive/SHOTGUN/v3/batch_4.3-97samples/AMD0151201105/humann/AMD0151201105_genefamilies.tsv,s3://amili-global-archive/SHOTGUN/v3/batch_4.3-97samples/AMD0151201105/humann/AMD0151201105_reaction_ko.tsv,,
AML_AMD0154201105,BATCH4-RUN3,,AMDJ-FBWA-ZPRD,AMD0154,AMD,SHOTGUN,v3,s3://amili-global-archive/SHOTGUN/v3/batch_4.3-97samples/AMD0154201105/kneaddata/AMD0154201105.fastq,s3://amili-global-archive/SHOTGUN/v3/batch_4.3-97samples/AMD0154201105/kneaddata/AMD0154201105_stat.tsv,s3://amili-global-archive/SHOTGUN/v3/batch_4.3-97samples/AMD0154201105/metaphlan/AMD0154201105_metaphlan.tsv,s3://amili-global-archive/SHOTGUN/v3/batch_4.3-97samples/AMD0154201105/humann/AMD0154201105_pathabundance.tsv,s3://amili-global-archive/SHOTGUN/v3/batch_4.3-97samples/AMD0154201105/humann/AMD0154201105_reaction_ec.tsv,s3://amili-global-archive/SHOTGUN/v3/batch_4.3-97samples/AMD0154201105/humann/AMD0154201105_genefamilies.tsv,s3://amili-global-archive/SHOTGUN/v3/batch_4.3-97samples/AMD0154201105/humann/AMD0154201105_reaction_ko.tsv,,
AML_AMD0154201105,BATCH4-RUN3,,AMDJ-FBWA-ZPRD,AMD0154,AMD,SHOTGUN,v3,s3://amili-global-archive/SHOTGUN/v3/batch_4/AMD0154201105/kneaddata/AMD0154201105.fastq,s3://amili-global-archive/SHOTGUN/v3/batch_4/AMD0154201105/kneaddata/AMD0154201105_stat.tsv,s3://amili-global-archive/SHOTGUN/v3/batch_4/AMD0154201105/metaphlan/AMD0154201105_metaphlan.tsv,,,,,,
AML_AMD0155201105,BATCH4-RUN3,,AMDJ-3393-MGQ2,AMD0155,AMD,SHOTGUN,v3,s3://amili-global-archive/SHOTGUN/v3/batch_4.3-97samples/AMD0155201105/kneaddata/AMD0155201105.fastq,s3://amili-global-archive/SHOTGUN/v3/batch_4.3-97samples/AMD0155201105/kneaddata/AMD0155201105_stat.tsv,s3://amili-global-archive/SHOTGUN/v3/batch_4.3-97samples/AMD0155201105/metaphlan/AMD0155201105_metaphlan.tsv,s3://amili-global-archive/SHOTGUN/v3/batch_4.3-97samples/AMD0155201105/humann/AMD0155201105_pathabundance.tsv,s3://amili-global-archive/SHOTGUN/v3/batch_4.3-97samples/AMD0155201105/humann/AMD0155201105_reaction_ec.tsv,s3://amili-global-archive/SHOTGUN/v3/batch_4.3-97samples/AMD0155201105/humann/AMD0155201105_genefamilies.tsv,s3://amili-global-archive/SHOTGUN/v3/batch_4.3-97samples/AMD0155201105/humann/AMD0155201105_reaction_ko.tsv,,
AML_AMD0155201105,BATCH4-RUN3,,AMDJ-3393-MGQ2,AMD0155,AMD,SHOTGUN,v3,s3://amili-global-archive/SHOTGUN/v3/batch_4/AMD0155201105/kneaddata/AMD0155201105.fastq,s3://amili-global-archive/SHOTGUN/v3/batch_4/AMD0155201105/kneaddata/AMD0155201105_stat.tsv,s3://amili-global-archive/SHOTGUN/v3/batch_4/AMD0155201105/metaphlan/AMD0155201105_metaphlan.tsv,s3://amili-global-archive/SHOTGUN/v3/batch_4/AMD0155201105/humann/AMD0155201105_pathabundance.tsv,s3://amili-global-archive/SHOTGUN/v3/batch_4/AMD0155201105/humann/AMD0155201105_reaction_ec.tsv,s3://amili-global-archive/SHOTGUN/v3/batch_4/AMD0155201105/humann/AMD0155201105_genefamilies.tsv,s3://amili-global-archive/SHOTGUN/v3/batch_4/AMD0155201105/humann/AMD0155201105_reaction_ko.tsv,,
AML_AMD0157201105,BATCH4-RUN3,,AMDJ-AWYT-VPU5,AMD0157,AMD,SHOTGUN,v3,s3://amili-global-archive/SHOTGUN/v3/batch_4.3-97samples/AMD0157201105/kneaddata/AMD0157201105.fastq,s3://amili-global-archive/SHOTGUN/v3/batch_4.3-97samples/AMD0157201105/kneaddata/AMD0157201105_stat.tsv,s3://amili-global-archive/SHOTGUN/v3/batch_4.3-97samples/AMD0157201105/metaphlan/AMD0157201105_metaphlan.tsv,s3://amili-global-archive/SHOTGUN/v3/batch_4.3-97samples/AMD0157201105/humann/AMD0157201105_pathabundance.tsv,s3://amili-global-archive/SHOTGUN/v3/batch_4.3-97samples/AMD0157201105/humann/AMD0157201105_reaction_ec.tsv,s3://amili-global-archive/SHOTGUN/v3/batch_4.3-97samples/AMD0157201105/humann/AMD0157201105_genefamilies.tsv,s3://amili-global-archive/SHOTGUN/v3/batch_4.3-97samples/AMD0157201105/humann/AMD0157201105_reaction_ko.tsv,,
AML_AMD0157201105,BATCH4-RUN3,,AMDJ-AWYT-VPU5,AMD0157,AMD,SHOTGUN,v3,s3://amili-global-archive/SHOTGUN/v3/batch_4/AMD0157201105/kneaddata/AMD0157201105.fastq,s3://amili-global-archive/SHOTGUN/v3/batch_4/AMD0157201105/kneaddata/AMD0157201105_stat.tsv,s3://amili-global-archive/SHOTGUN/v3/batch_4/AMD0157201105/metaphlan/AMD0157201105_metaphlan.tsv,,,,,,
AML_AMD0161201105,BATCH4-RUN3,,AMDJ-Y7RH-9XRR,AMD0161,AMD,SHOTGUN,v3,s3://amili-global-archive/SHOTGUN/v3/batch_4.3-97samples/AMD0161201105/kneaddata/AMD0161201105.fastq,s3://amili-global-archive/SHOTGUN/v3/batch_4.3-97samples/AMD0161201105/kneaddata/AMD0161201105_stat.tsv,s3://amili-global-archive/SHOTGUN/v3/batch_4.3-97samples/AMD0161201105/metaphlan/AMD0161201105_metaphlan.tsv,s3://amili-global-archive/SHOTGUN/v3/batch_4.3-97samples/AMD0161201105/humann/AMD0161201105_pathabundance.tsv,s3://amili-global-archive/SHOTGUN/v3/batch_4.3-97samples/AMD0161201105/humann/AMD0161201105_reaction_ec.tsv,s3://amili-global-archive/SHOTGUN/v3/batch_4.3-97samples/AMD0161201105/humann/AMD0161201105_genefamilies.tsv,s3://amili-global-archive/SHOTGUN/v3/batch_4.3-97samples/AMD0161201105/humann/AMD0161201105_reaction_ko.tsv,,
AML_AMD0162201105,BATCH4-RUN3,,AMDJ-TAAW-6RKV,AMD0162,AMD,SHOTGUN,v3,s3://amili-global-archive/SHOTGUN/v3/batch_4.3-97samples/AMD0162201105/kneaddata/AMD0162201105.fastq,s3://amili-global-archive/SHOTGUN/v3/batch_4.3-97samples/AMD0162201105/kneaddata/AMD0162201105_stat.tsv,s3://amili-global-archive/SHOTGUN/v3/batch_4.3-97samples/AMD0162201105/metaphlan/AMD0162201105_metaphlan.tsv,s3://amili-global-archive/SHOTGUN/v3/batch_4.3-97samples/AMD0162201105/humann/AMD0162201105_pathabundance.tsv,s3://amili-global-archive/SHOTGUN/v3/batch_4.3-97samples/AMD0162201105/humann/AMD0162201105_reaction_ec.tsv,s3://amili-global-archive/SHOTGUN/v3/batch_4.3-97samples/AMD0162201105/humann/AMD0162201105_genefamilies.tsv,s3://amili-global-archive/SHOTGUN/v3/batch_4.3-97samples/AMD0162201105/humann/AMD0162201105_reaction_ko.tsv,,
AML_AMD0162201105,BATCH4-RUN3,,AMDJ-TAAW-6RKV,AMD0162,AMD,SHOTGUN,v3,s3://amili-global-archive/SHOTGUN/v3/batch_4/AMD0162201105/kneaddata/AMD0162201105.fastq,s3://amili-global-archive/SHOTGUN/v3/batch_4/AMD0162201105/kneaddata/AMD0162201105_stat.tsv,s3://amili-global-archive/SHOTGUN/v3/batch_4/AMD0162201105/metaphlan/AMD0162201105_metaphlan.tsv,,,,,,
AML_AMD0164201105,BATCH4-RUN3,,AMDJ-YU9W-TWEY,AMD0164,AMD,SHOTGUN,v3,s3://amili-global-archive/SHOTGUN/v3/batch_4.3-97samples/AMD0164201105/kneaddata/AMD0164201105.fastq,s3://amili-global-archive/SHOTGUN/v3/batch_4.3-97samples/AMD0164201105/kneaddata/AMD0164201105_stat.tsv,s3://amili-global-archive/SHOTGUN/v3/batch_4.3-97samples/AMD0164201105/metaphlan/AMD0164201105_metaphlan.tsv,s3://amili-global-archive/SHOTGUN/v3/batch_4.3-97samples/AMD0164201105/humann/AMD0164201105_pathabundance.tsv,s3://amili-global-archive/SHOTGUN/v3/batch_4.3-97samples/AMD0164201105/humann/AMD0164201105_reaction_ec.tsv,s3://amili-global-archive/SHOTGUN/v3/batch_4.3-97samples/AMD0164201105/humann/AMD0164201105_genefamilies.tsv,s3://amili-global-archive/SHOTGUN/v3/batch_4.3-97samples/AMD0164201105/humann/AMD0164201105_reaction_ko.tsv,,
AML_AMD0164201105,BATCH4-RUN3,,AMDJ-YU9W-TWEY,AMD0164,AMD,SHOTGUN,v3,s3://amili-global-archive/SHOTGUN/v3/batch_4/AMD0164201105/kneaddata/AMD0164201105.fastq,s3://amili-global-archive/SHOTGUN/v3/batch_4/AMD0164201105/kneaddata/AMD0164201105_stat.tsv,s3://amili-global-archive/SHOTGUN/v3/batch_4/AMD0164201105/metaphlan/AMD0164201105_metaphlan.tsv,,,,,,
